code,name,name_ascii,state
OQU,Aaron,Aaron,GA
AA7,Aaronsburg,Aaronsburg,PA
ABB,Abbeville,Abbeville,AL
UAB,Abbeville,Abbeville,LA
AV4,Abbeville,Abbeville,MS
ABF,Abbeville,Abbeville,SC
A8B,Abbot,Abbot,ME
ABD,Abbotsford,Abbotsford,WI
9AB,Abbott,Abbott,TX
ABJ,Abbott Park,Abbott Park,IL
AQW,Abbottstown,Abbottstown,PA
A4B,Abbyville,Abbyville,KS
AC8,Abercrombie,Abercrombie,ND
APD,Aberdeen,Aberdeen,ID
ABK,Aberdeen,Aberdeen,KY
APG,Aberdeen,Aberdeen,MD
AEK,Aberdeen,Aberdeen,MS
UAE,Aberdeen,Aberdeen,NC
AB3,Aberdeen,Aberdeen,NJ
AHD,Aberdeen,Aberdeen,OH
XBA,Aberdeen,Aberdeen,SC
ABR,Aberdeen,Aberdeen,SD
GHR,Aberdeen,Aberdeen,WA
AN7,Aberdin,Aberdin,NC
UAF,Abernathy,Abernathy,TX
ABZ,Abilene,Abilene,KS
ABI,Abilene,Abilene,TX
ABG,Abingdon,Abingdon,IL
NGD,Abingdon,Abingdon,MD
VJI,Abingdon,Abingdon,VA
UUM,Abington,Abington,MA
AP3,Abington,Abington,PA
AQ2,Abiquiu,Abiquiu,NM
TPG,Abita Springs,Abita Springs,LA
QYA,Abrams,Abrams,WI
ACX,Absecon,Absecon,NJ
AA4,Acampo,Acampo,CA
AJT,Accident,Accident,MD
JOK,Accokeek,Accokeek,MD
AQC,Accomac,Accomac,VA
A8C,Accord,Accord,MA
AC9,Accord,Accord,NY
ACR,Ackerman,Ackerman,GA
UAG,Ackerman,Ackerman,MS
AKY,Ackley,Ackley,IA
DMF,Acme,Acme,MI
QZA,Acme,Acme,WA
QCA,Acra,Acra,NY
AXJ,Acton,Acton,CA
T5C,Acton,Acton,IN
UAH,Acton,Acton,MA
8ON,Acton,Acton,ME
TZO,Acton,Acton,TX
KUS,Acushnet,Acushnet,MA
AWR,Acworth,Acworth,GA
6WT,Acworth,Acworth,NH
ADZ,Ada,Ada,MI
DD2,Ada,Ada,MN
AJJ,Ada,Ada,OH
ADT,Ada,Ada,OK
A59,Adair,Adair,IA
2AR,Adair,Adair,OK
ADV,Adairsville,Adairsville,GA
AD3,Adairville,Adairville,KY
AXK,Adak,Adak,AK
ADK,Adak Island/Adak Apt,Adak Island/Adak Apt,AK
UAN,Adams,Adams,MA
UAT,Adams,Adams,OR
AKM,Adams,Adams,TN
AZM,Adams,Adams,WI
ADH,Adams Center,Adams Center,NY
YP2,Adams City,Adams City,CO
UAJ,Adams Run,Adams Run,SC
DST,Adamston,Adamston,WV
AN6,Adamstown,Adamstown,MD
AEJ,Adamstown,Adamstown,PA
6LA,Adamsville,Adamsville,AL
UAM,Adamsville,Adamsville,TN
ADD,Addis,Addis,LA
ADS,Addison,Addison,AL
UAP,Addison,Addison,IL
IAB,Addison,Addison,ME
YAI,Addison,Addison,MI
XDS,Addison,Addison,NY
ADX,Addison,Addison,OH
QDS,Addison,Addison,PA
DDX,Addison,Addison,TX
UAS,Addyston,Addyston,OH
ADE,Adel,Adel,GA
ZAE,Adel,Adel,IA
ADU,Adelanto,Adelanto,CA
AJD,Adell,Adell,WI
A9D,Adelphi,Adelphi,MD
AHP,Adelphia,Adelphia,NJ
AGE,Adger,Adger,AL
RZU,Adkins,Adkins,TX
ADG,Adrian,Adrian,MI
AI4,Adrian,Adrian,MN
AQA,Adrian,Adrian,OH
UAO,Adrian,Adrian,OR
AD9,Adrian,Adrian,PA
5AN,Adrian,Adrian,TX
DIA,Adrian,Adrian,WI
AR8,Adrian,Adrian,WV
A2D,Advance,Advance,IN
AVX,Advance,Advance,MO
UAR,Advance,Advance,NC
AFF,Affton,Affton,MO
AFK,Afognak,Afognak,AK
AF5,Afton,Afton,IA
AF9,Afton,Afton,MI
FJT,Afton,Afton,MN
AS7,Afton,Afton,OK
AFT,Afton,Afton,TN
AFQ,Afton,Afton,VA
AFO,Afton,Afton,WY
XBL,Agawam,Agawam,MA
UAX,Agoura,Agoura,CA
AGH,Agoura Hills,Agoura Hills,CA
A2G,Agua Dulce,Agua Dulce,CA
T7X,Agua Dulce,Agua Dulce,TX
GKG,Aguanga,Aguanga,CA
AHE,Ahoskie,Ahoskie,NC
AH2,Ahsahka,Ahsahka,ID
AIE,Aiea (Oahu),Aiea (Oahu),HI
AIK,Aiken,Aiken,SC
YAY,Ailey,Ailey,GA
AW2,Ainsworth,Ainsworth,NE
A2M,Airmont,Airmont,NY
AYH,Airway Heights,Airway Heights,WA
KN9,Aitkin,Aitkin,MN
AJ9,Ajo,Ajo,AZ
AKQ,Akers,Akers,LA
AKK,Akhiok,Akhiok,AK
KKI,Akiachak,Akiachak,AK
AKI,Akiak,Akiak,AK
AKO,Akron,Akron,CO
AK5,Akron,Akron,IA
AKC,Akron,Akron,IN
AKA,Akron,Akron,MI
AKR,Akron,Akron,NY
AKH,Akron,Akron,OH
ARN,Akron,Akron,PA
KQA,Akutan,Akutan,AK
A9L,Alabama,Alabama,NY
ZAC,Alabama City,Alabama City,AL
AA2,Alabama Pt.,Alabama Pt.,AL
LBA,Alabaster,Alabaster,AL
AHU,Alachua,Alachua,FL
DNJ,Aladdin,Aladdin,WY
AUK,Alakanuk,Alakanuk,AK
AMC,Alamance,Alamance,NC
NGZ,Alameda,Alameda,CA
UBB,Alamo,Alamo,CA
AM8,Alamo,Alamo,NV
AMT,Alamo,Alamo,TN
AMO,Alamo,Alamo,TX
ALM,Alamogordo,Alamogordo,NM
ALS,Alamosa,Alamosa,CO
YAN,Alanson,Alanson,MI
TLB,Alba,Alba,MI
XAB,Alba,Alba,TX
ALA,Albany,Albany,CA
ABY,Albany,Albany,GA
AJB,Albany,Albany,IL
AB5,Albany,Albany,IN
AY9,Albany,Albany,KY
A7Y,Albany,Albany,LA
AL2,Albany,Albany,MN
5BN,Albany,Albany,MO
ALB,Albany,Albany,NY
UBA,Albany,Albany,OH
AYK,Albany,Albany,OR
UBE,Albany,Albany,TX
AYX,Albany,Albany,VT
AYW,Albany,Albany,WI
AB2,Albany,Albany,WY
CVO,Albany-Corvallis Apt,Albany-Corvallis Apt,OR
UAD,Albemarle,Albemarle,NC
LXR,Albers,Albers,IL
AEL,Albert Lea,Albert Lea,MN
A8A,Alberta,Alberta,AL
OBQ,Albertson,Albertson,NY
ABV,Albertville,Albertville,AL
ALV,Albertville,Albertville,MN
AL6,Albia,Albia,IA
AQI,Albin,Albin,WY
AB7,Albion,Albion,IA
AN5,Albion,Albion,ID
AOB,Albion,Albion,IL
YAB,Albion,Albion,IN
AO7,Albion,Albion,ME
AOX,Albion,Albion,MI
AB8,Albion,Albion,NE
AON,Albion,Albion,NY
AB4,Albion (Erie County),Albion (Erie County),PA
AO9,Alborn,Alborn,MN
QQE,Albright,Albright,WV
AB6,Albrightsville,Albrightsville,PA
ABQ,Albuquerque,Albuquerque,NM
ALR,Alburg,Alburg,VT
EUZ,Alburnett,Alburnett,IA
ALU,Alburtis,Alburtis,PA
AC5,Alcade,Alcade,NM
XAC,Alcalde,Alcalde,NM
ZAK,Alcan,Alcan,AK
ALJ,Alcester,Alcester,SD
ACO,Alcoa,Alcoa,TN
AD4,Alda,Alda,NE
2AD,Aldan,Aldan,PA
EDH,Alden,Alden,IA
DNF,Alden,Alden,MN
YLF,Alden,Alden,NY
A75,Alder,Alder,MT
AL7,Aldie,Aldie,VA
AD8,Aldine,Aldine,TX
AD5,Aledo,Aledo,IL
AQD,Aledo,Aledo,TX
WKK,Aleknagik,Aleknagik,AK
AED,Aleneva,Aleneva,AK
YAX,Alexander,Alexander,AR
AEX,Alexander,Alexander,IA
ZXA,Alexander,Alexander,IL
AKX,Alexander,Alexander,ND
A37,Alexander,Alexander,NY
ALX,Alexander City,Alexander City,AL
AXD,Alexandria,Alexandria,IN
AXP,Alexandria,Alexandria,KY
ESF,Alexandria,Alexandria,LA
AXN,Alexandria,Alexandria,MN
AXY,Alexandria,Alexandria,MO
AZ4,Alexandria,Alexandria,OH
AXA,Alexandria,Alexandria,PA
XAA,Alexandria,Alexandria,TN
AXR,Alexandria,Alexandria,VA
AXB,Alexandria Bay,Alexandria Bay,NY
LEV,Alexis,Alexis,IL
5G3,Alexis,Alexis,NC
A74,Alford,Alford,MA
AFE,Alfred,Alfred,ME
QAF,Alfred,Alfred,NY
AFS,Alfred Station,Alfred Station,NY
AQG,Alger,Alger,MI
AJE,Alger,Alger,OH
UAY,Algiers,Algiers,LA
QGD,Algodones,Algodones,NM
AMZ,Algoma,Algoma,MS
QAG,Algoma,Algoma,WI
AXG,Algona,Algona,IA
UBJ,Algona,Algona,WA
ALG,Algonac,Algonac,MI
AGQ,Algonquin,Algonquin,IL
YAG,Algood,Algood,TN
ALH,Alhambra,Alhambra,CA
ALI,Alice,Alice,TX
AIV,Aliceville,Aliceville,AL
ACA,Alicia,Alicia,MI
3AF,Alief,Alief,TX
AQP,Aliquippa,Aliquippa,PA
AVJ,Aliso Viejo,Aliso Viejo,CA
ALZ,Alitak,Alitak,AK
AET,Allakaket,Allakaket,AK
UOY,Allamuchy,Allamuchy,NJ
A3A,Alledonia,Alledonia,OH
ALL,Allegan,Allegan,MI
NYZ,Allegany,Allegany,NY
UBP,Allegheny,Allegheny,PA
AG3,Allegheny County Apt/Pittsburgh,Allegheny County Apt/Pittsburgh,PA
AQ9,Allen,Allen,KY
AN2,Allen,Allen,MI
A3N,Allen,Allen,OK
XAL,Allen,Allen,TX
APK,Allen Park,Allen Park,MI
GKE,Allendale,Allendale,MI
UAZ,Allendale,Allendale,NJ
EDL,Allendale,Allendale,SC
NUS,Allenhurst,Allenhurst,NJ
AJP,Allenport,Allenport,PA
ATX,Allenstown,Allenstown,NH
A4V,Allensville,Allensville,PA
AWF,Allensworth,Allensworth,CA
QWU,Allenton,Allenton,NC
ZAG,Allenton,Allenton,WI
AEW,Allentown,Allentown,NJ
AWN,Allentown,Allentown,PA
AT2,"Allentown, Allegany","Allentown, Allegany",NY
AWO,Allenwood,Allenwood,NJ
AZW,Allenwood,Allenwood,PA
ALT,Allerton,Allerton,IA
9AT,Alleyton,Alleyton,TX
AL3,Alliance,Alliance,LA
AIA,Alliance,Alliance,NE
AIH,Alliance,Alliance,OH
IXS,Allison,Allison,TX
ALK,Allison Park,Allison Park,PA
AOY,Alloy,Alloy,WV
XBE,Allston,Allston,MA
AY3,Allyn,Allyn,WA
RAA,Alma,Alma,AR
AM2,Alma,Alma,CO
AMQ,Alma,Alma,GA
AM6,Alma,Alma,KS
AMN,Alma,Alma,MI
XAM,Alma,Alma,WI
N6A,Almena,Almena,WI
AO5,Almond,Almond,WI
ATJ,Almont,Almont,MI
8AL,Alna,Alna,ME
AHA,Aloha,Aloha,OR
ZON,Alorton,Alorton,IL
A3P,Alpaugh,Alpaugh,CA
APN,Alpena,Alpena,MI
A4P,Alpena,Alpena,SD
AJQ,Alpha,Alpha,IL
APA,Alpha,Alpha,NJ
ALP,Alpha,Alpha,OH
AAI,Alpharetta,Alpharetta,GA
APL,Alpine,Alpine,AL
APY,Alpine,Alpine,NJ
ALE,Alpine,Alpine,TX
AP2,Alpine,Alpine,UT
AP5,Alpine,Alpine,WY
AWU,Alpine Meadows,Alpine Meadows,CA
ZJI,"Alpine, Los Angeles","Alpine, Los Angeles",CA
JIN,"Alpine, San Diego","Alpine, San Diego",CA
AEN,Alsen,Alsen,NY
AY4,Alsey,Alsey,IL
UBC,Alsip,Alsip,IL
AFA,Alstead,Alstead,NH
AJL,Alta,Alta,CA
W82,Alta,Alta,IA
XBO,Alta,Alta,UT
TUU,Alta,Alta,WY
TAJ,Alta Loma,Alta Loma,CA
AJM,Alta Loma,Alta Loma,TX
AV3,Alta Vista,Alta Vista,KS
AZA,Altadena,Altadena,CA
UBD,Altamahaw,Altamahaw,NC
AZN,Altamont,Altamont,IL
A7L,Altamont,Altamont,KS
ZTM,Altamont,Altamont,NY
AM7,Altamont,Altamont,TN
TMO,Altamont,Altamont,UT
ASP,Altamonte Springs,Altamonte Springs,FL
PSQ,Altapass,Altapass,NC
ATV,Altavista,Altavista,VA
GUA,Altenburg,Altenburg,MO
A7H,Altha,Altha,FL
TMR,Altheimer,Altheimer,AR
AOQ,Alto,Alto,GA
AO2,Alto,Alto,MI
YW9,Alto,Alto,TX
ALN,Alton,Alton,IL
A4L,Alton,Alton,MO
KLQ,Alton,Alton,NY
ONB,Alton,Alton,VA
A7B,Alton Bay,Alton Bay,NH
AZQ,Altoona,Altoona,FL
NOF,Altoona,Altoona,IA
AOO,Altoona,Altoona,PA
AZP,Altoona,Altoona,WI
AXU,Altura,Altura,MN
ZIF,Alturas,Alturas,CA
AZX,Altus,Altus,AR
LTS,Altus,Altus,OK
QAB,Alum Bank,Alum Bank,PA
AZT,Alum Rock,Alum Rock,CA
ALF,Alva,Alva,FL
XAK,Alva,Alva,OK
AV6,Alva,Alva,WY
AV8,Alvada,Alvada,OH
AZB,Alvarado,Alvarado,CA
AR2,Alvarado,Alvarado,MN
ZAD,Alvarado,Alvarado,TX
A2T,Alvaton,Alvaton,GA
AZC,Alvin,Alvin,TX
AZD,Alviso,Alviso,CA
6AV,Alvord,Alvord,IA
AV5,Alvordton,Alvordton,OH
AQY,Alyeska,Alyeska,AK
A5S,Alys Beach,Alys Beach,FL
AMD,Ama,Ama,LA
AZ6,Amado,Amado,AZ
AA6,Amador,Amador,IA
AMF,Amagansett,Amagansett,NY
UBG,Amana,Amana,IA
AP4,Amanda Park,Amanda Park,WA
AGY,Amargosa Valley,Amargosa Valley,NV
AMA,Amarillo,Amarillo,TX
AMM,Amasa,Amasa,MI
2AA,Ambia,Ambia,IN
ABL,Ambler,Ambler,AK
AMR,Ambler,Ambler,PA
OPP,Amboy,Amboy,CA
AMY,Amboy,Amboy,IL
A72,Amboy,Amboy,WA
UBF,Ambridge,Ambridge,PA
SBR,Ambrose,Ambrose,GA
AMB,Ambrose,Ambrose,ND
QHH,Ambrose Channel Light,Ambrose Channel Light,NJ
AHT,Amchitka,Amchitka,AK
AEI,Amelia,Amelia,LA
OHM,Amelia,Amelia,OH
XXS,Amelia,Amelia,TX
AML,Amelia,Amelia,VA
ALC,Amelia City,Amelia City,FL
AD6,Amelia Island,Amelia Island,FL
ACY,American Canyon,American Canyon,CA
YAF,American Falls,American Falls,ID
ZAF,American Fork,American Fork,UT
AMU,Americus,Americus,GA
AHH,Amery,Amery,WI
AMW,Ames,Ames,IA
A7K,Ames,Ames,OK
QEA,Ames,Ames,TX
AMX,Amesbury,Amesbury,MA
YAM,Amherst,Amherst,MA
7AH,Amherst,Amherst,ME
UBI,Amherst,Amherst,NH
AMH,Amherst,Amherst,NY
ZAH,Amherst,Amherst,OH
ZAM,Amherst,Amherst,SD
XSF,Amherst,Amherst,TX
AHR,Amherst,Amherst,VA
XWI,Amherst,Amherst,WI
A78,Amissville,Amissville,VA
UBH,Amite,Amite,LA
IY3,Amity,Amity,AR
AMJ,Amity,Amity,OR
AYZ,Amityville,Amityville,NY
AM9,Amlin,Amlin,OH
AM5,Ammon,Ammon,ID
AOS,Amook,Amook,AK
ARY,Amory,Amory,MS
XBD,Ampthill,Ampthill,VA
774,Amsterdam,Amsterdam,MO
AMS,Amsterdam,Amsterdam,NY
A4N,Anaconda,Anaconda,MT
OTS,Anacortes,Anacortes,WA
NDV,Anacostia,Anacostia,DC
NKO,Anadarko,Anadarko,OK
ANA,Anaheim,Anaheim,CA
A79,Anahola,Anahola,HI
AQH,Anahuac,Anahuac,TX
AKP,Anaktuvuk,Anaktuvuk,AK
A56,Analomink,Analomink,PA
AQF,Anamoose,Anamoose,ND
AAB,Anamosa,Anamosa,IA
ACP,Anchor Point,Anchor Point,AK
ANC,Anchorage,Anchorage,AK
AHF,Anchorville,Anchorville,MI
ACQ,Ancram,Ancram,NY
A3D,Andale,Andale,KS
ADL,Andalusia,Andalusia,AL
USQ,Andalusia,Andalusia,IL
ANE,Anderson,Anderson,AL
HJG,Anderson,Anderson,CA
AID,Anderson,Anderson,IN
ANO,Anderson,Anderson,MO
NDE,Anderson,Anderson,NY
DQO,Anderson,Anderson,OH
AND,Anderson,Anderson,SC
9AN,Anderson,Anderson,TX
AEQ,Anderson City,Anderson City,GA
UBK,Andersonville,Andersonville,GA
AOZ,Andersonville,Andersonville,TN
AJS,Andes,Andes,NY
6VR,Andover,Andover,CT
AXZ,Andover,Andover,KS
ANR,Andover,Andover,MA
AD7,Andover,Andover,MN
T3G,Andover,Andover,NH
AN9,Andover,Andover,NJ
AN8,Andover,Andover,NY
AR3,Andover,Andover,OH
AJR,Andover,Andover,SD
ANU,Andrade,Andrade,CA
DGQ,Andreas,Andreas,PA
ANF,Andrews,Andrews,IN
AGM,Andrews,Andrews,NC
ADR,Andrews,Andrews,SC
UBO,Andrews,Andrews,TX
AS3,Andrews AFB,Andrews AFB,MD
AXX,Angel Fire,Angel Fire,NM
A2O,Angeles Oaks,Angeles Oaks,CA
AJC,Angelica,Angelica,NY
4NV,Angels Camp,Angels Camp,CA
ANG,Angier,Angier,NC
AGX,Angleton,Angleton,TX
ANQ,Angola,Angola,IN
ZAI,Angola,Angola,LA
ANH,Angola,Angola,NY
AGN,Angoon,Angoon,AK
RFK,Anguilla,Anguilla,MS
AWG,Angwin,Angwin,CA
ANI,Aniak,Aniak,AK
AM3,Animas,Animas,NM
NAJ,Anita,Anita,IA
AIB,Anita Bay,Anita Bay,AK
AKE,Ankeny,Ankeny,IA
ANM,Anmoore,Anmoore,WV
ARB,Ann Arbor,Ann Arbor,MI
YRU,Anna,Anna,IL
NNA,Anna,Anna,OH
BK6,Anna,Anna,TX
8NN,Anna Maria,Anna Maria,FL
XAT,Annandale,Annandale,MN
A7N,Annandale,Annandale,NJ
AJA,Annandale,Annandale,VA
DHD,Annandale-on-Hudson,Annandale-on-Hudson,NY
ANP,Annapolis,Annapolis,MD
AM4,Annapolis,Annapolis,MO
QAJ,Annapolis Junction,Annapolis Junction,MD
ANN,Annette Island,Annette Island,AK
NQH,Annisquam Harbour,Annisquam Harbour,MA
ANB,Anniston,Anniston,AL
NNT,Anniston,Anniston,MO
A5N,Annona,Annona,TX
VVY,Annville,Annville,KY
AIL,Annville,Annville,PA
ANK,Anoka,Anoka,MN
O9N,Anson,Anson,ME
A4S,Anson,Anson,TX
AQZ,Ansonia,Ansonia,CT
ANS,Ansonia,Ansonia,OH
VFR,Ansonville,Ansonville,NC
QTP,Antelope,Antelope,CA
AJH,Anthem,Anthem,AZ
AT7,Anthony,Anthony,FL
ANY,Anthony,Anthony,KS
TNY,Anthony,Anthony,NM
UBM,Anthony,Anthony,TX
UBN,Antigo,Antigo,WI
ANZ,Antioch,Antioch,CA
TIH,Antioch,Antioch,IL
TIO,Antioch,Antioch,TN
ANT,Antler,Antler,ND
ATE,Antlers,Antlers,OK
ANX,Antonia,Antonia,MO
ZJK,Antonito,Antonito,CO
AH3,Antrim,Antrim,NH
A6N,Antwerp,Antwerp,NY
ZAQ,Antwerp,Antwerp,OH
ANV,Anvik,Anvik,AK
AKG,Anza,Anza,CA
A77,Apache,Apache,OK
APJ,Apache Junction,Apache Junction,AZ
AAF,Apalachicola,Apalachicola,FL
API,Apalachin,Apalachin,NY
APX,Apex,Apex,NC
ZAP,Apollo,Apollo,PA
ZAB,Apollo Beach,Apollo Beach,FL
AOP,Apopka,Apopka,FL
XAV,Appalachia,Appalachia,VA
APQ,Apple Creek,Apple Creek,OH
XAU,Apple Grove,Apple Grove,WV
APV,Apple Valley,Apple Valley,CA
YAW,Apple Valley,Apple Valley,MN
APR,Applegarth,Applegarth,NJ
YPL,Applegate,Applegate,OR
APP,Appleton,Appleton,MN
AUP,Appleton,Appleton,NY
ATW,Appleton,Appleton,WI
AP7,Appling,Appling,GA
XAX,Appomattox,Appomattox,VA
APO,Aptos,Aptos,CA
AQO,Aquebogue,Aquebogue,NY
RAB,Arab,Arab,AL
AJF,Arabi,Arabi,GA
AQX,Arabi,Arabi,LA
YGN,Aragon,Aragon,GA
RG4,Aragonite,Aragonite,UT
YAS,Aransas Pass,Aransas Pass,TX
OZP,Arapaho,Arapaho,OK
AAE,Arapahoe,Arapahoe,CO
XRP,Arapahoe,Arapahoe,NE
A2A,Ararat,Ararat,VA
A4A,Arbela,Arbela,MO
AV2,Arbor Vitae,Arbor Vitae,WI
ARU,Arbuckle,Arbuckle,CA
JBM,Arbutus,Arbutus,MD
AYD,Arbyrd,Arbyrd,MO
AC2,Arcade,Arcade,NY
JAR,Arcadia,Arcadia,CA
ARI,Arcadia,Arcadia,FL
JLM,Arcadia,Arcadia,IN
AIQ,Arcadia,Arcadia,LA
JDI,Arcadia,Arcadia,MO
ARZ,Arcadia,Arcadia,SC
ADI,Arcadia,Arcadia,WI
VUM,Arcanum,Arcanum,OH
ACV,Arcata,Arcata,CA
AHB,Archbald,Archbald,PA
ARO,Archbold,Archbold,OH
XAZ,Archdale,Archdale,NC
6AR,Archie,Archie,MO
AKV,Arcola,Arcola,IL
AXL,Arcola,Arcola,IN
XAY,Arcola,Arcola,LA
AR4,Arcola,Arcola,TX
ARC,Arctic Village,Arctic Village,AK
AYY,Arden,Arden,NC
ARH,Arden Hills,Arden Hills,MN
ZAA,Ardena,Ardena,NJ
AR9,Ardmore,Ardmore,AL
ADM,Ardmore,Ardmore,OK
DM6,Ardmore,Ardmore,PA
AME,Ardmore,Ardmore,TN
ADY,Ardsley,Ardsley,NY
4RN,Arena,Arena,WI
ARS,Arenzville,Arenzville,IL
7AR,Argenta,Argenta,IL
XBB,Argo,Argo,IL
AGJ,Argos,Argos,IN
A4R,Argusville,Argusville,ND
JYR,Argyle,Argyle,NY
9AR,Argyle,Argyle,TX
A3Y,Argyle,Argyle,WI
ID7,Arimo,Arimo,ID
IOA,Arion,Arion,IA
A3R,Aristes,Aristes,PA
RIU,Ariton,Ariton,AL
ADA,Arkadelphia,Arkadelphia,AR
ASC,Arkansas City,Arkansas City,AR
ARK,Arkansas City,Arkansas City,KS
KOM,Arkoma,Arkoma,OK
NK7,Arkport,Arkport,NY
XAI,Arlee,Arlee,MT
ARR,Arleta,Arleta,CA
ARL,Arley,Arley,AL
R99,Arlington,Arlington,AL
AGZ,Arlington,Arlington,AZ
ARD,Arlington,Arlington,GA
IGN,Arlington,Arlington,IA
RLG,Arlington,Arlington,IL
IGB,Arlington,Arlington,IN
ZAT,Arlington,Arlington,MA
ARE,Arlington,Arlington,MN
QAR,Arlington,Arlington,NJ
JIG,Arlington,Arlington,NY
ARF,Arlington,Arlington,OR
AGT,Arlington,Arlington,SD
ARJ,Arlington,Arlington,TX
ARP,Arlington,Arlington,VA
XBC,Arlington,Arlington,VT
AZZ,Arlington,Arlington,WA
XBM,Arlington,Arlington,WI
JLH,Arlington Heights,Arlington Heights,IL
AGW,"Arlington, Houston","Arlington, Houston",TN
AT3,"Arlington, Knox","Arlington, Knox",TN
IGT,"Arlington, Shelby","Arlington, Shelby",TN
AAP,Arlington/Baltimore,Arlington/Baltimore,MD
AAK,Armada,Armada,MI
AH9,Armagh,Armagh,PA
AXC,Armonk,Armonk,NY
AXE,Armorel,Armorel,AR
AO3,Armour,Armour,SD
AEZ,Armstrong,Armstrong,IA
ARM,Armuchee,Armuchee,GA
DVZ,Arnaudville,Arnaudville,LA
ZRG,Arnegard,Arnegard,ND
OAR,Arnett,Arnett,OK
YAJ,Arnold,Arnold,CA
AZR,Arnold,Arnold,MD
AXF,Arnold,Arnold,MO
A99,Arnold,Arnold,NE
AQL,Arnold,Arnold,PA
RNR,Arnolds Park,Arnolds Park,IA
4AR,Aroda,Aroda,VA
6AP,Aroma Park,Aroma Park,IL
AQR,Aromas,Aromas,CA
RPI,Arpin,Arpin,WI
AE9,Arrey,Arrey,NM
NGO,Arrington,Arrington,TN
YZA,Arrington,Arrington,VA
AG2,Arroyo Grande,Arroyo Grande,CA
AR6,Arroyo Seco,Arroyo Seco,NM
ATM,Artesia,Artesia,CA
AJI,Artesia,Artesia,MS
ATS,Artesia,Artesia,NM
A2R,Artesia,Artesia,TX
TIZ,Artesian,Artesian,SD
A6T,Arthur,Arthur,IA
AXH,Arthur,Arthur,IL
AC7,Arthur City,Arthur City,TX
AO8,Artois,Artois,CA
XJW,Arundel,Arundel,ME
AVL,Arundel Village,Arundel Village,MD
AVA,Arvada,Arvada,CO
A8V,Arverne,Arverne,NY
AXI,Arvin,Arvin,CA
VZN,Arvonia,Arvonia,VA
AS9,Asbury,Asbury,IA
YB9,Asbury,Asbury,MO
AJU,Asbury,Asbury,NJ
ARX,Asbury Park,Asbury Park,NJ
ASB,"Asbury, Gloucester","Asbury, Gloucester",NJ
ASU,"Asbury, Warren","Asbury, Warren",NJ
EY9,Ascutney,Ascutney,VT
AS8,Ash,Ash,NC
AZF,Ash Flat,Ash Flat,AR
AF8,Ash Fork,Ash Fork,AZ
ZAV,Ash Grove,Ash Grove,MO
AHW,Ashaway,Ashaway,RI
ABN,Ashburn,Ashburn,GA
QAS,Ashburn,Ashburn,VA
HHA,Ashburnham,Ashburnham,MA
4BY,Ashby,Ashby,MA
HBY,Ashby,Ashby,MN
ADN,Ashdown,Ashdown,AR
ASR,Asheboro,Asheboro,NC
XA2,Asherville,Asherville,KS
AEV,Asheville,Asheville,NC
AS5,Ashfield,Ashfield,MA
AF2,Ashford,Ashford,AL
A3F,Ashford,Ashford,CT
9AS,Ashford,Ashford,WV
W24,Ashippun,Ashippun,WI
ASM,Ashkum,Ashkum,IL
ALY,Ashland,Ashland,AL
3AL,Ashland,Ashland,CA
7AI,Ashland,Ashland,IL
IZH,Ashland,Ashland,KS
ANL,Ashland,Ashland,KY
ASD,Ashland,Ashland,MA
A47,Ashland,Ashland,ME
8MA,Ashland,Ashland,MI
AHJ,Ashland,Ashland,MO
AXM,Ashland,Ashland,MS
NEX,Ashland,Ashland,NE
AHL,Ashland,Ashland,NH
ASK,Ashland,Ashland,OH
ASI,Ashland,Ashland,OR
XBH,Ashland,Ashland,PA
AYQ,Ashland,Ashland,TN
6TA,Ashland,Ashland,TX
ALD,Ashland,Ashland,VA
ASX,Ashland,Ashland,WI
XBN,Ashland City,Ashland City,TN
HTS,Ashland-Huntington Apt,Ashland-Huntington Apt,WV
AS4,Ashley,Ashley,IL
ESH,Ashley,Ashley,IN
AS6,Ashley,Ashley,MI
ASY,Ashley,Ashley,ND
AHY,Ashley,Ashley,PA
AOH,Ashmore,Ashmore,IL
ASF,Ashtabula,Ashtabula,OH
ASV,Ashton,Ashton,ID
AYA,Ashton,Ashton,IL
XST,Ashton,Ashton,MD
HJT,Ashton,Ashton,NE
AS2,Ashton,Ashton,RI
9AL,Ashville,Ashville,AL
A9S,Ashville,Ashville,NY
ASO,Ashville,Ashville,OH
A22,Ashville,Ashville,PA
AWB,Ashwaubenon,Ashwaubenon,WI
OAX,Asotin,Asotin,WA
ASE,Aspen,Aspen,CO
A3S,Aspermont,Aspermont,TX
UBR,Aspers,Aspers,PA
AI7,Assaria,Assaria,KS
ASJ,Assonet,Assonet,MA
AMP,Assumption,Assumption,IL
AUA,Astatula,Astatula,FL
A8T,Asti,Asti,CA
XBF,Aston,Aston,PA
AT4,Astoria,Astoria,IL
AST,Astoria,Astoria,OR
A9T,Astoria,Astoria,SD
ASA,Astoria/Queens/New York,Astoria/Queens/New York,NY
AFC,Atascadero,Atascadero,CA
AT9,Atascocita,Atascocita,TX
ATQ,Atchison,Atchison,KS
AGL,Atglen,Atglen,PA
THN,Athena,Athena,OR
ATA,Athens,Athens,AL
AHN,Athens,Athens,GA
AZH,Athens,Athens,IL
QAH,Athens,Athens,ME
AN4,Athens,Athens,MI
ATB,Athens,Athens,NY
ATO,Athens,Athens,OH
ATN,Athens,Athens,PA
MMI,Athens,Athens,TN
AWX,Athens,Athens,TX
THZ,Athens,Athens,WI
AT6,Athens,Athens,WV
ATC,Atherton,Atherton,CA
ATD,Athol,Athol,ID
AHO,Athol,Athol,MA
AKB,Atka,Atka,AK
ATF,Atkins,Atkins,AR
AIS,Atkins,Atkins,VA
3AI,Atkinson,Atkinson,IL
ZAS,Atkinson,Atkinson,NC
AN3,Atkinson,Atkinson,NE
TKD,Atkinson,Atkinson,NH
A2N,Atlanta,Atlanta,CA
ATL,Atlanta,Atlanta,GA
AZI,Atlanta,Atlanta,IL
TLN,Atlanta,Atlanta,IN
QJA,Atlanta,Atlanta,MI
QAN,Atlanta,Atlanta,NE
TAT,Atlanta,Atlanta,TX
AIO,Atlantic,Atlantic,IA
AT5,Atlantic,Atlantic,NC
AC6,Atlantic,Atlantic,PA
NIC,Atlantic,Atlantic,VA
QAT,Atlantic Beach,Atlantic Beach,FL
TBH,Atlantic Beach,Atlantic Beach,NC
ZNB,Atlantic Beach,Atlantic Beach,NY
AIY,Atlantic City,Atlantic City,NJ
AHZ,Atlantic Highlands,Atlantic Highlands,NJ
ATP,Atlas Point,Atlas Point,DE
ABW,Atlasburg,Atlasburg,PA
ATT,Atmautluak,Atmautluak,AK
AMK,Atmore,Atmore,AL
AOD,Atoka,Atoka,OK
AK2,Atoka,Atoka,TN
ATK,Atqasuk,Atqasuk,AK
ATR,Atreco,Atreco,TX
AAA,Attalla,Attalla,AL
APS,Attapulgus,Attapulgus,GA
AJZ,Attica,Attica,IL
A2Q,Attica,Attica,IN
IAX,Attica,Attica,KS
AQ7,Attica,Attica,NY
XTC,Attica,Attica,OH
AOM,Attleboro,Attleboro,MA
A6M,Attleboro Falls,Attleboro Falls,MA
ATU,Attu Island,Attu Island,AK
ATZ,Atwater,Atwater,CA
YZY,Atwater,Atwater,MN
ATG,Atwood,Atwood,CA
6AT,Atwood,Atwood,IL
AWD,Atwood,Atwood,KS
XBI,Au Gres,Au Gres,MI
AY8,Aubrey,Aubrey,TX
AUO,Auburn,Auburn,AL
AUN,Auburn,Auburn,CA
XUB,Auburn,Auburn,GA
UUR,Auburn,Auburn,IA
UUN,Auburn,Auburn,IL
AUI,Auburn,Auburn,IN
AU9,Auburn,Auburn,KS
A2U,Auburn,Auburn,KY
ABU,Auburn,Auburn,MA
AUE,Auburn,Auburn,ME
ABM,Auburn,Auburn,MI
QAE,Auburn,Auburn,NE
AB9,Auburn,Auburn,NH
AUB,Auburn,Auburn,NY
5AU,Auburn,Auburn,PA
AUJ,Auburn,Auburn,WA
AUH,Auburn Heights,Auburn Heights,MI
ABH,Auburn Hills,Auburn Hills,MI
AUD,Auburndale,Auburndale,FL
A9U,Auburndale,Auburndale,MA
ZJR,Auburndale,Auburndale,WI
LEW,Auburn-Lewiston Apt,Auburn-Lewiston Apt,ME
A3T,Auburntown,Auburntown,TN
8AC,Auckland,Auckland,CA
AAQ,Audubon,Audubon,PA
TFH,August F. Haw,August F. Haw,CA
AUT,Augusta,Augusta,AR
AGS,Augusta,Augusta,GA
7AU,Augusta,Augusta,IL
T99,Augusta,Augusta,KS
AGU,Augusta,Augusta,KY
AUG,Augusta,Augusta,ME
UUT,Augusta,Augusta,MI
VR9,Augusta,Augusta,MO
AJG,Augusta,Augusta,MT
AU2,Augusta,Augusta,NJ
UDZ,Augusta,Augusta,OH
UUA,Augusta,Augusta,WI
AU7,Augusta,Augusta,WV
VAU,Augusta Springs,Augusta Springs,VA
U9A,Aukum,Aukum,CA
AUY,Aulander,Aulander,NC
AL4,Ault,Ault,CO
UTM,Aultman,Aultman,PA
USV,Aumsville,Aumsville,OR
KAR,Aura,Aura,NJ
AUC,Aurora,Aurora,CO
AUZ,Aurora,Aurora,IL
YAO,Aurora,Aurora,IN
A8U,Aurora,Aurora,ME
QQY,Aurora,Aurora,MN
AUU,Aurora,Aurora,MO
AAN,Aurora,Aurora,NC
AUQ,Aurora,Aurora,NE
AUR,Aurora,Aurora,NY
AUF,Aurora,Aurora,OH
AUX,Aurora,Aurora,OR
UOR,Aurora,Aurora,SD
UOA,Aurora,Aurora,UT
4UR,Aurora,Aurora,WV
AUL,Austell,Austell,GA
AKU,Austin,Austin,AR
NA8,Austin,Austin,AR
ZAW,Austin,Austin,CO
XBJ,Austin,Austin,IN
AUM,Austin,Austin,MN
ASQ,Austin,Austin,NV
AUS,Austin,Austin,TX
ASG,Austinburg,Austinburg,OH
AUV,Austintown,Austintown,OH
JLV,Austinville,Austinville,VA
AGV,Autaugaville,Autaugaville,AL
KYX,Auxier,Auxier,KY
V8X,Auxvasse,Auxvasse,MO
A2V,Ava,Ava,IL
AQB,Ava,Ava,MO
QAV,Ava,Ava,NY
AOU,Avalon,Avalon,CA
AVS,Avalon,Avalon,GA
9AV,Avalon,Avalon,NJ
AVB,Avalon,Avalon,TX
XBK,Avard,Avard,OK
AL9,Avenal,Avenal,CA
AVE,Avenel,Avenel,NJ
AVW,"Avenel/Washington, D.C.","Avenel/Washington, D.C.",MD
AVU,Aventura,Aventura,FL
AV9,Averill Park,Averill Park,NY
A3V,Avery,Avery,CA
AVT,Avery,Avery,TX
AYB,Avery Hill,Avery Hill,IL
AVI,Avery Island,Avery Island,LA
ALQ,Avilla,Avilla,IN
AWJ,Avinger,Avinger,TX
VOC,Avoca,Avoca,IA
A9A,Avoca,Avoca,NE
2AV,Avoca,Avoca,NY
AOC,Avoca,Avoca,PA
AA3,Avoca,Avoca,WI
ANW,Avon,Avon,CO
AVZ,Avon,Avon,CT
VON,Avon,Avon,IL
VAO,Avon,Avon,IN
AVY,Avon,Avon,KY
AVN,Avon,Avon,MA
AVF,Avon,Avon,MN
ZVO,Avon,Avon,NC
AVV,Avon,Avon,NY
AVQ,Avon,Avon,OH
AVC,Avon Lake,Avon Lake,ME
AVK,Avon Lake,Avon Lake,OH
AVO,Avon Park,Avon Park,FL
AVH,Avon-by-the-Sea,Avon-by-the-Sea,NJ
AVG,Avondale,Avondale,AZ
AJW,Avondale,Avondale,CO
AVD,Avondale,Avondale,LA
AFB,Avondale,Avondale,PA
AVM,Avonmore,Avonmore,PA
AWW,Awendaw,Awendaw,SC
AXS,Axis,Axis,AL
AX3,Axson,Axson,GA
AX4,Axtell,Axtell,NE
VXT,Axtell,Axtell,UT
AXO,Axton,Axton,VA
YEN,Ayden,Ayden,NC
AER,Ayer,Ayer,MA
AYR,Ayersville,Ayersville,GA
AYT,Aylett,Aylett,VA
AY2,Aynor,Aynor,SC
ZKK,Azalea Park,Azalea Park,FL
AZL,Azle,Azle,TX
ZZT,Aztec,Aztec,NM
AZU,Azusa,Azusa,CA
2BB,Babbitt,Babbitt,MN
BAK,Babcock,Babcock,WI
BBY,Babylon,Babylon,NY
BF9,Bacliff,Bacliff,TX
BO5,Baconton,Baconton,GA
BQV,Bacova,Bacova,VA
BAA,Bad Axe,Bad Axe,MI
BAE,Baden,Baden,PA
BAN,Badin,Badin,NC
BGT,Bagdad,Bagdad,AZ
BAG,Bagdad,Bagdad,PA
XAG,Bagley,Bagley,IA
GAJ,Bagley,Bagley,MN
B7M,Bahama,Bahama,NC
YB2,Bailey,Bailey,CO
BAI,Bailey,Bailey,MI
BA4,Bailey,Bailey,NC
EYI,Bailey Island,Bailey Island,ME
YBQ,Baileyton,Baileyton,AL
ILY,Baileyville,Baileyville,ME
BGE,Bainbridge,Bainbridge,GA
BCA,Bainbridge,Bainbridge,NY
B8G,Bainbridge,Bainbridge,OH
B9G,Bainbridge,Bainbridge,PA
BII,Bainbridge Island,Bainbridge Island,WA
BJ2,Bairdsville,Bairdsville,NJ
NGH,Baiting Hollow,Baiting Hollow,NY
BA5,Baker,Baker,CA
BKG,Baker,Baker,FL
BKM,Baker,Baker,LA
BK3,Baker,Baker,MT
B2K,Baker,Baker,NV
BKE,Baker,Baker,OR
BK4,Baker City,Baker City,OH
Y9K,Baker City,Baker City,OR
B6H,Baker Hill,Baker Hill,AL
BAR,Baker Island,Baker Island,AK
BFL,Bakersfield,Bakersfield,CA
7BK,Bakersfield,Bakersfield,VT
BKP,Bakerstown,Bakerstown,PA
BE9,Bakersville,Bakersville,NC
KRS,Bakersville,Bakersville,OH
QBZ,Bakewell,Bakewell,TN
FL8,Bal Harbour,Bal Harbour,FL
ZBC,Bala-Cynwyd,Bala-Cynwyd,PA
BAZ,Balboa,Balboa,CA
BPN,Balch Springs,Balch Springs,TX
ZBB,Bald Knob,Bald Knob,AR
BAX,Baldwin,Baldwin,FL
BBJ,Baldwin,Baldwin,GA
ZBN,Baldwin,Baldwin,IL
LDK,Baldwin,Baldwin,LA
AWI,Baldwin,Baldwin,MI
BZQ,Baldwin,Baldwin,ND
BAD,Baldwin,Baldwin,NY
BAQ,Baldwin,Baldwin,SC
ZBW,Baldwin,Baldwin,WI
BZI,Baldwin City,Baldwin City,KS
BWP,Baldwin Park,Baldwin Park,CA
BDV,Baldwinsville,Baldwinsville,NY
AWV,Baldwinville,Baldwinville,MA
BWU,Baldwyn,Baldwyn,MS
BAW,Balfour,Balfour,NC
QAK,Balko,Balko,OK
BA9,Ball,Ball,LA
BBN,Ball Ground,Ball Ground,GA
QLL,Ballard,Ballard,CA
AFY,Ballard/Seattle,Ballard/Seattle,WA
GXD,Ballground,Ballground,MS
B5A,Ballico,Ballico,CA
BLR,Ballinger,Ballinger,TX
BZK,Ballouville,Ballouville,CT
2BY,Ballston Lake,Ballston Lake,NY
BQY,Ballston Spa,Ballston Spa,NY
BLL,Ballwin,Ballwin,MO
BLY,Bally,Bally,PA
XBS,Balmat,Balmat,NY
BA7,Balmorhea,Balmorhea,TX
9BK,Balsam Lake,Balsam Lake,WI
QBM,Baltic,Baltic,CT
QBC,Baltic,Baltic,OH
B7C,Baltic,Baltic,SD
BAL,Baltimore,Baltimore,MD
Z2A,Baltimore,Baltimore,NY
BZB,Baltimore,Baltimore,OH
BWI,Baltimore-Washington Int Apt,Baltimore-Washington Int Apt,MD
BBM,Bamberg,Bamberg,SC
RT2,Bancroft,Bancroft,IA
XRF,Bancroft,Bancroft,ID
FBT,Bancroft,Bancroft,MI
JNF,Bancroft,Bancroft,WI
ZGM,Bandera,Bandera,TX
BDY,Bandon,Bandon,OR
BGR,Bangor,Bangor,ME
BNQ,Bangor,Bangor,MI
QGR,Bangor,Bangor,PA
BG2,Bangor,Bangor,WI
NKS,Banks,Banks,OR
BE2,Banner Elk,Banner Elk,NC
BNG,Banning,Banning,CA
IBI,Bannister,Bannister,MI
BNN,Bannockburn,Bannockburn,IL
YBM,Bantam,Bantam,CT
BHB,Bar Harbor,Bar Harbor,ME
RNI,Bar Nunn,Bar Nunn,WY
XBQ,Baraboo,Baraboo,WI
RGA,Baraga,Baraga,MI
BNF,Baranof,Baranof,AK
NAX,Barbers Point (Oahu),Barbers Point (Oahu),HI
BAT,Barberton,Barberton,OH
BBT,Barbours Cut,Barbours Cut,TX
RUX,Barboursville,Barboursville,VA
BAB,Barboursville,Barboursville,WV
BBZ,Barbourville,Barbourville,KY
BFK,Barclay,Barclay,MD
XCV,Bardstown,Bardstown,KY
B6R,Bargersville,Bargersville,IN
BK9,Barker,Barker,NY
B9K,Barker,Barker,TX
VQL,Barkeyville,Barkeyville,PA
BH5,Barkhamsted,Barkhamsted,CT
ZA2,Barling,Barling,AR
KB5,Barlow,Barlow,KY
BAO,Barlow,Barlow,OH
VM9,Barnard,Barnard,VT
VL3,Barnardsville,Barnardsville,NC
BG7,Barnegat,Barnegat,NJ
B6N,Barnes,Barnes,WI
BAV,Barnesville,Barnesville,GA
B7N,Barnesville,Barnesville,MN
BZC,Barnesville,Barnesville,OH
BV3,Barnesville,Barnesville,PA
BJR,Barnet,Barnet,VT
VDX,Barneveld,Barneveld,WI
BHT,Barnhart,Barnhart,MO
UVB,Barnsdall,Barnsdall,OK
BB6,Barnstable,Barnstable,MA
BA8,Barnstead,Barnstead,NH
B3R,Barnum,Barnum,MN
BNL,Barnwell,Barnwell,SC
Z9B,Baroda,Baroda,MI
9BA,Barrackville,Barrackville,WV
BJE,Barre,Barre,MA
VBR,Barre,Barre,VT
BJA,Barree,Barree,PA
MPV,Barre-Montpelier Apt,Barre-Montpelier Apt,VT
BRQ,Barrington,Barrington,IL
QRG,Barrington,Barrington,NH
BRN,Barrington,Barrington,NJ
BRZ,Barrington,Barrington,RI
YRR,Barron,Barron,WI
BRW,Barrow,Barrow,AK
YRB,Barry,Barry,IL
BZW,Barstow,Barstow,CA
B3S,Barstow,Barstow,TX
BTI,Barter Island,Barter Island,AK
BVO,Bartlesville,Bartlesville,OK
BIJ,Bartlett,Bartlett,IL
BA2,Bartlett,Bartlett,NE
ZLB,Bartlett,Bartlett,NH
BBP,Bartlett,Bartlett,TN
XTX,Bartlett,Bartlett,TX
BSP,Bartlett Springs,Bartlett Springs,CA
BSZ,Bartletts,Bartletts,AK
B34,Bartlettsville,Bartlettsville,IN
JBA,Barto,Barto,PA
AQT,Barton,Barton,AL
OBN,Barton,Barton,AR
9BT,Barton,Barton,OH
8TN,Barton,Barton,VT
PE8,Bartonsville,Bartonsville,PA
BCJ,Bartonville,Bartonville,IL
XB3,Bartonville,Bartonville,TX
BOW,Bartow,Bartow,FL
ABO,Bartow,Bartow,GA
YTJ,Bartow,Bartow,WV
KBW,Barwick,Barwick,GA
ZBS,Basalt,Basalt,CO
B7A,Basalt,Basalt,NV
B4A,Basco,Basco,IL
BSC,Bascom,Bascom,OH
XBR,Basin,Basin,WY
BBS,Basin City,Basin City,WA
QBA,Baskin,Baskin,LA
BSK,Basking Ridge,Basking Ridge,NJ
B6M,Basom,Basom,NY
9HA,Bass Harbor,Bass Harbor,ME
BAC,Bassett,Bassett,CA
BB9,Bassett,Bassett,NE
BSS,Bassett,Bassett,VA
BD4,Bassfield,Bassfield,MS
BCP,Bastian,Bastian,VA
BAS,Bastrop,Bastrop,LA
ZBP,Bastrop,Bastrop,TX
8AS,Basye,Basye,VA
BTA,Batavia,Batavia,IL
BIA,Batavia,Batavia,NY
BUX,Batavia,Batavia,OH
BC9,Batchelor,Batchelor,LA
B3C,Bates City,Bates City,MO
BBG,Batesburg,Batesburg,SC
BTS,Batesville,Batesville,AR
HLB,Batesville,Batesville,IN
BVZ,Batesville,Batesville,MS
8BT,Batesville,Batesville,TX
2BA,Bath,Bath,IL
BTH,Bath,Bath,ME
JAH,Bath,Bath,MI
AFH,Bath,Bath,NC
QBH,Bath,Bath,NH
ATH,Bath,Bath,NY
BQH,Bath,Bath,PA
XBP,Bath,Bath,SC
BTR,Baton Rouge,Baton Rouge,LA
QBN,Batson,Batson,TX
AFV,Battenville,Battenville,NY
BTL,Battle Creek,Battle Creek,MI
BN9,Battle Ground,Battle Ground,IN
BRU,Battle Ground,Battle Ground,WA
BAM,Battle Mountain,Battle Mountain,NV
BBO,Battleboro,Battleboro,NC
TVW,Battletown,Battletown,KY
BDE,Baudette,Baudette,MN
BXT,Bauxite,Bauxite,AR
BYX,Baxley,Baxley,GA
AXQ,Baxter,Baxter,IA
AXT,Baxter,Baxter,MN
BXR,Baxter,Baxter,TN
BSG,Baxter Springs,Baxter Springs,KS
B8Y,Bay Center,Bay Center,WA
BCY,Bay City,Bay City,MI
YIY,Bay City,Bay City,OR
BBC,Bay City,Bay City,TX
YBZ,Bay City,Bay City,WI
MBS,Bay City-Saginaw-Midland Apt,Bay City-Saginaw-Midland Apt,MI
BH9,Bay Harbor Islands,Bay Harbor Islands,FL
982,Bay Head,Bay Head,NJ
BY9,Bay Lake,Bay Lake,FL
BYT,Bay Meadows,Bay Meadows,GA
BME,Bay Minette,Bay Minette,AL
8AY,Bay Pines,Bay Pines,FL
ZA3,Bay Point,Bay Point,CA
BP5,Bay Port,Bay Port,MI
BSL,Bay Saint Louis,Bay Saint Louis,MS
BSH,Bay Shore,Bay Shore,NY
YIN,Bay Springs,Bay Springs,MS
YEW,Bay View,Bay View,WI
B8V,Bay Village,Bay Village,OH
5BD,Bayard,Bayard,IA
BYD,Bayard,Bayard,NE
BYJ,Bayard,Bayard,WV
YFI,Bayfield,Bayfield,CO
BFI,Bayfield,Bayfield,WI
YBP,Bayonet Point,Bayonet Point,FL
BAY,Bayonne,Bayonne,NJ
BYU,Bayou la Batre,Bayou la Batre,AL
VI9,Bayou Vista,Bayou Vista,LA
BPB,Bayport,Bayport,MN
BPZ,Bayport,Bayport,NY
BPX,Bayport,Bayport,TX
8BH,Bayshore,Bayshore,NC
B3Y,Bayside,Bayside,NY
BY6,Bayside,Bayside,TX
UYD,Bayside,Bayside,WI
HPY,Baytown,Baytown,TX
B3A,Bayview,Bayview,CT
BQX,Bayville,Bayville,NJ
YBV,Bayville,Bayville,NY
8BY,Bayway,Bayway,NJ
FZI,Bazine,Bazine,KS
EAC,Beach,Beach,ND
BH7,Beach City,Beach City,OH
7BC,Beach City,Beach City,TX
EHX,Beach Haven,Beach Haven,NJ
B22,Beachwood,Beachwood,MA
JWD,Beachwood,Beachwood,NJ
BEQ,Beachwood,Beachwood,OH
B4E,Beacon,Beacon,IA
BCN,Beacon,Beacon,NY
BEK,Beacon Falls,Beacon Falls,CT
BAH,Beacon Hills,Beacon Hills,NY
ZA4,Beale Air Force Base,Beale Air Force Base,CA
VAA,Bealeton,Bealeton,VA
B4V,Beallsville,Beallsville,MD
9BL,Beals,Beals,ME
IAZ,Beaman,Beaman,IA
BAP,Bean City,Bean City,FL
BST,Bean Station,Bean Station,TN
AGC,Bear,Bear,DE
BCC,Bear Creek,Bear Creek,AK
BCR,Bear Creek,Bear Creek,AL
IBK,Bear Creek,Bear Creek,WI
UHY,Bear River City,Bear River City,UT
VKZ,Bear Valley,Bear Valley,CA
BJD,Bearden,Bearden,AR
BEA,Beardstown,Beardstown,IL
BY4,Beasley,Beasley,TX
BE6,Beatrice,Beatrice,AL
BIE,Beatrice,Beatrice,NE
BTY,Beatty,Beatty,NV
BCQ,Beattystown,Beattystown,NJ
YVK,Beattyville,Beattyville,KY
BFO,Beaufort,Beaufort,NC
BFT,Beaufort,Beaufort,SC
BUO,Beaumont,Beaumont,CA
BPT,Beaumont,Beaumont,TX
WBQ,Beaver,Beaver,AK
BV9,Beaver,Beaver,OH
BVX,Beaver,Beaver,OK
EER,Beaver,Beaver,OR
BEB,Beaver,Beaver,PA
8EQ,Beaver,Beaver,UT
B9Z,Beaver,Beaver,WA
VBZ,Beaver,Beaver,WV
VRC,Beaver City,Beaver City,NE
BC6,Beaver Creek,Beaver Creek,CO
BE7,Beaver Creek,Beaver Creek,OR
QBJ,Beaver Creek,Beaver Creek,OR
B9C,Beaver Crossing,Beaver Crossing,NE
BD3,Beaver Dam,Beaver Dam,KY
BEV,Beaver Dam,Beaver Dam,OH
BVA,Beaver Dam,Beaver Dam,WI
BVF,Beaver Falls,Beaver Falls,NY
BFP,Beaver Falls,Beaver Falls,PA
BVD,Beaver Inlet,Beaver Inlet,AK
BI2,Beaver Island,Beaver Island,MI
VCR,Beavercreek,Beavercreek,OH
BR2,Beaverdam,Beaverdam,VA
BQ2,Beaverton,Beaverton,MI
BVW,Beaverton,Beaverton,OR
VRW,Beavertown,Beavertown,PA
VL8,Beaverville,Beaverville,IL
BEC,Beckemeyer,Beckemeyer,IL
BKO,Becker,Becker,MN
8CK,Becket,Becket,MA
BKW,Beckley,Beckley,WV
BD9,Bedford,Bedford,IA
BFR,Bedford,Bedford,IN
VBD,Bedford,Bedford,KY
BED,Bedford,Bedford,MA
BZF,Bedford,Bedford,MI
DFR,Bedford,Bedford,NH
BJF,Bedford,Bedford,NY
XCA,Bedford,Bedford,OH
XBZ,Bedford,Bedford,PA
BOD,Bedford,Bedford,TX
XBY,Bedford,Bedford,VA
BDH,Bedford Heights,Bedford Heights,OH
BQQ,Bedford Hills,Bedford Hills,NY
BDP,Bedford Park,Bedford Park,IL
BCD,Bedminster,Bedminster,NJ
DFT,Bedminster,Bedminster,PA
VXE,Bee Cave,Bee Cave,TX
YEE,Beebe,Beebe,AR
BBV,Beech Bottom,Beech Bottom,WV
EEH,Beech Creek,Beech Creek,PA
BV7,Beech Glove,Beech Glove,AR
GE3,Beech Grove,Beech Grove,KY
BEE,Beech Island,Beech Island,SC
DBC,Beecher,Beecher,IL
BEF,Beecher Falls,Beecher Falls,VT
QKH,Beekman,Beekman,LA
BS4,Beersheba,Beersheba,TN
FBW,Beetown,Beetown,WI
NIR,Beeville,Beeville,TX
ZGG,Beggs,Beggs,OK
BR3,Beirne,Beirne,AR
BLX,Bel Air,Bel Air,MD
YYX,Bel Ridge,Bel Ridge,MO
BLB,Belair,Belair,CA
BEJ,Belcamp,Belcamp,MD
BT4,Belchertown,Belchertown,MA
BC7,Belcourt,Belcourt,ND
YBD,Belden,Belden,MS
IZP,Belden,Belden,PA
XCC,Belding,Belding,MI
BLN,Belen,Belen,NM
ESK,Belews Creek,Belews Creek,NC
BA3,Belfair,Belfair,WA
BEL,Belfast,Belfast,ME
QBL,Belfast,Belfast,TN
ELF,Belfield,Belfield,ND
QBF,Belford,Belford,NJ
QFR,Belfry,Belfry,KY
BGU,Belgium,Belgium,WI
8DG,Belgrade,Belgrade,ME
OBJ,Belgrade,Belgrade,MN
BGX,Belgrade,Belgrade,MT
BPV,Belhaven,Belhaven,NC
BQC,Bell,Bell,CA
5BF,Bell,Bell,FL
QBB,Bell Buckle,Bell Buckle,TN
BLG,Bell Gardens,Bell Gardens,CA
KBE,Bell Island,Bell Island,AK
EIS,Bella Vista,Bella Vista,AR
9BV,Bella Vista,Bella Vista,CA
ACB,Bellaire,Bellaire,MI
RE9,Bellaire,Bellaire,OH
BRE,Bellaire,Bellaire,TX
B44,Bellbrook,Bellbrook,OH
JBE,Belle,Belle,MO
BLE,Belle,Belle,WV
B3E,Belle Center,Belle Center,OH
9BC,Belle Chase,Belle Chase,LA
BCS,Belle Chasse,Belle Chasse,LA
FUO,Belle Fourche,Belle Fourche,SD
BCF,Belle Glade,Belle Glade,FL
BE8,Belle Harbor,Belle Harbor,NY
BLJ,Belle Mead,Belle Mead,NJ
EEM,Belle Mina,Belle Mina,AL
BLP,Belle Plaine,Belle Plaine,IA
BP4,Belle Plaine,Belle Plaine,MN
BVN,Belle Vernon,Belle Vernon,PA
BGJ,Bellefontaine,Bellefontaine,MS
BFN,Bellefontaine,Bellefontaine,OH
XFD,Bellefontaine Neighbors,Bellefontaine Neighbors,MO
B3F,Bellefonte,Bellefonte,DE
ZBF,Bellefonte,Bellefonte,PA
PSB,Bellefonte-Clearfield Apt,Bellefonte-Clearfield Apt,PA
BM2,Bellemont,Bellemont,AZ
ZUA,Bellerose,Bellerose,NY
EIW,Belleview,Belleview,FL
BLV,Belleville,Belleville,IL
IEQ,Belleville,Belleville,KS
BLZ,Belleville,Belleville,MI
UBU,Belleville,Belleville,NJ
YXL,Belleville,Belleville,NY
BLQ,Belleville,Belleville,PA
BVK,Belleville,Belleville,WI
KVU,Bellevue,Bellevue,IA
6BV,Bellevue,Bellevue,IL
XDE,Bellevue,Bellevue,KY
BEG,Bellevue,Bellevue,NE
XBX,Bellevue,Bellevue,OH
EVU,Bellevue,Bellevue,PA
BVE,Bellevue,Bellevue,WA
BFX,Bellflower,Bellflower,CA
B2F,Bellflower,Bellflower,IL
BJX,Bellingham,Bellingham,MA
BLI,Bellingham,Bellingham,WA
JBL,Bellington,Bellington,WV
BWR,Bellmawr,Bellmawr,NJ
TXL,Bellmead,Bellmead,TX
EZE,Bellmore,Bellmore,NY
BWF,Bellows Falls,Bellows Falls,VT
BPP,Bellport,Bellport,NY
BJS,Bells,Bells,TN
BFV,Bellville,Bellville,OH
BVB,Bellville,Bellville,TX
VUE,Bellvue,Bellvue,CO
FBD,Bellwood,Bellwood,AL
UFA,Bellwood,Bellwood,IL
EWO,Bellwood,Bellwood,PA
BLM,Belmar,Belmar,NJ
BMK,Belmond,Belmond,IA
BVT,Belmont,Belmont,CA
FQJ,Belmont,Belmont,FL
BFM,Belmont,Belmont,KS
JGT,Belmont,Belmont,MA
BMJ,Belmont,Belmont,MI
BMM,Belmont,Belmont,MS
BMQ,Belmont,Belmont,NC
BM8,Belmont,Belmont,NH
6MB,Belmont,Belmont,NY
BMT,Belmont,Belmont,OH
ZBM,Belmont,Belmont,PA
IQT,Belmont,Belmont,TX
XXB,Belmont,Belmont,WI
4BM,Belmont,Belmont,WV
BT7,Beloit,Beloit,IL
VBT,Beloit,Beloit,KS
AFJ,Beloit,Beloit,OH
BOT,Beloit,Beloit,WI
BEP,Belpre,Belpre,OH
BPL,Belton,Belton,KY
BZE,Belton,Belton,MO
YBT,Belton,Belton,SC
XCZ,Belton,Belton,TX
BES,Beltsville,Beltsville,MD
BVU,Beluga,Beluga,AK
VD7,Belvedere,Belvedere,CA
BVJ,Belvidere,Belvidere,IL
VD9,Belvidere,Belvidere,NE
XBU,Belvidere,Belvidere,NJ
VDR,Belvidere,Belvidere,TN
BE3,Belvidere Center,Belvidere Center,VT
B5V,Belvue,Belvue,KS
BEZ,Belzoni,Belzoni,MS
7BM,Bement,Bement,IL
BJI,Bemidji,Bemidji,MN
BS8,Bemis,Bemis,TN
BEN,Bena,Bena,VA
8BE,Benbrook,Benbrook,TX
BZO,Bend,Bend,OR
RDM,Bend-Redmond Apt,Bend-Redmond Apt,OR
NDT,Benedict,Benedict,ND
BNJ,Bengies,Bengies,MD
BNC,Benicia,Benicia,CA
BO6,Bennet,Bennet,NE
EN8,Bennett,Bennett,CO
BTN,Bennettsville,Bennettsville,SC
B96,Bennington,Bennington,NE
GGT,Bennington,Bennington,NH
BGN,Bennington,Bennington,VT
B5R,Bens Run,Bens Run,WV
BNM,Bensalem,Bensalem,PA
BNV,Bensenville,Bensenville,IL
BN6,Benson,Benson,AZ
QES,Benson,Benson,IL
BBB,Benson,Benson,MN
BNZ,Benson,Benson,NC
B77,Benson,Benson,VT
B37,Bent Mountain,Bent Mountain,VA
VYL,Bentleyville,Bentleyville,PA
JJN,Benton,Benton,AL
BXN,Benton,Benton,AR
B4G,Benton,Benton,GA
BTQ,Benton,Benton,IL
NQT,Benton,Benton,KS
ZBO,Benton,Benton,KY
BN3,Benton,Benton,LA
BTZ,Benton,Benton,ME
BM5,Benton,Benton,MS
BT8,Benton,Benton,PA
BQO,Benton,Benton,TN
8EN,Benton,Benton,WI
IJM,Benton City,Benton City,WA
BEH,Benton Harbor,Benton Harbor,MI
BNT,Bentonville,Bentonville,AR
BW3,Benwood,Benwood,WV
BN7,Benzonia,Benzonia,MI
OWW,Beowawe,Beowawe,NV
QCD,Berclair,Berclair,TX
BEU,Berea,Berea,KY
EEA,Berea,Berea,OH
QKF,Beresford,Beresford,SD
2BG,Bergen,Bergen,NJ
RGB,Bergen,Bergen,NY
BRF,Bergenfield,Bergenfield,NJ
B5G,Berger,Berger,MO
BJG,Berger,Berger,TX
BRH,Bergholtz,Bergholtz,NY
BHZ,Bergholz,Bergholz,OH
JBK,Berkeley,Berkeley,CA
BKK,Berkeley,Berkeley,IL
TXR,Berkeley,Berkeley,MO
BQU,Berkeley,Berkeley,RI
BHE,Berkeley Heights,Berkeley Heights,NJ
K2L,Berkeley Lake,Berkeley Lake,GA
BEI,Berkeley Springs,Berkeley Springs,WV
ZKY,Berkley,Berkley,MA
BKL,Berkley,Berkley,MI
BIK,Berlin,Berlin,CT
BR8,Berlin,Berlin,KY
M7D,Berlin,Berlin,MA
BCI,Berlin,Berlin,MD
BML,Berlin,Berlin,NH
XBT,Berlin,Berlin,NJ
BRI,Berlin,Berlin,NY
BR7,Berlin,Berlin,PA
BRB,Berlin,Berlin,WI
ZEI,Berlin Corners,Berlin Corners,VT
IIQ,Berlin Heights,Berlin Heights,OH
ZBE,"Berlin, Holmes","Berlin, Holmes",OH
BRC,Bern,Bern,KS
BEO,Bernalillo,Bernalillo,NM
ERS,Bernardston,Bernardston,MA
BRV,Bernardsville,Bernardsville,NJ
EXB,Berne,Berne,IN
B5N,Bernice,Bernice,LA
EIE,Bernie,Bernie,MO
OBV,Bernville,Bernville,PA
B9T,Berrien Center,Berrien Center,MI
B2R,Berrien Springs,Berrien Springs,MI
BY2,Berry,Berry,AL
AH8,Berry,Berry,KY
3BR,Berry Creek,Berry Creek,CA
XGG,Berrysburg,Berrysburg,PA
BEY,Berryton,Berryton,KS
BVV,Berryville,Berryville,AR
BYV,Berryville,Berryville,VA
B4T,Bertha,Bertha,MN
BVC,Berthoud,Berthoud,CO
XCY,Bertram,Bertram,TX
RWK,Berwick,Berwick,LA
BER,Berwick,Berwick,ME
XDH,Berwick,Berwick,PA
BWY,Berwyn,Berwyn,IL
BEW,Berwyn,Berwyn,PA
EYL,Beryl,Beryl,UT
BMV,Bessemer,Bessemer,AL
IBM,Bessemer,Bessemer,MI
QBS,Bessemer,Bessemer,PA
AAD,Bessemer City,Bessemer City,NC
BS5,Bessie,Bessie,OK
6BT,Bethalto,Bethalto,IL
H7N,Bethanna,Bethanna,KY
BTW,Bethany,Bethany,CT
BTX,Bethany,Bethany,IL
BHY,Bethany,Bethany,MO
BHH,Bethany,Bethany,OR
7YH,Bethany,Bethany,PA
BBA,Bethany Beach,Bethany Beach,DE
AFX,Bethayres,Bethayres,PA
BET,Bethel,Bethel,AK
BTJ,Bethel,Bethel,CT
EQB,Bethel,Bethel,ME
4BE,Bethel,Bethel,MO
BZJ,Bethel,Bethel,NY
TZH,Bethel,Bethel,NY
BTG,Bethel,Bethel,PA
XBV,Bethel,Bethel,VT
BH6,Bethel Heights,Bethel Heights,AR
XTD,Bethel Island,Bethel Island,CA
TKP,Bethel Park,Bethel Park,PA
BHU,"Bethel, Clermont","Bethel, Clermont",OH
EEB,"Bethel, Pitt","Bethel, Pitt",NC
BNS,Bether Springs,Bether Springs,TN
BZH,Bethesda,Bethesda,MD
ZA5,Bethlehem,Bethlehem,CT
EHL,Bethlehem,Bethlehem,GA
BE5,Bethlehem,Bethlehem,KY
JHL,Bethlehem,Bethlehem,NC
EHE,Bethlehem,Bethlehem,NH
BEX,Bethlehem,Bethlehem,PA
BPA,Bethpage,Bethpage,NY
BTE,Bethune,Bethune,SC
BTD,Bettendorf,Bettendorf,IA
BTT,Bettles,Bettles,AK
QBT,Bettsville,Bettsville,OH
XUL,Beulah,Beulah,ND
BCL,Beulaville,Beulaville,NC
BVY,Beverly,Beverly,MA
XDF,Beverly,Beverly,NJ
BVR,Beverly,Beverly,OH
VBY,Beverly,Beverly,WA
EVY,Beverly,Beverly,WV
BVH,Beverly Hills,Beverly Hills,CA
YHL,Beverly Hills,Beverly Hills,FL
BH3,Beverly Hills,Beverly Hills,MI
BVG,Bevington,Bevington,IA
IKM,Bickmore,Bickmore,WV
ICB,Bicknell,Bicknell,IN
BDJ,Biddeford,Biddeford,ME
BW2,Bidwell,Bidwell,OH
JSF,Bieber,Bieber,CA
RBF,Big Bear,Big Bear,CA
BBL,Big Bear Lake,Big Bear Lake,CA
B3B,Big Bend,Big Bend,CA
BB4,Big Bend,Big Bend,TX
GYQ,Big Bend,Big Bend,WI
IXB,Big Cabin,Big Cabin,OK
BIC,Big Creek,Big Creek,AK
GC8,Big Creek,Big Creek,WV
BIG,Big Delta,Big Delta,AK
AFP,Big Flats,Big Flats,NY
BH8,Big Horn,Big Horn,WY
XCD,Big Island,Big Island,VA
BGQ,Big Lake,Big Lake,AK
BL4,Big Lake,Big Lake,MN
GQB,Big Lake,Big Lake,TX
BMX,Big Mountain,Big Mountain,AK
BMO,Big Mountain,Big Mountain,MN
BPY,Big Pine Key,Big Pine Key,FL
BPI,Big Piney,Big Piney,WY
BZR,Big Prairie,Big Prairie,OH
WBR,Big Rapids,Big Rapids,MI
B7R,Big Rock,Big Rock,IL
BR6,Big Rock,Big Rock,VA
BSM,Big Sandy,Big Sandy,MT
BIY,Big Sandy,Big Sandy,TN
B5S,Big Sky,Big Sky,MT
HCA,Big Spring,Big Spring,TX
IGS,Big Stone,Big Stone,DE
GQJ,Big Stone City,Big Stone City,SD
IHG,Big Stone Gap,Big Stone Gap,VA
GSW,Big Sur,Big Sur,CA
B3T,Big Timber,Big Timber,MT
2BT,Big Tree,Big Tree,NY
BWH,Bigelow,Bigelow,AR
IFK,Bigfork,Bigfork,AR
IGK,Bigfork,Bigfork,MN
BF4,Bigfork,Bigfork,MT
ISX,Biggs,Biggs,CA
BI5,Bigler,Bigler,PA
BIP,Biglerville,Biglerville,PA
BMS,Billerica,Billerica,MA
BGS,Billings,Billings,MO
BIL,Billings,Billings,MT
B5Y,Billingsley,Billingsley,AL
BIX,Biloxi,Biloxi,MS
IQF,Binford,Binford,ND
XCF,Bingen,Bingen,WA
AFM,Bingham,Bingham,ME
YUU,Bingham Canyon,Bingham Canyon,UT
GHF,Bingham Farms,Bingham Farms,MI
BH2,Binghampton,Binghampton,IL
BIO,Binghamton,Binghamton,NY
IGH,Binghamton,Binghamton,WI
BGM,Binghamton-Endicott-Johnson City Apt,Binghamton-Endicott-Johnson City Apt,NY
ZA6,Biola,Biola,CA
KBC,Birch Creek,Birch Creek,AK
BI4,Birch Hills,Birch Hills,NJ
ZZI,Birch Run,Birch Run,MI
BIR,Birchwood,Birchwood,AK
B3W,Birchwood,Birchwood,TN
IWO,Birchwood,Birchwood,WI
XCG,Bird in Hand,Bird in Hand,PA
IUB,Bird Island,Bird Island,MN
BG6,Birds Landing,Birds Landing,CA
BIB,Birdsboro,Birdsboro,PA
BHM,Birmingham,Birmingham,AL
BIZ,Birmingham,Birmingham,MI
BIN,Birmingham,Birmingham,NJ
XY2,Birmingham,Birmingham,OH
IBJ,Birmingham,Birmingham,PA
BM9,Birmingham Road Estates,Birmingham Road Estates,GA
RMT,Birmingport,Birmingport,AL
WO4,Birnamwood,Birnamwood,WI
BI7,Birney,Birney,MT
BI3,Biron,Biron,WI
BSQ,Bisbee,Bisbee,AZ
5BP,Biscayne Park,Biscayne Park,FL
BDS,Biscoe,Biscoe,NC
BIH,Bishop,Bishop,CA
YHP,Bishop,Bishop,GA
BHX,Bishop,Bishop,TX
B3V,Bishopville,Bishopville,MD
BIV,Bishopville,Bishopville,SC
B2S,Bismarck,Bismarck,AR
2BS,Bismarck,Bismarck,IL
BIS,Bismarck,Bismarck,ND
N8S,Bison,Bison,KS
IWX,Biwabik,Biwabik,MN
BXY,Bixby,Bixby,OK
BC5,Blachly,Blachly,OR
B97,Black,Black,MO
6BY,Black Betsy,Black Betsy,WV
ZA7,Black Canyon City,Black Canyon City,AZ
KAK,Black Creek,Black Creek,GA
B4C,Black Creek,Black Creek,NC
BLC,Black Creek,Black Creek,WI
KDM,Black Diamond,Black Diamond,WA
HWJ,Black Hawk,Black Hawk,CO
BQM,Black Mountain,Black Mountain,NC
LCV,Black River Falls,Black River Falls,WI
B4R,Black Rock,Black Rock,AR
AFG,Blackduck,Blackduck,MN
BLK,Blackfoot,Blackfoot,ID
BK2,Blackhawk,Blackhawk,SD
BL2,"Blackland, Rockwell","Blackland, Rockwell",TX
BZZ,Blacklick,Blacklick,OH
BBH,Blacksburg,Blacksburg,SC
BCB,Blacksburg,Blacksburg,VA
XBG,Blackshear,Blackshear,GA
BS2,"Blackshear, Pierce","Blackshear, Pierce",GA
VBK,Blackstock,Blackstock,SC
A6H,Blackstone,Blackstone,MA
BKT,Blackstone,Blackstone,VA
JBI,Blackville,Blackville,SC
2BL,Blackwell,Blackwell,AR
2BW,Blackwell,Blackwell,MO
BWL,Blackwell,Blackwell,OK
BQW,Blackwood,Blackwood,NJ
8LY,Bladen,Bladen,NE
BXO,Bladenboro,Bladenboro,NC
BDZ,Bladensburg,Bladensburg,MD
JIB,Blain,Blain,PA
QBE,Blaine,Blaine,GA
9BI,Blaine,Blaine,ME
BNE,Blaine,Blaine,MN
VBI,Blaine,Blaine,TN
BWS,Blaine,Blaine,WA
BLA,Blaine,Blaine,WI
BAJ,Blair,Blair,NE
BIW,Blair,Blair,SC
VBA,Blair,Blair,WI
BV6,Blairesville,Blairesville,GA
BSV,Blairs,Blairs,VA
BXZ,Blairs,Blairs,VA
BZ5,Blairsburg,Blairsburg,IA
GKZ,Blairsden-Graeagle,Blairsden-Graeagle,CA
QWN,Blairstown,Blairstown,IA
QXB,Blairstown,Blairstown,MO
B4L,Blairstown,Blairstown,NJ
IVL,Blairsville,Blairsville,GA
BSI,Blairsville,Blairsville,PA
BMU,Blakely,Blakely,GA
BYW,Blakely Island,Blakely Island,WA
FKE,Blakeslee,Blakeslee,OH
BJZ,Blakeslee,Blakeslee,PA
JBN,Blanca,Blanca,CO
I95,Blanchard,Blanchard,IA
B8D,Blanchard,Blanchard,ID
AHQ,Blanchard,Blanchard,MI
B8C,Blanchard,Blanchard,OK
BCX,Blanchester,Blanchester,OH
B5L,Blanco,Blanco,TX
B2T,Blanconia,Blanconia,TX
BDQ,Bland,Bland,MO
BDC,Bland,Bland,VA
FB8,Blandford,Blandford,MA
BDG,Blanding,Blanding,UT
4BV,Blandinsville,Blandinsville,IL
BDN,Blandon,Blandon,PA
LJD,Blasdell,Blasdell,NY
BUY,Blauvelt,Blauvelt,NY
LXW,Blawnox,Blawnox,PA
KYB,Blaze,Blaze,KY
IBH,Bleiblerville,Bleiblerville,TX
BLS,Blissfield,Blissfield,MI
ISF,Blissfield,Blissfield,OH
BID,Block Island,Block Island,RI
KHR,Blocker,Blocker,OK
BZG,Blodgett Mills,Blodgett Mills,NY
OGT,Blomkest,Blomkest,MN
8BB,Bloomburg,Bloomburg,TX
OOM,Bloomer,Bloomer,WI
AAC,Bloomfield,Bloomfield,CT
LMH,Bloomfield,Bloomfield,IA
BMF,Bloomfield,Bloomfield,IN
BF8,Bloomfield,Bloomfield,KY
FQA,Bloomfield,Bloomfield,MI
OFB,Bloomfield,Bloomfield,MO
OFE,Bloomfield,Bloomfield,NE
BMN,Bloomfield,Bloomfield,NJ
B9F,Bloomfield,Bloomfield,NM
BF7,Bloomfield,Bloomfield,NY
OFH,Bloomfield Hills,Bloomfield Hills,MI
BPS,Blooming Prairie,Blooming Prairie,MN
BMB,Bloomingburg,Bloomingburg,NY
BBU,Bloomingburg,Bloomingburg,OH
BMD,Bloomingdale,Bloomingdale,GA
OMI,Bloomingdale,Bloomingdale,IL
B87,Bloomingdale,Bloomingdale,IN
BGL,Bloomingdale,Bloomingdale,NJ
OGL,Bloomingdale,Bloomingdale,OH
BQT,Bloomington,Bloomington,CA
B2L,Bloomington,Bloomington,IL
BMG,Bloomington,Bloomington,IN
B2M,Bloomington,Bloomington,MD
BQI,Bloomington,Bloomington,MN
BMR,Bloomington,Bloomington,NY
BLO,Bloomington,Bloomington,TX
BMI,Bloomington-Normal Apt,Bloomington-Normal Apt,IL
BSB,Bloomsburg,Bloomsburg,PA
BBQ,Bloomsbury,Bloomsbury,NJ
QXA,Bloomsdale,Bloomsdale,MO
URG,Blossburg,Blossburg,PA
BI8,Blount Island,Blount Island,FL
B7T,Blounts Creek,Blounts Creek,NC
UTW,Blountstown,Blountstown,FL
UTB,Blountsville,Blountsville,AL
OUI,Blountville,Blountville,TN
BWK,Blowing Rock,Blowing Rock,NC
B5X,Bloxom,Bloxom,VA
BQJ,Blue Anchor,Blue Anchor,NJ
XDC,Blue Ash,Blue Ash,OH
BB5,Blue Ball,Blue Ball,PA
QAL,Blue Ball,Blue Ball,PA
BBX,Blue Bell,Blue Bell,PA
BLU,Blue Canyon,Blue Canyon,CA
OBW,Blue Creek,Blue Creek,OH
NUU,Blue Diamond,Blue Diamond,NV
LUF,Blue Earth,Blue Earth,MN
BFB,Blue Fox Bay,Blue Fox Bay,AK
B8A,Blue Grass,Blue Grass,IA
8BU,Blue Hill,Blue Hill,ME
BCU,Blue Island,Blue Island,IL
BUL,Blue Lake,Blue Lake,CA
5BM,Blue Mound,Blue Mound,IL
6BM,Blue Mound,Blue Mound,KS
KBM,Blue Mound,Blue Mound,TX
2BM,Blue Mounds,Blue Mounds,WI
XCN,Blue Mountain,Blue Mountain,MS
BP6,Blue Point,Blue Point,NY
BPD,Blue Rapids,Blue Rapids,KS
YBR,Blue Ridge,Blue Ridge,GA
UDG,Blue Ridge,Blue Ridge,VA
BJP,Blue Ridge Summit,Blue Ridge Summit,PA
B9R,Blue River,Blue River,WI
BZY,Blue Springs,Blue Springs,MO
BPR,Blue Springs,Blue Springs,MS
JBP,Blue Springs,Blue Springs,NE
VBS,Bluefield,Bluefield,VA
AFL,Bluefield,Bluefield,WV
XDB,Bluff,Bluff,UT
BIF,Bluff City,Bluff City,TN
BC2,Bluff Creek,Bluff Creek,LA
B6D,Bluff Dale,Bluff Dale,TX
LFF,Bluffdale,Bluffdale,UT
BJU,Bluffs,Bluffs,IL
BL9,Bluffton,Bluffton,GA
BFE,Bluffton,Bluffton,IN
BHK,Bluffton,Bluffton,OH
BFQ,Bluffton,Bluffton,SC
3BL,Blum,Blum,TX
BLH,Blythe,Blythe,CA
B5D,Blythedale,Blythedale,MO
BYH,Blytheville,Blytheville,AR
UBV,Blythewood,Blythewood,SC
BDM,Boardman,Boardman,OH
BDA,Boardman,Boardman,OR
OAZ,Boaz,Boaz,AL
BCG,Boca Grande,Boca Grande,FL
BCT,Boca Raton,Boca Raton,FL
B5E,Bode,Bode,IA
DHB,Bodega Bay,Bodega Bay,CA
BF3,Boeing Field Apt,Boeing Field Apt,WA
OEB,Boerne,Boerne,TX
BXA,Bogalusa,Bogalusa,LA
ZZB,Bogart,Bogart,GA
B6Y,Bogata,Bogata,TX
BOG,Bogota,Bogota,NJ
BC4,Bogue Chitto,Bogue Chitto,MS
BOH,Bohemia,Bohemia,NY
IBW,Boiling Springs,Boiling Springs,NC
BPH,"Boiling Springs, Barnwell","Boiling Springs, Barnwell",SC
BOI,Boise,Boise,ID
BO7,Boise City,Boise City,OK
BK5,Bokeelia,Bokeelia,FL
B2G,Boligee,Boligee,AL
B27,Bolinas,Bolinas,CA
BG4,Boling,Boling,TX
BNK,Bolingbrook,Bolingbrook,IL
ZXT,Bolington,Bolington,VA
BOV,Bolivar,Bolivar,MO
8VO,Bolivar,Bolivar,NY
VRR,Bolivar,Bolivar,OH
XCR,Bolivar,Bolivar,TN
B7V,Bolivia,Bolivia,NC
BL8,Bolton,Bolton,CT
BOL,Bolton,Bolton,MA
OTX,Bolton,Bolton,MS
UOT,Bolton,Bolton,NC
ZBI,Bolton Landing,Bolton Landing,NY
ZA8,Bombay,Bombay,NY
BOA,Bon Air,Bon Air,AL
OAQ,Bon Aqua,Bon Aqua,TN
ZJC,Bon Secour,Bon Secour,AL
BWX,Bon Wier,Bon Wier,TX
BG9,Bonaire,Bonaire,GA
78B,Bonanza,Bonanza,OR
BON,Bonanza,Bonanza,UT
YBJ,Bonaparte,Bonaparte,IA
QBO,Bondsville,Bondsville,MA
BOU,Bonduel,Bonduel,WI
NDU,Bondurant,Bondurant,IA
JNI,Bondville,Bondville,VT
BT6,Bonetraill,Bonetraill,ND
BO3,Boneville,Boneville,GA
YBG,Bongards,Bongards,MN
BOZ,Bonger,Bonger,TX
BOM,Bonham,Bonham,TX
BPW,Bonhamtown,Bonhamtown,NJ
YBY,Bonifay,Bonifay,FL
BZ9,Bonita,Bonita,CA
BOP,Bonita Springs,Bonita Springs,FL
JBT,Bonne Terre,Bonne Terre,MO
BU7,Bonneau,Bonneau,SC
BN8,Bonner,Bonner,MT
BSU,Bonner Springs,Bonner Springs,KS
BF6,Bonners Ferry,Bonners Ferry,ID
GQZ,Bonney Lake,Bonney Lake,WA
QOO,Bono,Bono,AR
BPE,Bonsall,Bonsall,CA
BO2,Booker,Booker,TX
B88,Boomer,Boomer,NC
B9O,Boone,Boone,CO
BNW,Boone,Boone,IA
XCP,Boone,Boone,NC
8MV,Boones Mill,Boones Mill,VA
BOQ,Booneville,Booneville,AR
BOO,Booneville,Booneville,MS
B3O,Boonsboro,Boonsboro,MD
BTB,Boonton,Boonton,NJ
OXJ,Boonville,Boonville,CA
BVQ,Boonville,Boonville,IN
BVM,Boonville,Boonville,MO
BVL,Boonville,Boonville,NC
BO9,Boonville,Boonville,NY
OBX,Boothbay,Boothbay,ME
OYH,Boothbay Harbor,Boothbay Harbor,ME
XDA,Boothwyn,Boothwyn,PA
BDI,Borden,Borden,IN
BOJ,Bordentown,Bordentown,NJ
RGP,Borger,Borger,TX
BHG,Boring,Boring,OR
RLU,Bornite,Bornite,AK
BJO,Boron,Boron,CA
BXS,Borrego Springs,Borrego Springs,CA
OSE,Boscawen,Boscawen,NH
BBE,Boscobel,Boscobel,WI
BL5,Bosler,Bosler,WY
BQR,Bosque Farms,Bosque Farms,NM
2BO,Boss,Boss,MO
BSR,Bossier City,Bossier City,LA
BX4,Bostic,Bostic,NC
BZD,Boston,Boston,GA
TQN,Boston,Boston,KY
BOS,Boston,Boston,MA
YBS,Boston,Boston,NY
ZHN,Boston,Boston,PA
OWQ,Boston,Boston,TX
BSN,Boston,Boston,VA
B5H,Boston Heights,Boston Heights,OH
B8W,Bostwick,Bostwick,FL
BZS,Boswell,Boswell,IN
OS6,Boswell,Boswell,OK
PBS,Boswell,Boswell,PA
BSW,Boswell Bay,Boswell Bay,AK
OTU,Botetourt,Botetourt,VA
YTH,Bothell,Bothell,WA
BTK,Botkins,Botkins,OH
BOF,Botsford,Botsford,CT
B4O,Bottineau,Bottineau,ND
WBU,Boulder,Boulder,CO
BLD,Boulder City,Boulder City,NV
UCB,Boulder Creek,Boulder Creek,CA
VBF,Boulevard,Boulevard,CA
BBK,Bound Brook,Bound Brook,NJ
BYA,Boundary,Boundary,AK
BPF,Boundary,Boundary,WA
BTF,Bountiful,Bountiful,UT
QRB,Bourbon,Bourbon,IN
B8N,Bourbon,Bourbon,MO
USA,Bourbonnais,Bourbonnais,IL
BOR,Bourg,Bourg,LA
BO4,Bourne,Bourne,MA
XUS,Bouse,Bouse,AZ
BJ9,Bouton,Bouton,IA
TUB,Boutte,Boutte,LA
B9V,Bovill,Bovill,ID
OVC,Bovina Center,Bovina Center,NY
BOX,Bow,Bow,NH
BW9,Bow,Bow,WA
BC3,Bow Center,Bow Center,NH
B9W,Bowdle,Bowdle,SD
8BO,Bowdoin,Bowdoin,ME
LJG,Bowdoinham,Bowdoinham,ME
BGD,Bowdon,Bowdon,GA
BWN,Bowerston,Bowerston,OH
QBW,Bowersville,Bowersville,GA
AGF,Bowie,Bowie,AZ
BQA,Bowie,Bowie,MD
TXB,Bowie,Bowie,TX
BOB,Bowler,Bowler,WI
IEX,Bowling Green,Bowling Green,FL
OWR,Bowling Green,Bowling Green,IN
BWG,Bowling Green,Bowling Green,KY
OWL,Bowling Green,Bowling Green,MO
BWO,Bowling Green,Bowling Green,OH
APH,Bowling Green,Bowling Green,VA
OWM,Bowman,Bowman,GA
BWM,Bowman,Bowman,ND
QWM,Bowman,Bowman,SC
BMW,Bowmanstown,Bowmanstown,PA
OQI,Bowmansville,Bowmansville,NY
BWV,Bowmansville,Bowmansville,PA
B2X,Box Elder,Box Elder,SD
BXP,Box Springs,Box Springs,CA
9BS,Box Springs,Box Springs,GA
BXC,Boxboro,Boxboro,MA
9BX,Boxborough,Boxborough,MA
3XF,Boxford,Boxford,MA
OYC,Boyce,Boyce,LA
ZBY,Boyce,Boyce,VA
BYC,Boyceville,Boyceville,WI
TBY,Boyd,Boyd,MT
B2Y,Boyd,Boyd,TX
YDD,Boyd,Boyd,WI
OYD,Boyden,Boyden,IA
B9D,Boyds,Boyds,MD
ZYD,Boydton,Boydton,VA
BY3,Boyers,Boyers,PA
BOE,Boyertown,Boyertown,PA
KBY,Boykin,Boykin,GA
YKS,Boykins,Boykins,VA
OYL,Boyle,Boyle,MS
XDK,Boyle Heights,Boyle Heights,CA
YBN,Boylston,Boylston,MA
BYZ,Boyne City,Boyne City,MI
BIU,Boyne Falls,Boyne Falls,MI
2OT,Boynton,Boynton,OK
BYB,Boynton Beach,Boynton Beach,FL
B4Y,Boys Town,Boys Town,NE
BZN,Bozeman,Bozeman,MT
OZH,Bozrah,Bozrah,CT
9BR,Braceville,Braceville,IL
ECY,Bracey,Bracey,VA
RG5,Brackenridge,Brackenridge,OK
BX2,Brackenridge,Brackenridge,PA
8BV,Brackettville,Brackettville,TX
BUA,Bradbury,Bradbury,CA
BDD,Braddock,Braddock,PA
OHG,Braddock Heights,Braddock Heights,MD
BBI,Bradenton,Bradenton,FL
RDT,Bradenton Beach,Bradenton Beach,FL
SRQ,Bradenton-Sarasota Apt,Bradenton-Sarasota Apt,FL
BJV,Bradevelt,Bradevelt,NJ
BDO,Bradford,Bradford,AR
BDF,Bradford,Bradford,IL
ZQX,Bradford,Bradford,MA
B8R,Bradford,Bradford,ME
BFD,Bradford,Bradford,PA
BQD,Bradford,Bradford,RI
9BD,Bradford,Bradford,TN
BD2,Bradford,Bradford,VT
YBA,Bradley,Bradley,AR
R3L,Bradley,Bradley,CA
DYZ,Bradley,Bradley,FL
BYL,Bradley,Bradley,IL
B8L,Bradley,Bradley,ME
B2D,Bradley,Bradley,SC
B9Y,Bradley,Bradley,WV
QBD,Bradley Beach,Bradley Beach,NJ
BHD,Bradner,Bradner,OH
W7V,Bradshaw,Bradshaw,WV
BRA,Bradwood,Bradwood,OR
RZY,Brady,Brady,MT
BBD,Brady,Brady,TX
6BW,Braidwood,Braidwood,IL
BQS,Brainards,Brainards,NJ
BRD,Brainerd,Brainerd,MN
BTC,Braintree,Braintree,MA
BWT,Braithwaite,Braithwaite,LA
OB5,Braman,Braman,OK
BMP,Brampton,Brampton,MI
ZA9,Branch,Branch,WI
9BG,Branchburg,Branchburg,NJ
BNU,Branchburg Park,Branchburg Park,NJ
B86,Branchville,Branchville,AL
AHI,Branchville,Branchville,NJ
BHV,Branchville,Branchville,SC
BNR,Brandenburg,Brandenburg,KY
BXX,Brandon,Brandon,FL
BRP,Brandon,Brandon,MN
BHF,Brandon,Brandon,MS
AFI,Brandon,Brandon,SD
BR5,Brandon,Brandon,VT
KBD,Brandon,Brandon,WI
B9P,Brandonville,Brandonville,PA
QAQ,Brandsville,Brandsville,MO
BD7,Brandt,Brandt,SD
BFH,Brandy Station,Brandy Station,VA
XDL,Brandywine,Brandywine,MD
BFC,Branford,Branford,CT
BJ4,Branford,Branford,FL
PLK,Branson,Branson,MO
BZV,Branson West,Branson West,MO
B3L,Brant Lake,Brant Lake,NY
RNY,Brantley,Brantley,AL
GBL,Braselton,Braselton,GA
B2A,Brasher Falls,Brasher Falls,NY
BA6,Brasstown,Brasstown,NC
B23,Bratenahl,Bratenahl,OH
BBR,Brattleboro,Brattleboro,VT
6RA,Brave,Brave,PA
BWC,Brawley,Brawley,CA
XTB,Braxton,Braxton,MS
ZQW,Braymer,Braymer,MO
QA9,Braymer,Braymer,MO
BNP,Brayton Point,Brayton Point,MA
BZA,Brazil,Brazil,IN
BQ3,Brazilton,Brazilton,KS
BZT,Brazoria,Brazoria,TX
BQE,Brea,Brea,CA
BQZ,Breaks,Breaks,VA
BXB,Breaux Bridge,Breaux Bridge,LA
EKG,Breckenridge,Breckenridge,CO
KRG,Breckenridge,Breckenridge,MI
BYY,Breckenridge,Breckenridge,MN
BKD,Breckenridge,Breckenridge,TX
KDQ,Breckenridge Hills,Breckenridge Hills,MO
BKV,Brecksville,Brecksville,OH
BD6,Breda,Breda,IA
BG8,Breeding,Breeding,KY
BXD,Breese,Breese,IL
ZWB,Breezewood,Breezewood,PA
BVI,Breinigsville,Breinigsville,PA
REM,Bremen,Bremen,AL
EEL,Bremen,Bremen,GA
BXE,Bremen,Bremen,IN
RMZ,Bremen,Bremen,ME
BEM,Bremen,Bremen,OH
PWT,Bremerton,Bremerton,WA
BM6,Bremond,Bremond,TX
XCO,Brenham,Brenham,TX
BJN,Brent,Brent,AL
BXF,Brentwood,Brentwood,CA
BXG,Brentwood,Brentwood,MD
JBW,Brentwood,Brentwood,MO
RTW,Brentwood,Brentwood,NH
BQB,Brentwood,Brentwood,NY
BWE,Brentwood,Brentwood,TN
BW6,Bretton Woods,Bretton Woods,NH
BCV,Brevard,Brevard,NC
BM4,Brevort,Brevort,MI
BXH,Brewer,Brewer,ME
B2W,Brewerton,Brewerton,NY
BCW,Brewster,Brewster,MA
6BS,Brewster,Brewster,MN
BWZ,Brewster,Brewster,NY
BRR,Brewster,Brewster,OH
BXI,Brewster,Brewster,WA
BXJ,Brewton,Brewton,AL
BXL,Brian,Brian,LA
B2H,Brian Head,Brian Head,UT
9BF,Briarcliff,Briarcliff,TX
BFJ,Briarcliff Manor,Briarcliff Manor,NY
IYM,Bricelyn,Bricelyn,MN
YBK,Brick,Brick,NJ
BIT,Bricktown,Bricktown,NJ
XCE,Bridesburg,Bridesburg,PA
DIY,Bridge City,Bridge City,LA
IGY,Bridge City,Bridge City,TX
BJB,Bridgeburg,Bridgeburg,PA
BHC,Bridgehampton,Bridgehampton,NY
BXM,Bridgeport,Bridgeport,AL
IEP,Bridgeport,Bridgeport,CA
BP3,Bridgeport,Bridgeport,CO
BDR,Bridgeport,Bridgeport,CT
4BP,Bridgeport,Bridgeport,IL
BPM,Bridgeport,Bridgeport,MI
BGP,Bridgeport,Bridgeport,NE
BPG,Bridgeport,Bridgeport,NJ
BDB,Bridgeport,Bridgeport,NY
B2P,Bridgeport,Bridgeport,OH
XCS,Bridgeport,Bridgeport,PA
DRB,Bridgeport,Bridgeport,TX
XDJ,Bridgeport,Bridgeport,WV
BIQ,Bridger,Bridger,MT
5BT,Bridgeton,Bridgeton,IN
BMZ,Bridgeton,Bridgeton,MO
IDQ,Bridgeton,Bridgeton,NC
BGY,Bridgeton,Bridgeton,NJ
BJT,Bridgetown,Bridgetown,MD
QVW,Bridgeview,Bridgeview,IL
XZX,Bridgeville,Bridgeville,DE
XCT,Bridgeville,Bridgeville,PA
GWR,Bridgewater,Bridgewater,CT
BJW,Bridgewater,Bridgewater,MA
BDT,Bridgewater,Bridgewater,ME
RWA,Bridgewater,Bridgewater,MI
BQF,Bridgewater,Bridgewater,NJ
BGW,Bridgewater,Bridgewater,NY
B7S,Bridgewater,Bridgewater,SD
BHR,Bridgewater,Bridgewater,VA
IGW,Bridgewater,Bridgewater,VT
IEU,Bridgewater Corners,Bridgewater Corners,VT
RDN,Bridgman,Bridgman,MI
BT3,Bridgton,Bridgton,ME
QRP,Bridport,Bridport,VT
BQG,Brier,Brier,WA
ERH,Brier Hill,Brier Hill,PA
BMC,Brigham City,Brigham City,UT
BGK,Brighton,Brighton,CO
GXO,Brighton,Brighton,IL
RGH,Brighton,Brighton,MA
BHO,Brighton,Brighton,MI
BN2,Brighton,Brighton,MN
BG5,Brighton,Brighton,MO
RHT,Brighton,Brighton,TN
BTO,Brighton Heights,Brighton Heights,PA
BHW,Brightwood,Brightwood,OR
TJB,Brilliant,Brilliant,OH
XCJ,Brillion,Brillion,WI
BRM,Brimfield,Brimfield,IL
BMY,Brimfield,Brimfield,IN
BF5,Brimfield,Brimfield,MA
BZX,Brimfield,Brimfield,OH
BJM,Brimley,Brimley,MI
RIY,Brinkley,Brinkley,AR
B2N,Brinnon,Brinnon,WA
BSA,Brisbane,Brisbane,CA
BRT,Bristol,Bristol,CO
BCO,Bristol,Bristol,CT
BT5,Bristol,Bristol,FL
QBX,Bristol,Bristol,IL
BSX,Bristol,Bristol,IN
IZO,Bristol,Bristol,ME
IOB,Bristol,Bristol,NH
UAC,Bristol,Bristol,PA
BSE,Bristol,Bristol,RI
BSO,Bristol,Bristol,TN
BFS,Bristol,Bristol,VA
BZL,Bristol,Bristol,VT
BSJ,Bristol,Bristol,WI
TRI,Bristol-Johnson City-Kingsport (Tri-Cities Regional) Apt,Bristol-Johnson City-Kingsport (Tri-Cities Regional) Apt,TN
P7D,Bristow,Bristow,IA
YIW,Bristow,Bristow,OK
VBW,Bristow,Bristow,VA
DJT,Britt,Britt,IA
TZJ,Britton,Britton,MI
TTO,Britton,Britton,SD
BB8,Broad Brook,Broad Brook,CT
FU8,Broad Run,Broad Run,VA
7BR,Broadlands,Broadlands,VA
BDX,Broadus,Broadus,MT
BRJ,Broadview,Broadview,IL
DVH,Broadview Heights,Broadview Heights,OH
BV2,"Broadview, Summit","Broadview, Summit",OH
BW7,Broadway,Broadway,NC
BPQ,Broadway,Broadway,NJ
BDW,Broadway,Broadway,VA
B3K,Brock,Brock,TX
BPK,Brockport,Brockport,NY
BK7,Brockport,Brockport,PA
BKS,Brockton,Brockton,MA
BKY,Brockway,Brockway,PA
BWJ,Brockwell,Brockwell,AR
BD8,Brodhead,Brodhead,KY
BH4,Brodhead,Brodhead,WI
BXQ,Brodnax,Brodnax,VA
OUE,Brogue,Brogue,PA
ZVH,Brokaw,Brokaw,WI
BWQ,Broken Arrow,Broken Arrow,OK
BBW,Broken Bow,Broken Bow,NE
BB3,Broken Bow,Broken Bow,OK
BM3,Bromley,Bromley,KY
B9A,Bronaugh,Bronaugh,MO
WO9,Bronson,Bronson,IA
QTX,Bronson,Bronson,MI
TSZ,Bronston,Bronston,KY
OOO,Bronwood,Bronwood,GA
BRX,Bronx,Bronx,NY
BNX,Bronxville,Bronxville,NY
NA6,Brook,Brook,IN
BPC,Brook Park,Brook Park,MN
BPO,Brook Park,Brook Park,OH
4BD,Brookdale,Brookdale,CA
B6O,Brookeland,Brookeland,TX
O2V,Brookeville,Brookeville,MD
KFR,Brookfield,Brookfield,CO
BRK,Brookfield,Brookfield,CT
IKD,Brookfield,Brookfield,GA
IBF,Brookfield,Brookfield,IL
BKZ,Brookfield,Brookfield,MA
OFI,Brookfield,Brookfield,MO
BF2,Brookfield,Brookfield,NY
BFZ,Brookfield,Brookfield,OH
8BK,Brookfield,Brookfield,VT
XCH,Brookfield,Brookfield,WI
9BH,Brookhaven,Brookhaven,GA
BKN,Brookhaven,Brookhaven,MS
ZBH,Brookhaven,Brookhaven,NY
KHA,Brookhaven,Brookhaven,PA
BOK,Brookings,Brookings,OR
BKX,Brookings,Brookings,SD
9BE,Brookland,Brookland,AR
BE4,Brooklandville,Brooklandville,MD
B8K,Brooklawn,Brooklawn,NJ
OKT,Brooklet,Brooklet,GA
BKR,Brookley,Brookley,AL
BL3,"Brooklin, Hancock","Brooklin, Hancock",ME
BMA,Brookline,Brookline,MA
BJK,Brookline,Brookline,MO
UBT,Brookline,Brookline,NH
BO8,Brookline Station,Brookline Station,MO
BOC,Brooklyn,Brooklyn,CT
OYN,Brooklyn,Brooklyn,IA
OYK,Brooklyn,Brooklyn,KY
BN5,Brooklyn,Brooklyn,MD
BK8,Brooklyn,Brooklyn,MI
VBJ,Brooklyn,Brooklyn,MS
BKU,Brooklyn,Brooklyn,OH
AFZ,Brooklyn,Brooklyn,WI
XCX,Brooklyn Center,Brooklyn Center,MN
BHS,Brooklyn Heights,Brooklyn Heights,OH
BJQ,Brooklyn Park,Brooklyn Park,MD
BQP,Brooklyn Park,Brooklyn Park,MN
BOY,Brooklyn/New York,Brooklyn/New York,NY
BN4,Brookneal,Brookneal,VA
8BR,Brookport,Brookport,IL
3BK,Brooks,Brooks,CA
B5O,Brooks,Brooks,GA
AFR,Brooks,Brooks,KY
9OK,Brooks,Brooks,ME
B7K,Brooks,Brooks,MN
BRS,Brooks,Brooks,OR
BKF,Brooks Lake,Brooks Lake,AK
RBH,Brooks Lodge,Brooks Lodge,AK
XDI,Brookshire,Brookshire,TX
5OO,Brookside,Brookside,NJ
KII,Brookston,Brookston,IN
B5K,Brookston,Brookston,TX
BKJ,Brooksville,Brooksville,FL
BKQ,Brooksville,Brooksville,IN
VJL,Brooksville,Brooksville,KY
8VL,Brooksville,Brooksville,ME
KSL,Brooksville,Brooksville,MS
BV4,Brookville,Brookville,IN
BV5,Brookville,Brookville,NY
OOV,Brookville,Brookville,OH
BVP,Brookville,Brookville,PA
BWA,Brookwood,Brookwood,AL
XCM,Broomall,Broomall,PA
BJC,Broomfield,Broomfield,CO
ZOB,Brooten,Brooten,MN
B8S,Broseley,Broseley,MO
BSY,"Broussard, Lafayette","Broussard, Lafayette",LA
B2C,Brown City,Brown City,MI
XCQ,Brown Deer,Brown Deer,WI
B8F,Brownfield,Brownfield,ME
BXU,Brownfield,Brownfield,TX
BI9,Browning,Browning,IL
JBJ,Browns Mills,Browns Mills,NJ
QXY,Browns Mills,Browns Mills,NJ
XCL,Browns Summit,Browns Summit,NC
QVY,Browns Valley,Browns Valley,MN
B2O,Brownsboro,Brownsboro,AL
BWB,Brownsburg,Brownsburg,IN
5BR,Brownstown,Brownstown,IL
BXV,Brownstown,Brownstown,IN
BQN,Brownstown,Brownstown,MI
BR9,Brownstown,Brownstown,PA
OWT,Brownstown Township,Brownstown Township,MI
QBR,Brownsville,Brownsville,FL
BW8,Brownsville,Brownsville,IN
B7W,Brownsville,Brownsville,OR
BV8,Brownsville,Brownsville,PA
BSD,Brownsville,Brownsville,TN
BRO,Brownsville,Brownsville,TX
ZVB,Brownsville,Brownsville,WI
BWW,Brownton,Brownton,MN
8BL,Brownville,Brownville,ME
B5W,Brownville,Brownville,NE
QBV,Brownville,Brownville,NY
3BD,Brownwood,Brownwood,MO
BWD,Brownwood,Brownwood,TX
BCZ,Bruce,Bruce,MS
BZU,Bruce,Bruce,SD
BHI,Bruce,Bruce,WI
QBQ,Bruce Crossing,Bruce Crossing,MI
BUB,Bruceton,Bruceton,TN
BCM,Bruceton Mills,Bruceton Mills,WV
BC8,Bruceville,Bruceville,IN
UCV,Bruceville,Bruceville,TX
AGD,Brundidge,Brundidge,AL
B6U,Bruno,Bruno,AR
SSI,Brunswick,Brunswick,GA
BU6,Brunswick,Brunswick,MD
WI7,Brunswick,Brunswick,MD
NHZ,Brunswick,Brunswick,ME
RU9,Brunswick,Brunswick,MO
BCK,Brunswick,Brunswick,OH
BW4,Brunswick Gardens,Brunswick Gardens,NJ
BHQ,Brush,Brush,CO
SQ3,Brush Prairie,Brush Prairie,WA
VDG,Brush Valley,Brush Valley,PA
VXB,Brushton,Brushton,NY
BCH,Brushvale,Brushvale,MN
BL6,Brusly,Brusly,LA
B6S,Brussels,Brussels,WI
BRY,Bryan,Bryan,OH
CFD,Bryan,Bryan,TX
YNT,Bryant,Bryant,AR
9BY,Bryant,Bryant,WI
BT2,"Bryant, Hamlin","Bryant, Hamlin",SD
BCE,Bryce,Bryce,UT
BYE,Bryn Mawr,Bryn Mawr,PA
QYS,Bryson,Bryson,TX
BYF,Bryson City,Bryson City,NC
BUC,Buchanan,Buchanan,MI
YUA,Buchanan,Buchanan,NM
KCB,Buchanan,Buchanan,NY
BPJ,Buchanan,Buchanan,TN
BJH,Buchanan,Buchanan,VA
UCQ,Buchannon,Buchannon,WV
BKI,Buckeye,Buckeye,AR
BXK,Buckeye,Buckeye,AZ
BFY,Buckeye Lake,Buckeye Lake,OH
KF2,Buckfield,Buckfield,ME
BHN,Buckhannon,Buckhannon,WV
UKB,Buckhead,Buckhead,GA
BKC,Buckland,Buckland,AK
4CB,Buckland,Buckland,MA
BUZ,Buckley,Buckley,WA
CNW,Buckner,Buckner,KY
B2U,Buckner,Buckner,MO
BKA,Bucks,Bucks,AL
KKD,Buckskin,Buckskin,IN
BUP,Bucksport,Bucksport,ME
BXW,Bucyrus,Bucyrus,OH
ILU,Buda,Buda,IL
BDU,Buda,Buda,TX
BDK,Budd Lake,Budd Lake,NJ
BUD,Bude,Bude,MS
UHU,Buechel,Buechel,KY
BLT,Buellton,Buellton,CA
BJY,Buena,Buena,NJ
BUE,Buena,Buena,WA
BUN,Buena Park,Buena Park,CA
JBU,Buena Vista,Buena Vista,CO
B2V,Buena Vista,Buena Vista,GA
KBI,Buena Vista,Buena Vista,PA
BVS,Buena Vista,Buena Vista,VA
BU5,Buffalo,Buffalo,IA
IB8,Buffalo,Buffalo,IL
BU4,Buffalo,Buffalo,IN
BS7,Buffalo,Buffalo,ME
UFL,Buffalo,Buffalo,MN
BFU,Buffalo,Buffalo,MO
BUF,Buffalo,Buffalo,NY
FYQ,Buffalo,Buffalo,OH
B99,Buffalo,Buffalo,OK
BZ2,Buffalo,Buffalo,SC
UTX,Buffalo,Buffalo,TX
FFO,Buffalo,Buffalo,WV
BYG,Buffalo,Buffalo,WY
BGO,Buffalo Grove,Buffalo Grove,IL
UJC,Buffalo Junction,Buffalo Junction,VA
BUG,Buffalo Lake,Buffalo Lake,MN
BFA,Buford,Buford,GA
B9U,Buhl,Buhl,AL
BHL,Buhl,Buhl,ID
B6L,Buhl,Buhl,MN
UHL,Buhler,Buhler,KS
B3G,Bulger,Bulger,PA
BU3,Bull Valley,Bull Valley,IL
ULR,Bullard,Bullard,TX
BFG,Bullfrog Basin,Bullfrog Basin,UT
IFP,Bullhead City,Bullhead City,AZ
BG3,Bulls Gap,Bulls Gap,TN
UVE,Bullville,Bullville,NY
BU9,Bulverde,Bulverde,TX
UBZ,Bulville,Bulville,NY
BZP,Bumpass,Bumpass,VA
BKB,Bunker,Bunker,MO
ZBA,Bunker Hill,Bunker Hill,IL
JBH,Bunker Hill,Bunker Hill,IN
B3H,Bunker Hill,Bunker Hill,WV
BQK,Bunkie,Bunkie,LA
BNY,Bunn,Bunn,NC
UEL,Bunnell,Bunnell,FL
ULO,Bunola,Bunola,PA
BUS,Buras,Buras,LA
BUR,Burbank,Burbank,CA
BUK,Burbank,Burbank,IL
BB7,Burbank,Burbank,OH
BB2,Burbank,Burbank,WA
UHR,Burchard,Burchard,NE
QBG,Burdett,Burdett,KS
B9N,Burdett,Burdett,NY
2BU,Bureau,Bureau,IL
BAU,Burgaw,Burgaw,NC
BR4,Burgettstown,Burgettstown,PA
UIE,Burien,Burien,WA
3BB,Burkburnett,Burkburnett,TX
XRK,Burke,Burke,NY
K55,Burke,Burke,SD
UKE,Burke,Burke,VA
ZBV,Burkesville,Burkesville,KY
UKV,Burkeville,Burkeville,VA
BQL,Burkville,Burkville,AL
BND,Burleson,Burleson,TX
ZBU,Burley,Burley,ID
BYP,Burley,Burley,PA
BYI,Burley-Rupert Apt,Burley-Rupert Apt,ID
BGI,Burlingame,Burlingame,CA
LGO,Burlington,Burlington,CO
BUU,Burlington,Burlington,CT
BRL,Burlington,Burlington,IA
BL7,Burlington,Burlington,IL
BGZ,Burlington,Burlington,IN
D3X,Burlington,Burlington,KS
BHJ,Burlington,Burlington,KY
BBF,Burlington,Burlington,MA
B8U,Burlington,Burlington,ME
UIG,Burlington,Burlington,MI
XDD,Burlington,Burlington,NC
BUH,Burlington,Burlington,NJ
UOG,Burlington,Burlington,NY
JGZ,Burlington,Burlington,OK
BGV,Burlington,Burlington,OR
B9L,Burlington,Burlington,PA
BTV,Burlington,Burlington,VT
BGA,Burlington,Burlington,WA
BUW,Burlington,Burlington,WI
XCU,Burlington,Burlington,WY
UGF,Burlington Flats,Burlington Flats,NY
QRI,Burlison,Burlison,TN
7BU,Burnet,Burnet,TX
TTB,Burnett,Burnett,TX
BYN,Burney,Burney,CA
UGY,Burney,Burney,IN
4BH,Burnham,Burnham,IL
BNH,Burnham,Burnham,ME
BHP,Burnham,Burnham,PA
BNO,Burns,Burns,OR
BS3,Burns,Burns,TN
BNB,Burns Harbor,Burns Harbor,IN
BD5,Burnside,Burnside,KY
UDE,Burnside,Burnside,LA
UPD,Burnside,Burnside,PA
BYO,Burnsville,Burnsville,MN
XUV,Burnsville,Burnsville,MS
BNI,Burnsville,Burnsville,NC
7BN,Burnt Prairie,Burnt Prairie,IL
BUQ,Burr Oak,Burr Oak,MI
BGB,Burr Ridge,Burr Ridge,IL
YBU,Burrton,Burrton,KS
BTU,Burt,Burt,NY
QBU,Burton,Burton,MI
BUT,Burton,Burton,OH
BUV,Burtonsville,Burtonsville,MD
UWE,Burwell,Burwell,NE
DBH,Bush,Bush,LA
BS9,Bushkill,Bushkill,PA
BJL,Bushnell,Bushnell,FL
UHN,Bushnell,Bushnell,FL
BGC,Bushnell,Bushnell,IL
B9S,Bushton,Bushton,KS
XCB,Bustleton,Bustleton,PA
BGF,Butler,Butler,AL
6BL,Butler,Butler,CA
AFU,Butler,Butler,GA
QUR,Butler,Butler,IL
BUI,Butler,Butler,IN
BUJ,Butler,Butler,KY
BT9,Butler,Butler,MD
BUM,Butler,Butler,MO
BGG,Butler,Butler,NJ
BTP,Butler,Butler,PA
XDG,Butler,Butler,WI
ZBD,Butlerville,Butlerville,IN
ZBT,Butner,Butner,NC
BTM,Butte,Butte,MT
BU2,Butte Meadows,Butte Meadows,CA
BGH,Butternut,Butternut,WI
BIM,Buttonwillow,Buttonwillow,CA
X8T,Buxton,Buxton,ME
BPU,Buxton,Buxton,ND
ZBG,Buzzards Bay,Buzzards Bay,MA
TNA,Byant,Byant,AR
AGB,Byant,Byant,SD
JBB,Bybee,Bybee,TN
BYQ,Byberry,Byberry,PA
VBL,Byesville,Byesville,OH
BY5,Byfield,Byfield,MA
BHA,Byhalia,Byhalia,MS
BYM,Byram,Byram,CT
OBM,Byram,Byram,MS
YDW,Byrdstown,Byrdstown,TN
YRM,Byromville,Byromville,GA
BYR,Byron,Byron,CA
BY8,Byron,Byron,GA
XYB,Byron,Byron,IL
B7Y,Byron,Byron,MI
YBO,Byron,Byron,MN
BY7,Byron,Byron,NY
BYK,Byron Center,Byron Center,MI
7BY,Byron Hills Estates,Byron Hills Estates,IL
CJB,Cabazon,Cabazon,CA
CBZ,Cabin Creek,Cabin Creek,AK
C3C,Cabin Creek,Cabin Creek,WV
CJ4,Cabin John,Cabin John,MD
CBM,Cabool,Cabool,MO
EQA,Cabot,Cabot,AR
IYS,Cabot,Cabot,PA
CB7,Cabot,Cabot,VT
ZVC,Cache,Cache,IL
CC7,Cache,Cache,OK
CAC,Cactus,Cactus,TX
QUC,Cactus (Moore County),Cactus (Moore County),TX
XDY,Caddo Mills,Caddo Mills,TX
KDE,Cade,Cade,LA
CD5,Cadet,Cadet,MO
CAD,Cadillac,Cadillac,MI
JCZ,Cadiz,Cadiz,CA
YCZ,Cadiz,Cadiz,KY
QAZ,Cadiz,Cadiz,OH
YYI,Cadiz,Cadiz,TX
CM5,Cadmus,Cadmus,MI
CK5,Cahokia,Cahokia,IL
CJR,Cairo,Cairo,GA
CIR,Cairo,Cairo,IL
9CO,Cairo,Cairo,MO
QIR,Cairo,Cairo,WV
LBJ,Calabasas,Calabasas,CA
LBQ,Calabash,Calabash,NC
CAL,Calais,Calais,ME
7CI,Calais,Calais,VT
CAU,Calcasieu,Calcasieu,LA
MI3,Calcite,Calcite,MI
CDX,Caldwell,Caldwell,ID
DWL,Caldwell,Caldwell,KS
CDW,Caldwell,Caldwell,NJ
CAQ,Caldwell,Caldwell,OH
AWE,Caldwell,Caldwell,TX
CDZ,Caledonia,Caledonia,MI
EOI,Caledonia,Caledonia,MN
C2Q,Caledonia,Caledonia,MS
CO7,Caledonia,Caledonia,NY
CCD,Caledonia,Caledonia,OH
CXX,Caledonia,Caledonia,WI
CEB,Calera,Calera,AL
CXL,Calexico,Calexico,CA
CLH,Calhan,Calhan,CO
CAH,Calhoun,Calhoun,GA
C6H,Calhoun,Calhoun,IL
CU3,Calhoun,Calhoun,KY
CU7,Calhoun,Calhoun,TN
CCI,Calhoun City,Calhoun City,MS
AHS,Calhoun Falls,Calhoun Falls,SC
QCJ,Califon,Califon,NJ
CA2,California,California,MD
CFJ,California,California,MO
IFF,California,California,PA
ZTZ,California City,California City,CA
CAA,Calimesa,Calimesa,CA
CLR,Calipatria,Calipatria,CA
CAG,Calistoga,Calistoga,CA
CH6,Callahan,Callahan,FL
C23,Callands,Callands,VA
ZBX,Callao,Callao,MO
CW6,Callaway,Callaway,FL
KCJ,Callaway,Callaway,MN
9AY,Callaway,Callaway,VA
CWG,Callaway Gardens,Callaway Gardens,GA
YYY,Callery,Callery,PA
CA9,Callicoon,Callicoon,NY
L3E,Calpella,Calpella,CA
LMM,Calumet,Calumet,MI
CZ2,Calumet,Calumet,MN
UET,Calumet,Calumet,OK
CAY,Calumet City,Calumet City,IL
CUP,Calumet Park,Calumet Park,IL
VEZ,Calvert,Calvert,AL
8CV,Calvert,Calvert,TX
CCT,Calvert City,Calvert City,KY
C42,Calverton,Calverton,MD
CTO,Calverton,Calverton,NY
AEO,Calverton,Calverton,VA
XAW,Calwa,Calwa,CA
YDS,Calypso,Calypso,NC
KMM,Camak,Camak,GA
CAN,Camanche,Camanche,IA
CMW,Camano Is.,Camano Is.,WA
CMR,Camarillo,Camarillo,CA
CM4,Camas,Camas,ID
CMS,Camas,Camas,WA
CV5,Camas Valley,Camas Valley,OR
9CM,Cambria,Cambria,IL
WMB,Cambria,Cambria,WI
C4M,Cambridge,Cambridge,IA
3CB,Cambridge,Cambridge,ID
2CB,Cambridge,Cambridge,IL
JHY,Cambridge,Cambridge,MA
CGE,Cambridge,Cambridge,MD
B7G,Cambridge,Cambridge,ME
CBD,Cambridge,Cambridge,MN
CMB,Cambridge,Cambridge,MS
C45,Cambridge,Cambridge,NE
CR7,Cambridge,Cambridge,NY
CBH,Cambridge,Cambridge,OH
CB6,Cambridge,Cambridge,VT
AMG,Cambridge,Cambridge,WI
CAM,Cambridge City,Cambridge City,IN
UFJ,Cambridge Springs,Cambridge Springs,PA
C4B,Cambridgeport,Cambridgeport,VT
YCA,Camby,Camby,IN
CDD,Camden,Camden,AL
CDH,Camden,Camden,AR
XAE,Camden,Camden,DE
KDN,Camden,Camden,IN
AQQ,Camden,Camden,ME
CX8,Camden,Camden,MI
VTM,Camden,Camden,NC
CDE,Camden,Camden,NJ
ZCD,Camden,Camden,NY
C2D,Camden,Camden,OH
CDN,Camden,Camden,SC
CAT,Camden,Camden,TN
DKN,Camden,Camden,TX
CDT,Camdenton,Camdenton,MO
YCN,Cameron,Cameron,LA
XAO,Cameron,Cameron,MO
CR6,Cameron,Cameron,MT
CMU,Cameron,Cameron,NC
AQN,Cameron,Cameron,OK
CXM,Cameron,Cameron,TX
ZCM,Cameron,Cameron,WI
MHO,Cameron Park,Cameron Park,CA
CML,Camilla,Camilla,GA
IUS,Camillus,Camillus,NY
CMN,Camino,Camino,CA
NNI,Camp Dennison,Camp Dennison,OH
VOK,Camp Douglas,Camp Douglas,WI
HCD,Camp Hill,Camp Hill,AL
XDZ,Camp Hill,Camp Hill,PA
CLJ,Camp Lejeune,Camp Lejeune,NC
PPD,Camp Pendleton,Camp Pendleton,CA
3CP,Camp Point,Camp Point,IL
CY7,Camp Shelby,Camp Shelby,MS
ADW,Camp Springs,Camp Springs,MD
CP9,Camp Verde,Camp Verde,AZ
CPB,Campbell,Campbell,CA
CPL,Campbell,Campbell,MO
C7B,Campbell,Campbell,NC
CP8,Campbell,Campbell,NE
CPE,Campbell,Campbell,NY
APB,Campbell,Campbell,TX
CEH,Campbell Hall,Campbell Hall,NY
JPI,Campbell Hill,Campbell Hill,IL
AR7,Campbellsburg,Campbellsburg,IN
CBU,Campbellsburg,Campbellsburg,KY
QCP,Campbellsport,Campbellsport,WI
CMP,Campbellsville,Campbellsville,KY
TCP,Campbellton,Campbellton,FL
ADC,Camphill,Camphill,PA
CZZ,Campo,Campo,CA
CBO,Campobello,Campobello,SC
CIM,Campti,Campti,LA
CTP,Campton,Campton,KY
CM6,Campton,Campton,NH
OVF,Camptonville,Camptonville,CA
NZJ,Cana,Cana,VA
CUM,Canaan,Canaan,CT
8CN,Canaan,Canaan,ME
NN2,Canaan,Canaan,NH
A5A,Canaan,Canaan,VT
XC2,Canadian,Canadian,TX
C9K,Canadian Lakes,Canadian Lakes,MI
CJH,Canajoharie,Canajoharie,NY
CFI,Canal Fulton,Canal Fulton,OH
C2P,Canal Point,Canal Point,FL
XEQ,Canal Winchester,Canal Winchester,OH
CND,Canandaigua,Canandaigua,NY
CNS,Canastota,Canastota,NY
XC3,Canby,Canby,CA
C4Y,Canby,Canby,MN
CAB,Canby,Canby,OR
9CN,Candia,Candia,NH
CDL,Candle,Candle,AK
FCD,Candler,Candler,FL
CDF,Candler,Candler,NC
XEC,Cando,Cando,ND
CNR,Candor,Candor,NC
D6C,Candor,Candor,NY
CUQ,Caney,Caney,KS
C8V,Caneyville,Caneyville,KY
CNF,Canfield,Canfield,OH
C2O,Canisteo,Canisteo,NY
IKS,Canistota,Canistota,SD
K85,Canmer,Canmer,KY
IBU,Cannelburg,Cannelburg,IN
CUU,Cannelton,Cannelton,IN
JFB,Cannon Afb,Cannon Afb,NM
CBX,Cannon Beach,Cannon Beach,OR
CFS,Cannon Falls,Cannon Falls,MN
CPA,Canoga Park,Canoga Park,CA
CG6,Canon,Canon,GA
CNE,Canon City,Canon City,CO
CNN,Canonsburg,Canonsburg,PA
NT5,Canterbury,Canterbury,NH
U5C,Cantil,Cantil,CA
AJX,Canton,Canton,CT
CNX,Canton,Canton,GA
CTJ,Canton,Canton,IL
ACU,Canton,Canton,MA
9ON,Canton,Canton,ME
CNT,Canton,Canton,MI
CNZ,Canton,Canton,MO
CNP,Canton,Canton,MS
CNQ,Canton,Canton,NC
T9N,Canton,Canton,NJ
XAN,Canton,Canton,NY
CCO,Canton,Canton,OH
AJN,Canton,Canton,OK
AOJ,Canton,Canton,PA
CTK,Canton,Canton,SD
TCN,Canton,Canton,TX
CQF,Cantonment,Cantonment,FL
QUK,Cantua Creek,Cantua Creek,CA
UTL,Canutillo,Canutillo,TX
2WV,Canvas,Canvas,WV
CJU,Canyon,Canyon,CA
NYO,Canyon,Canyon,CA
AYO,Canyon,Canyon,TX
CY3,Canyon City,Canyon City,TX
AYC,Canyon Country,Canyon Country,CA
C5L,Canyon Lake,Canyon Lake,CA
ZHX,Canyon Lake,Canyon Lake,TX
YLL,Canyonville,Canyonville,OR
XAP,Capac,Capac,MI
A5Y,Capay,Capay,CA
PB7,Cape Blanco,Cape Blanco,OR
CPV,Cape Canaveral,Cape Canaveral,FL
TPC,Cape Carteret,Cape Carteret,NC
CCJ,Cape Charles,Cape Charles,VA
CC2,Cape Coral,Cape Coral,FL
CEL,Cape Elizabeth,Cape Elizabeth,ME
CFN,Cape Fear,Cape Fear,NC
CGI,Cape Girardeau,Cape Girardeau,MO
CPH,Cape Hatteras,Cape Hatteras,NC
C65,Cape Henlopen,Cape Henlopen,DE
XPY,Cape Henry,Cape Henry,VA
LUR,Cape Lisburne,Cape Lisburne,AK
CGF,Cape May,Cape May,NJ
ZQH,Cape May Court House,Cape May Court House,NJ
M6C,Cape Neddick,Cape Neddick,ME
EHM,Cape Newenham,Cape Newenham,AK
CZP,Cape Pole,Cape Pole,AK
CZF,Cape Romanzof,Cape Romanzof,AK
CSA,Cape Sabine,Cape Sabine,AK
CSP,Cape Spencer,Cape Spencer,AK
CVI,Cape Vincent,Cape Vincent,NY
CPZ,Capistrano Beach,Capistrano Beach,CA
CAP,Capitan,Capitan,CA
C6P,Capitan,Capitan,NM
ACD,Capitol Heights,Capitol Heights,MD
CGP,Capitola,Capitola,CA
CJ7,Capron,Capron,IL
9CC,Captain Cook,Captain Cook,HI
4CP,Captiva,Captiva,FL
C5P,Capulin,Capulin,CO
9TU,Caratunk,Caratunk,ME
XYY,Caraway,Caraway,AR
C8N,Carbon,Carbon,IN
4CC,Carbon Cliff,Carbon Cliff,IL
ZXP,Carbondale,Carbondale,CO
MDH,Carbondale,Carbondale,IL
K7S,Carbondale,Carbondale,KS
C9D,Carbondale,Carbondale,OH
CQD,Carbondale,Carbondale,PA
9CB,Carbonville,Carbonville,UT
CBY,Carbury,Carbury,ND
ZBZ,Cardiff by the Sea,Cardiff by the Sea,CA
3OH,Cardington,Cardington,OH
EFQ,Carefree,Carefree,AZ
RCO,Carencro,Carencro,LA
CXJ,Carey,Carey,OH
CRY,Careywood,Careywood,ID
CI5,Caribou,Caribou,CA
CAR,Caribou,Caribou,ME
CPC,Carle Place,Carle Place,NY
CNL,Carleton,Carleton,MI
CNV,Carlin,Carlin,NV
VCN,Carlinville,Carlinville,IL
CUZ,Carlisle,Carlisle,AR
C9S,Carlisle,Carlisle,IA
CQI,Carlisle,Carlisle,IN
CSJ,Carlisle,Carlisle,MA
CI7,Carlisle,Carlisle,NY
CRL,Carlisle,Carlisle,OH
UFI,Carlisle,Carlisle,PA
QLC,Carlisle,Carlisle,SC
CL7,"Carlisle, Spartanburg","Carlisle, Spartanburg",SC
C9A,Carlock,Carlock,IL
VAQ,Carlos,Carlos,MN
CLD,Carlsbad,Carlsbad,CA
CNM,Carlsbad,Carlsbad,NM
UAK,Carlstadt,Carlstadt,NJ
4CT,Carlton,Carlton,GA
LRH,Carlton,Carlton,MN
AOG,Carlton,Carlton,OR
YCR,Carlton,Carlton,PA
TE2,Carlton,Carlton,TX
IYC,Carlyle,Carlyle,IL
9SS,Carlyss,Carlyss,LA
CRJ,Carman,Carman,NY
ZCA,Carmel,Carmel,CA
RML,Carmel,Carmel,IN
C9M,Carmel,Carmel,ME
CMZ,Carmel,Carmel,NY
CMV,Carmel Valley,Carmel Valley,CA
MRY,Carmel-Monterey Apt,Carmel-Monterey Apt,CA
QCM,Carmen,Carmen,OK
AMI,Carmi,Carmi,IL
CM3,Carmichael,Carmichael,CA
CXK,Carmichaels,Carmichaels,PA
C8R,Carmine,Carmine,TX
NGI,Carnegie,Carnegie,OK
CRE,Carnegie,Carnegie,PA
NAF,Carnelian Bay,Carnelian Bay,CA
C2A,Carnesville,Carnesville,GA
AEY,Carneys Point,Carneys Point,NJ
CJO,Caro,Caro,MI
CI3,Carol City,Carol City,FL
ACE,Carol Stream,Carol Stream,IL
ICO,Carolina,Carolina,RI
OIQ,Carolina,Carolina,WV
KIQ,Carolina Beach,Carolina Beach,NC
KCA,Caroline,Caroline,WI
CP5,Carpenter,Carpenter,SD
CRV,Carpentersville,Carpentersville,IL
CPT,Carpinteria,Carpinteria,CA
B6V,Carrabasset Valley,Carrabasset Valley,ME
CRB,Carrabelle,Carrabelle,FL
ZRR,Carrboro,Carrboro,NC
Z2B,Carrier,Carrier,OK
CM9,Carrier Mills,Carrier Mills,IL
TKX,Carriere,Carriere,MS
IGO,Carrington,Carrington,ND
CZT,Carrizo Springs,Carrizo Springs,TX
UFH,Carrizozo,Carrizozo,NM
CIN,Carroll,Carroll,IA
R9L,Carroll,Carroll,NE
CWU,Carroll,Carroll,OH
C2R,Carrollton,Carrollton,AL
CRR,Carrollton,Carrollton,GA
C5K,Carrollton,Carrollton,IL
CRK,Carrollton,Carrollton,KY
KJR,Carrollton,Carrollton,MI
CR2,Carrollton,Carrollton,MO
CQR,Carrollton,Carrollton,OH
CAX,Carrollton,Carrollton,TX
QLN,Carrollton,Carrollton,VA
DCW,Carrolltown,Carrolltown,PA
C97,Carrs Corner,Carrs Corner,NJ
CRU,Carson,Carson,CA
RNM,Carson,Carson,MS
5ON,Carson,Carson,ND
C5S,Carson,Carson,NM
RZQ,Carson,Carson,WA
CSN,Carson City,Carson City,NV
CSU,Carsonville,Carsonville,MI
ZQR,Carter,Carter,KY
TJQ,Carter,Carter,MT
TQR,Carter,Carter,OK
CTR,Carter Lake,Carter Lake,IA
CSF,Carteret,Carteret,NJ
UFK,Cartersville,Cartersville,GA
VYZ,Cartersville,Cartersville,SC
4CV,Carterville,Carterville,IL
AV7,Carterville,Carterville,LA
RTG,Carthage,Carthage,IL
CAW,Carthage,Carthage,IN
CJQ,Carthage,Carthage,MO
CGT,Carthage,Carthage,MS
TAG,Carthage,Carthage,NC
QCH,Carthage,Carthage,NY
CGX,Carthage,Carthage,TN
CJP,Carthage,Carthage,TX
UHQ,Caruthers,Caruthers,CA
AHV,Caruthersville,Caruthersville,MO
YCE,Carver,Carver,MA
CXB,Carver,Carver,OR
LXL,Carville,Carville,LA
AYI,Cary,Cary,IL
CFC,Cary,Cary,NC
XEN,Caryville,Caryville,TN
JCJ,Casa Blanca,Casa Blanca,NM
CGZ,Casa Grande,Casa Grande,AZ
FCS,Casar,Casar,NC
KQE,Cascade,Cascade,CO
JDE,Cascade,Cascade,IA
KSC,Cascade,Cascade,ID
C4U,Cascade,Cascade,MD
CDA,Cascade,Cascade,MT
CZK,Cascade Locks,Cascade Locks,OR
CS3,Casco,Casco,ME
CC4,Casco,Casco,MI
ZQO,Casco,Casco,WI
C83,Caseville,Caseville,MI
AJY,Casey,Casey,IL
CV9,Caseyville,Caseyville,IL
CS2,Cash,Cash,AR
CJS,Cashiers,Cashiers,NC
C4S,Cashion,Cashion,AZ
XEI,Cashmere,Cashmere,WA
CN9,Cashton,Cashton,WI
CSO,Casnovia,Casnovia,MI
CPR,Casper,Casper,WY
CCP,Caspian,Caspian,MI
CC3,Cass City,Cass City,MI
CIB,Casselberry,Casselberry,FL
RWX,Casselton,Casselton,ND
CZI,Cassopolis,Cassopolis,MI
TGW,Casstown,Casstown,OH
XSS,Cassville,Cassville,MO
QIC,Castaic,Castaic,CA
C7S,Castalia,Castalia,NC
AL8,Castalia,Castalia,OH
C4P,Castanea,Castanea,PA
OMW,Castile,Castile,NY
CAS,Castine,Castine,ME
OK7,Castle,Castle,OK
CE6,Castle Dale,Castle Dale,UT
CHY,Castle Hayne,Castle Hayne,NC
C4H,Castle Hills,Castle Hills,TX
XSD,Castle Island,Castle Island,AK
DP9,Castle Pines,Castle Pines,CO
CSK,Castle Rock,Castle Rock,CO
LK9,Castle Rock,Castle Rock,MN
C7A,Castle Rock,Castle Rock,WA
CJZ,Castleberry,Castleberry,AL
CT5,Castleton,Castleton,VT
COH,Castleton On Hudson,Castleton On Hudson,NY
DK6,Castlewood,Castlewood,SD
YCW,Castlewood,Castlewood,VA
CL2,Castorland,Castorland,NY
CVA,Castro Valley,Castro Valley,CA
CTV,Castroville,Castroville,CA
TVG,Castroville,Castroville,TX
QAX,Cat Spring,Cat Spring,TX
2CD,Cataldo,Cataldo,ID
QTA,Catalina,Catalina,AZ
CKI,Catalina Island,Catalina Island,CA
8CT,Catarina,Catarina,TX
XEJ,Catasauqua,Catasauqua,PA
AOK,Catatonk,Catatonk,NY
C47,Cataula,Cataula,GA
UMO,Cataumet,Cataumet,MA
CTQ,Catawba,Catawba,NC
CTA,Catawba,Catawba,SC
A54,Catawba,Catawba,WI
C8A,Catawissa,Catawissa,MO
KWS,Catawissa,Catawissa,PA
8CE,Caterville,Caterville,MO
CW5,Cathcart,Cathcart,WA
YCD,Cathedral City,Cathedral City,CA
8TX,Catheys Valley,Catheys Valley,CA
CE9,Cathlamet,Cathlamet,WA
KVT,Catlett,Catlett,VA
CGK,Catlettsburg,Catlettsburg,KY
8CL,Catlin,Catlin,IL
QAC,Cato,Cato,NY
CVM,Catonsville,Catonsville,MD
XEL,Catoosa,Catoosa,OK
ACG,Catskill,Catskill,NY
TTT,Cattaraugus,Cattaraugus,NY
C4L,Cavalier,Cavalier,ND
VIY,Cave City,Cave City,AR
CCS,Cave City,Cave City,KY
VCC,Cave Creek,Cave Creek,AZ
CWJ,Cave Junction,Cave Junction,OR
4CS,Cave Spring,Cave Spring,AR
VSP,Cave Spring,Cave Spring,GA
VRK,Cave-in-Rock,Cave-in-Rock,IL
CVX,Cavendish,Cavendish,VT
C5T,Cavetown,Cavetown,MD
CYC,Cayce,Cayce,SC
YU5,Cayucos,Cayucos,CA
CYG,Cayuga,Cayuga,IN
AYG,Cayuga,Cayuga,NY
CYU,Cayuta,Cayuta,NY
CZ3,Cazadero,Cazadero,CA
ZCZ,Cazenovia,Cazenovia,NY
IQC,Cecil,Cecil,AR
ZB2,Cecil,Cecil,PA
JIA,Cecilia,Cecilia,KY
CYD,Cecilton,Cecilton,MD
CQ5,Cedar,Cedar,MI
CBV,Cedar Bayou,Cedar Bayou,TX
RBU,Cedar Bluff,Cedar Bluff,AL
DFF,Cedar Bluff,Cedar Bluff,VA
C3B,Cedar Bluffs,Cedar Bluffs,NE
NQB,Cedar Brook,Cedar Brook,NJ
CDC,Cedar City,Cedar City,UT
YXT,Cedar Creek,Cedar Creek,TX
CRD,Cedar Falls,Cedar Falls,IA
XDP,Cedar Falls,Cedar Falls,NC
DGC,Cedar Glen,Cedar Glen,CA
YCG,Cedar Grove,Cedar Grove,NC
CED,Cedar Grove,Cedar Grove,NJ
CGR,Cedar Grove,Cedar Grove,WI
XZA,Cedar Grove,Cedar Grove,WV
VRH,Cedar Hill,Cedar Hill,MO
C88,Cedar Hill,Cedar Hill,NC
CX6,Cedar Hill,Cedar Hill,TN
ZCH,Cedar Hill,Cedar Hill,TX
ZZR,Cedar Hill,Cedar Hill,TX
CDJ,Cedar Hills,Cedar Hills,OR
EHS,Cedar Hills,Cedar Hills,UT
CDK,Cedar Key,Cedar Key,FL
CJJ,Cedar Knolls,Cedar Knolls,NJ
C4K,Cedar Lake,Cedar Lake,IN
CDU,Cedar Lake,Cedar Lake,MI
CPK,Cedar Park,Cedar Park,TX
CD9,Cedar Point,Cedar Point,NC
CID,Cedar Rapids,Cedar Rapids,IA
DIV,Cedar River,Cedar River,MI
CES,Cedar Springs,Cedar Springs,GA
ER6,Cedar Springs,Cedar Springs,MI
CJ3,Cedar Stock,Cedar Stock,CA
CEG,Cedarburg,Cedarburg,WI
5CR,Cedaredge,Cedaredge,CO
YYQ,Cedarhurst,Cedarhurst,NY
T4Z,Cedarpines Park,Cedarpines Park,CA
CDI,Cedartown,Cedartown,GA
VKJ,Cedarville,Cedarville,CA
XDQ,Cedarville,Cedarville,NJ
XDO,Cedarville,Cedarville,OH
EFV,Cee Vee,Cee Vee,TX
CN5,Celebration,Celebration,FL
CEA,Celina,Celina,OH
CL8,Celina,Celina,TN
ICK,Celina,Celina,TX
KCE,Celoron,Celoron,NY
EZM,Cement,Cement,OK
2CC,Cement City,Cement City,MI
ACS,Cementon,Cementon,NY
NNN,Centennial,Centennial,CO
XXC,Center,Center,CO
ZT8,Center,Center,ND
GXG,Center,Center,TX
DCC,Center Cross,Center Cross,VA
H6C,Center Harbor,Center Harbor,NH
ZRH,Center Hill,Center Hill,FL
CWS,Center Island,Center Island,WA
ZB3,Center Line,Center Line,MI
NMS,Center Moriches,Center Moriches,NY
C7P,Center Point,Center Point,AL
C3P,Center Point,Center Point,IN
C6E,Center Point,Center Point,TX
8TU,Center Tuftonboro,Center Tuftonboro,NH
CWQ,Center Valley,Center Valley,PA
ZCX,"Center, Limestone","Center, Limestone",TX
CBC,Centerbrook,Centerbrook,CT
CBS,Centerburg,Centerburg,OH
CCW,Centereach,Centereach,NY
CTT,Centerport,Centerport,NY
CP3,"Centerport, Gayuga","Centerport, Gayuga",NY
C6N,Centerton,Centerton,AR
CT8,Centertown,Centertown,KY
C8J,Centerview,Centerview,MO
EZZ,Centerville,Centerville,AR
CEE,Centerville,Centerville,CA
CIA,Centerville,Centerville,IA
C2T,Centerville,Centerville,IL
L99,Centerville,Centerville,IN
CVZ,Centerville,Centerville,LA
CT6,Centerville,Centerville,MA
CWF,Centerville,Centerville,MN
M37,Centerville,Centerville,MO
VLB,Centerville,Centerville,MS
CXW,Centerville,Centerville,OH
GHM,Centerville,Centerville,TN
ETI,Centerville,Centerville,UT
CVE,"Centerville, Talbot","Centerville, Talbot",GA
CEM,Central,Central,AK
IJU,Central,Central,AZ
ZRL,Central,Central,PA
CTL,Central,Central,SC
N5Y,Central Bridge,Central Bridge,NY
KTC,Central City,Central City,CO
IW8,Central City,Central City,IA
6CN,Central City,Central City,IL
CUK,Central City,Central City,KY
UCN,Central City,Central City,NE
ACH,Central Falls,Central Falls,RI
CIP,Central Islip,Central Islip,NY
NLK,Central Lake,Central Lake,MI
YCP,Central Point,Central Point,OR
TLV,Central Valley,Central Valley,NY
ENL,Centralia,Centralia,IL
RXC,Centralia,Centralia,KS
ZCT,Centralia,Centralia,MO
CRA,Centralia,Centralia,WA
CER,Centre,Centre,AL
VVZ,Centre Hall,Centre Hall,PA
CJI,Centreville,Centreville,AL
CV2,Centreville,Centreville,GA
CIU,Centreville,Centreville,IL
C5E,Centreville,Centreville,MD
NRV,Centreville,Centreville,MI
CE4,Centreville,Centreville,MS
EVH,Centreville,Centreville,VA
N7T,Centuria,Centuria,WI
YCI,Century City,Century City,CA
W6T,Ceredo,Ceredo,WV
CRZ,Ceres,Ceres,CA
NQQ,Ceresco,Ceresco,NE
CEK,Cerritos,Cerritos,CA
CGJ,Cerro Gordo,Cerro Gordo,IL
CHB,Chadbourn,Chadbourn,NC
CFR,Chadds Ford,Chadds Ford,PA
CDR,Chadron,Chadron,NE
8CW,Chadwick,Chadwick,IL
ZZD,Chadwicks,Chadwicks,NY
CQ9,Chaffee,Chaffee,MO
FFC,Chaffee,Chaffee,NY
CFO,Chagrin Falls,Chagrin Falls,OH
JCO,Chalco,Chalco,NE
CHF,Chalfont,Chalfont,PA
CIK,Chalkyitsik,Chalkyitsik,AK
GXM,Challenge,Challenge,CA
CHL,Challis,Challis,ID
7BE,Chalmers,Chalmers,IN
CLQ,Chalmette,Chalmette,LA
QHM,Chama,Chama,NM
VHB,Chamberino,Chamberino,NM
CH9,Chamberlain,Chamberlain,SD
M9B,Chambers,Chambers,AZ
CBB,Chambersburg,Chambersburg,PA
C9B,Chambersville,Chambersville,PA
CMM,Chamblee,Chamblee,GA
CMI,Champaign,Champaign,IL
FNP,Champion,Champion,MI
CJM,Champion,Champion,PA
HZG,Champions Gate,Champions Gate,FL
CHM,Champlain,Champlain,NY
AP9,Champlain,Champlain,VA
NMH,Champlin,Champlin,MN
WCR,Chandalar,Chandalar,AK
CHD,Chandler,Chandler,AZ
CJL,Chandler,Chandler,IN
Z8R,Chandler,Chandler,MN
DFH,Chandler,Chandler,OK
C9V,Chandlersville,Chandlersville,OH
5CH,Chandlerville,Chandlerville,IL
CHQ,Chanhassen,Chanhassen,MN
CHH,Channahon,Channahon,IL
CVU,Channelview,Channelview,TX
NZG,Channing,Channing,MI
CA4,Channing,Channing,TX
CYL,Chantilly,Chantilly,VA
CNU,Chanute,Chanute,KS
CHE,Chapel Hill,Chapel Hill,NC
CIH,Chapel Hill,Chapel Hill,TN
CAI,Chapin,Chapin,SC
6NC,Chaplin,Chaplin,CT
CEP,Chapman,Chapman,AL
9CP,Chapman,Chapman,KS
CP7,Chapman,Chapman,NE
CB4,Chapmansboro,Chapmansboro,TN
VCH,Chapmanville,Chapmanville,WV
P3N,Chappaqua,Chappaqua,NY
CDO,Chardon,Chardon,OH
CIQ,Chariton,Chariton,IA
3MT,Charlemont,Charlemont,MA
ZOI,Charleroi,Charleroi,PA
CCY,Charles City,Charles City,IA
ZZY,Charles City,Charles City,VA
CTS,Charles Town,Charles Town,WV
ZB4,Charleston,Charleston,AR
ILC,Charleston,Charleston,IL
8ES,Charleston,Charleston,ME
CXS,Charleston,Charleston,MO
HRS,Charleston,Charleston,MS
NCS,Charleston,Charleston,NC
CJT,Charleston,Charleston,OR
YI3,Charleston,Charleston,PA
CHS,Charleston,Charleston,SC
CTC,Charleston,Charleston,TN
CST,Charleston,Charleston,TX
C84,Charleston,Charleston,UT
CRW,Charleston,Charleston,WV
ZGT,Charleston Heights,Charleston Heights,SC
C64,Charleston Springs,Charleston Springs,NJ
XEK,Charlestown,Charlestown,IN
CHN,Charlestown,Charlestown,MA
ZJD,Charlestown,Charlestown,NH
CJW,Charlestown,Charlestown,RI
CSX,Charlevoix,Charlevoix,MI
CRQ,Charlotte,Charlotte,MI
CLT,Charlotte,Charlotte,NC
QZQ,Charlotte,Charlotte,NY
KHL,Charlotte,Charlotte,TN
TX2,Charlotte,Charlotte,TX
JCA,Charlotte,Charlotte,VT
JTH,Charlotte Hall,Charlotte Hall,MD
CHO,Charlottesville,Charlottesville,VA
CA6,Charlton,Charlton,MA
CA8,Charm,Charm,OH
CQO,Charter Oak,Charter Oak,CA
C9E,Chase,Chase,KS
HSY,Chase City,Chase City,VA
HXL,Chase Mills,Chase Mills,NY
ACM,Chaska,Chaska,MN
VSL,Chassell,Chassell,MI
CUX,Chateaugay,Chateaugay,NY
CF7,Chatfield,Chatfield,MN
CYM,Chatham,Chatham,AK
CZ7,Chatham,Chatham,IL
CA3,Chatham,Chatham,MA
CH8,Chatham,Chatham,NJ
CIF,Chatham,Chatham,NY
UHH,Chatham,Chatham,PA
CWM,Chatham,Chatham,VA
KCM,Chatom,Chatom,AL
CWH,Chatsworth,Chatsworth,CA
XDT,Chatsworth,Chatsworth,GA
4CI,Chatsworth,Chatsworth,IA
TS4,Chatsworth,Chatsworth,IL
7CW,Chatsworth,Chatsworth,NJ
CTE,Chattahoochee,Chattahoochee,FL
C9T,Chattahoochee,Chattahoochee,GA
HH5,Chattahoochee Hills,Chattahoochee Hills,GA
ZB5,Chattanooga,Chattanooga,OH
C6A,Chattanooga,Chattanooga,OK
CHA,Chattanooga,Chattanooga,TN
YXX,Chattaroy,Chattaroy,WA
QCQ,Chautauqua,Chautauqua,NY
KCV,Chauvin,Chauvin,LA
KYC,Chavies,Chavies,KY
DHY,Chazy,Chazy,NY
CSB,Chebanse,Chebanse,IL
8CI,Chebeague Island,Chebeague Island,ME
CHG,Cheboygan,Cheboygan,MI
C3H,Checotah,Checotah,OK
4CK,Cheek,Cheek,TX
CKT,Cheektowaga,Cheektowaga,NY
CYF,Chefornak,Chefornak,AK
CLS,Chehalis,Chehalis,WA
XDV,Chelan,Chelan,WA
FCQ,Chelan Falls,Chelan Falls,WA
CMD,Chelmsford,Chelmsford,MA
YSC,Chelsea,Chelsea,AL
C67,Chelsea,Chelsea,IA
CZS,Chelsea,Chelsea,MA
VHA,Chelsea,Chelsea,ME
ICS,Chelsea,Chelsea,MI
QCS,Chelsea,Chelsea,NY
CS5,Chelsea,Chelsea,OK
C9H,Chelsea,Chelsea,PA
6HC,Chelsea,Chelsea,VT
HJM,Cheltenham,Cheltenham,MD
GMG,Chemung,Chemung,NY
CEX,Chena Hot Springs,Chena Hot Springs,AK
DGE,Chenango Bridge,Chenango Bridge,NY
HFK,Chenango Forks,Chenango Forks,NY
CN2,Cheney,Cheney,KS
ENY,Cheney,Cheney,WA
JHA,Chenoa,Chenoa,IL
CCX,Chepachet,Chepachet,RI
HCW,Cheraw,Cheraw,SC
CKH,Cheriton,Cheriton,VA
KCN,Chernofski,Chernofski,AK
CKG,Cherokee,Cherokee,AL
CKK,Cherokee,Cherokee,AR
CKE,Cherokee,Cherokee,IA
CKA,Cherokee,Cherokee,OK
CKF,Cherokee Falls,Cherokee Falls,SC
ZXV,Cherokee Village,Cherokee Village,AR
C5H,Cherry Bend,Cherry Bend,MI
CHX,Cherry Hill,Cherry Hill,NJ
C5V,Cherry Hills Village,Cherry Hills Village,CO
5CL,Cherry Log,Cherry Log,GA
CPO,Cherry Point,Cherry Point,NC
CP4,Cherry Point,Cherry Point,WA
9CT,Cherry Tree,Cherry Tree,PA
9CV,Cherry Valley,Cherry Valley,AR
CHV,Cherry Valley,Cherry Valley,CA
7CV,Cherry Valley,Cherry Valley,IL
NY7,Cherry Valley,Cherry Valley,NY
CFF,Cherryfield,Cherryfield,ME
RYE,Cherryvale,Cherryvale,KS
VHY,Cherryville,Cherryville,MO
CHJ,Cherryville,Cherryville,NC
YV9,Cherryville,Cherryville,PA
CIJ,Chesaning,Chesaning,MI
HTW,Chesapeake,Chesapeake,OH
UFG,Chesapeake,Chesapeake,VA
CC8,Chesapeake City,Chesapeake City,MD
CHC,Cheshire,Cheshire,CT
8SE,Cheshire,Cheshire,MA
HKH,Cheshire,Cheshire,OH
KQC,Cheshire,Cheshire,OH
C29,Cheshire,Cheshire,OR
CQS,Chesnee,Chesnee,SC
XSE,Chester,Chester,CA
ADJ,Chester,Chester,CT
VKR,Chester,Chester,GA
CSI,Chester,Chester,IL
2CS,Chester,Chester,MD
6CM,Chester,Chester,ME
KXR,Chester,Chester,NH
CYZ,Chester,Chester,NJ
CSR,Chester,Chester,NY
SE9,Chester,Chester,OH
CHT,Chester,Chester,PA
CQZ,Chester,Chester,SC
CSZ,Chester,Chester,VA
ACL,Chester,Chester,VT
CR5,Chester,Chester,WV
ZER,Chester Center,Chester Center,MA
TDT,Chester Depot,Chester Depot,VT
TEJ,Chester Heights,Chester Heights,PA
CPX,Chester Springs,Chester Springs,PA
CX9,Chesterbrook,Chesterbrook,PA
FHC,Chesterfield,Chesterfield,MA
CFL,Chesterfield,Chesterfield,MI
CFE,Chesterfield,Chesterfield,MO
CFG,Chesterfield,Chesterfield,NH
C7F,Chesterfield,Chesterfield,NJ
TFI,Chesterfield,Chesterfield,SC
XDR,Chesterfield,Chesterfield,VA
C2L,Chesterland,Chesterland,OH
OOX,Chesterton,Chesterton,IN
CWN,Chestertown,Chestertown,MD
KCW,Chestertown,Chestertown,NY
CUT,Chestnut,Chestnut,CA
ENH,Chestnut Hill,Chestnut Hill,MA
CDG,Chestnut Ridge,Chestnut Ridge,NY
CWK,Cheswick,Cheswick,PA
CHW,Cheswold,Cheswold,DE
XTK,Chetek,Chetek,WI
VAK,Chevak,Chevak,AK
CFY,Cheverly,Cheverly,MD
QCC,Chevy Chase,Chevy Chase,MD
3HV,Chevy Chase Heights,Chevy Chase Heights,PA
HW2,Chewelah,Chewelah,WA
C3N,Cheyenne,Cheyenne,OK
CY9,Cheyenne,Cheyenne,OK
CYS,Cheyenne,Cheyenne,WY
ZYN,Cheyenne Wells,Cheyenne Wells,CO
CHI,Chicago,Chicago,IL
CGH,Chicago Heights,Chicago Heights,IL
CRG,Chicago Ridge,Chicago Ridge,IL
YCH,Chichester,Chichester,NH
CSW,Chickamauga,Chickamauga,GA
CGW,Chickasaw,Chickasaw,AL
CHK,Chickasha,Chickasha,OK
CKX,Chicken,Chicken,AK
CIC,Chico,Chico,CA
C8I,Chico,Chico,TX
CEF,Chicopee,Chicopee,MA
CCE,Chicopee,Chicopee,MO
CF8,Chiefland,Chiefland,FL
KCL,Chignik,Chignik,AK
ZCG,Childersburg,Childersburg,AL
CDS,Childress,Childress,TX
CDP,Childs,Childs,PA
CWE,Chilhowie,Chilhowie,VA
CII,Chili,Chili,NY
CH2,Chillicothe,Chillicothe,IL
UFC,Chillicothe,Chillicothe,MO
CIY,Chillicothe,Chillicothe,OH
C3L,Chillicothe,Chillicothe,TX
RKZ,Chilmark,Chilmark,MA
CHZ,Chiloquin,Chiloquin,OR
CNI,Chilton,Chilton,WI
UM9,Chimacum,Chimacum,WA
CI6,Chimayo,Chimayo,NM
QZF,China,China,ME
ZHO,China,China,TX
HNO,China Grove,China Grove,NC
C3K,China Lake,China Lake,CA
C32,China Township,China Township,MI
WAL,Chincoteague,Chincoteague,VA
ZB6,Chinese Camp,Chinese Camp,CA
H5C,Chinle,Chinle,AZ
CNO,Chino,Chino,CA
CH3,Chino Hills,Chino Hills,CA
CIO,Chino Valley,Chino Valley,AZ
CJC,Chinook,Chinook,WA
IPY,Chipley,Chipley,FL
CPF,Chippewa Falls,Chippewa Falls,WI
HGC,Chisago City,Chisago City,MN
CZN,Chisana,Chisana,AK
QCI,Chisholm,Chisholm,MN
HIB,Chisholm-Hibbing Apt,Chisholm-Hibbing Apt,MN
CZO,Chistochina,Chistochina,AK
CXC,Chitina,Chitina,AK
CGO,Chittenango,Chittenango,NY
7TT,Chittenden,Chittenden,VT
CCL,Chocolate Bayou,Chocolate Bayou,TX
CQW,Chocowinity,Chocowinity,NC
CKW,Choctaw,Choctaw,MS
HW9,Choctaw,Choctaw,OK
CIV,Chomley,Chomley,AK
QHP,Chopin,Chopin,LA
C8H,Choteau,Choteau,MT
UDR,Choudrant,Choudrant,LA
C2H,Chouteau,Chouteau,OK
CWC,Chowchilla,Chowchilla,CA
IEM,Chriesman,Chriesman,TX
HJ9,Chrisman,Chrisman,IL
IYY,Chrisney,Chrisney,IN
IIZ,Christiana,Christiana,DE
CT7,Christiana,Christiana,PA
CBG,Christiansburg,Christiansburg,VA
C8E,Christine,Christine,TX
3CH,Christmas,Christmas,MI
6CV,Christmas Valley,Christmas Valley,OR
IPH,Christopher,Christopher,IL
HYM,Chrome,Chrome,NJ
CL3,Chualar,Chualar,CA
CHU,Chuathbaluk,Chuathbaluk,AK
UCK,Chubbuck,Chubbuck,ID
CCK,Chuckatuck,Chuckatuck,VA
ZCF,Chuckey,Chuckey,TN
CHR,Chugiak,Chugiak,AK
CUV,Chula Vista,Chula Vista,CA
CU4,Chunchula,Chunchula,AL
UFB,Church Hill,Church Hill,MO
CRH,Church Hill,Church Hill,TN
HCP,Church Point,Church Point,LA
JJP,Churchtown,Churchtown,PA
HQC,Churchville,Churchville,MD
ICJ,Churchville,Churchville,NY
CCH,Churchville,Churchville,VA
UUO,Churubusco,Churubusco,IN
UUB,Churubusco,Churubusco,NY
C5C,Cibecue,Cibecue,AZ
ZCB,Cibolo,Cibolo,TX
XDN,Cicero,Cicero,IL
C9O,Cicero,Cicero,IN
CCC,Cicero,Cicero,NY
CM8,Cimarron,Cimarron,CO
CI2,Cincinnati,Cincinnati,KY
CVG,Cincinnati,Cincinnati,OH
XDU,Cinnaminson,Cinnaminson,NJ
IRC,Circle,Circle,AK
CHP,Circle Hot Springs,Circle Hot Springs,AK
ZLP,Circle Pines,Circle Pines,MN
C7V,Circleville,Circleville,KS
CIE,Circleville,Circleville,OH
IEV,Circleville,Circleville,UT
CIS,Cisco,Cisco,TX
9CS,Cisne,Cisne,IL
8CS,Cissna Park,Cissna Park,IL
IRA,Citra,Citra,FL
CIT,Citronelle,Citronelle,AL
CTU,Citrus Heights,Citrus Heights,CA
C34,Citrus Springs,Citrus Springs,FL
IS3,City Island,City Island,NY
CC5,City of Commerce,City of Commerce,CA
JID,City of Industry,City of Industry,CA
CQX,Clackamas,Clackamas,OR
CF2,Claflin,Claflin,KS
IBP,Claiborne,Claiborne,MD
IMF,Clair Mel City,Clair Mel City,FL
7CL,Claire City,Claire City,SD
CGN,Clairton,Clairton,PA
XMY,Clallam Bay,Clallam Bay,WA
CF5,Clam Falls,Clam Falls,WI
CGU,Clam Gulch,Clam Gulch,AK
ZCY,Clancy,Clancy,MT
QCT,Clanton,Clanton,AL
ZCC,Clara City,Clara City,MN
9CE,Clare,Clare,IA
QAI,Clare,Clare,IL
XRE,Clare,Clare,MI
CMQ,Claremont,Claremont,CA
9CL,Claremont,Claremont,IL
C2M,Claremont,Claremont,MN
CEO,Claremont,Claremont,NC
CNH,Claremont,Claremont,NH
CO3,Claremont,Claremont,VA
LRE,Claremore,Claremore,OK
EJC,Clarence,Clarence,IA
AEC,Clarence,Clarence,NY
CA7,Clarence,Clarence,PA
CC9,Clarence Center,Clarence Center,NY
RNN,Clarendon,Clarendon,AR
XCW,Clarendon,Clarendon,TX
ZDC,Clarendon Heights,Clarendon Heights,PA
CH4,Clarendon Hill,Clarendon Hill,IL
VNH,Clarendon Hills,Clarendon Hills,IL
ICL,Clarinda,Clarinda,IA
C7L,Clarington,Clarington,OH
LRI,Clarion,Clarion,IA
QCO,Clarion,Clarion,PA
CXE,Clarita,Clarita,OK
C24,Clark,Clark,CO
6CK,Clark,Clark,IL
CL4,Clark,Clark,MO
NJC,Clark,Clark,NJ
ZCK,Clark,Clark,PA
9CK,Clark,Clark,SD
K8R,Clark,Clark,TX
CAK,Clark Fork,Clark Fork,ID
KFQ,Clarkdale,Clarkdale,AZ
CWW,Clarkesville,Clarkesville,GA
CK8,Clarklake,Clarklake,MI
T5L,Clarkrange,Clarkrange,TN
KSQ,Clarks,Clarks,NE
CS9,Clarks Hill,Clarks Hill,IN
CLP,Clarks Point,Clarks Point,AK
CKU,Clarks Summit,Clarks Summit,PA
CKJ,Clarksboro,Clarksboro,NJ
YKG,Clarksbourg,Clarksbourg,MD
5CB,Clarksburg,Clarksburg,CA
C9L,Clarksburg,Clarksburg,MD
CG4,Clarksburg,Clarksburg,NJ
CLX,Clarksburg,Clarksburg,TN
CKB,Clarksburg,Clarksburg,WV
CKM,Clarksdale,Clarksdale,MS
CKS,Clarkston,Clarkston,GA
LRT,Clarkston,Clarkston,MI
CKL,Clarkston,Clarkston,WA
CLV,Clarksville,Clarksville,AR
CKQ,Clarksville,Clarksville,IN
KVI,Clarksville,Clarksville,MD
KIV,Clarksville,Clarksville,MI
UA2,Clarksville,Clarksville,MO
C2K,Clarksville,Clarksville,OH
CK6,Clarksville,Clarksville,PA
CKV,Clarksville,Clarksville,TN
XEO,Clarksville,Clarksville,TX
CVY,Clarksville,Clarksville,VA
CJK,Clarkton,Clarkton,NC
YCK,Clatskanie,Clatskanie,OR
C4D,Claudville,Claudville,VA
CLK,Claverack,Claverack,NY
VXJ,Claves,Claves,OH
ZCS,Clawson,Clawson,MI
CXT,Claxton,Claxton,GA
8CY,Clay,Clay,AL
UKY,Clay,Clay,KY
CY6,Clay,Clay,NY
CYK,Clay Center,Clay Center,KS
ZCI,Clay Center,Clay Center,NE
C9C,Clay Center,Clay Center,OH
5CT,Clay City,Clay City,IL
CI8,Clay City,Clay City,KY
CC6,Claycomo,Claycomo,MO
CLA,Claymont,Claymont,DE
CP2,Claypool,Claypool,AZ
YPO,Claypool,Claypool,IN
QCB,Claysburg,Claysburg,PA
CXQ,Clayton,Clayton,AL
CJX,Clayton,Clayton,CA
CQY,Clayton,Clayton,DE
CN3,Clayton,Clayton,GA
YTQ,Clayton,Clayton,ID
CKY,Clayton,Clayton,IL
CKZ,Clayton,Clayton,IN
YTN,Clayton,Clayton,MI
CJD,Clayton,Clayton,MO
CME,Clayton,Clayton,NC
CYN,Clayton,Clayton,NJ
CAO,Clayton,Clayton,NM
CLY,Clayton,Clayton,NY
CYT,Clayton,Clayton,OH
Y9V,Clayville,Clayville,RI
LEU,Cle Elum,Cle Elum,WA
CXI,Clear,Clear,AK
CB2,Clear Brook,Clear Brook,VA
EAF,Clear Lake,Clear Lake,IA
CK7,Clear Lake,Clear Lake,MN
DS3,Clear Lake,Clear Lake,SD
LQA,Clear Lake,Clear Lake,WI
7CS,Clear Lake Shores,Clear Lake Shores,TX
2CP,Clear Spring,Clear Spring,MD
U7Y,Clearfield,Clearfield,IA
ZCL,Clearfield,Clearfield,PA
CQU,Clearfield,Clearfield,UT
PSB,Clearfield-Bellefonte Apt,Clearfield-Bellefonte Apt,PA
CIZ,Clearing,Clearing,IL
EAK,Clearlake,Clearlake,CA
CLC,Clearlake,Clearlake,TX
RXO,Clearlake Oaks,Clearlake Oaks,CA
2PA,Clearville,Clearville,PA
CLW,Clearwater,Clearwater,FL
AWT,Clearwater,Clearwater,ID
JWA,Clearwater,Clearwater,KS
EWG,Clearwater,Clearwater,MN
CWR,Clearwater,Clearwater,NE
VWA,Clearwater Beach,Clearwater Beach,FL
CBN,Cleburne,Cleburne,TX
C2E,Clementon,Clementon,NJ
CLZ,Clements,Clements,CA
CMO,Clemmons,Clemmons,NC
5EI,Clemons,Clemons,IA
CEU,Clemson,Clemson,SC
IUH,Clendenin,Clendenin,WV
XER,Cleona,Cleona,PA
CFW,Clermont,Clermont,FL
LMN,Clermont,Clermont,GA
ERN,Clermont,Clermont,IA
CM7,Clermont,Clermont,IN
CLO,Clermont,Clermont,KY
JC5,Clermont,Clermont,NJ
CXN,Clermont,Clermont,NY
CE5,Cleveland,Cleveland,AL
CQV,Cleveland,Cleveland,GA
CL5,Cleveland,Cleveland,IL
CWX,Cleveland,Cleveland,MO
CVD,Cleveland,Cleveland,MS
CVT,Cleveland,Cleveland,NC
3CV,Cleveland,Cleveland,NY
CLE,Cleveland,Cleveland,OH
VND,Cleveland,Cleveland,OK
UAI,Cleveland,Cleveland,TN
CAV,Cleveland,Cleveland,TX
VZD,Cleveland,Cleveland,UT
QVD,Cleveland,Cleveland,VA
CVW,Cleveland,Cleveland,WI
C4V,Cleveland Heights,Cleveland Heights,OH
VCS,Cleves,Cleves,OH
XDX,Clewiston,Clewiston,FL
QFF,Clifford,Clifford,KY
7LI,Clifford,Clifford,MI
2TO,Clifford Township,Clifford Township,PA
ACN,Cliffside,Cliffside,NC
CSD,Cliffside Park,Cliffside Park,NJ
CLF,Cliffwood,Cliffwood,NJ
CFT,Clifton,Clifton,AZ
CFU,Clifton,Clifton,NJ
TCF,Clifton,Clifton,PA
IFQ,Clifton,Clifton,SC
IFT,Clifton,Clifton,TN
CFX,Clifton,Clifton,TX
UCF,Clifton,Clifton,UT
CF4,Clifton,Clifton,VA
FTF,Clifton Forge,Clifton Forge,VA
CFH,Clifton Heights,Clifton Heights,PA
CFP,Clifton Park,Clifton Park,NY
CSS,Clifton Springs,Clifton Springs,NY
CF3,"Clifton, Mesa","Clifton, Mesa",CO
JMX,Climax,Climax,CO
IMX,Climax,Climax,GA
XRR,Climax,Climax,NC
ZQC,Clinchfield,Clinchfield,GA
VCL,Clint,Clint,TX
7CN,Clinton,Clinton,AL
QLA,Clinton,Clinton,AR
CLB,Clinton,Clinton,CT
CWI,Clinton,Clinton,IA
ICC,Clinton,Clinton,IL
CIX,Clinton,Clinton,IN
C4N,Clinton,Clinton,LA
CCN,Clinton,Clinton,MA
CNB,Clinton,Clinton,MD
QXZ,Clinton,Clinton,ME
CNC,Clinton,Clinton,MI
CT3,Clinton,Clinton,MN
CBT,Clinton,Clinton,MO
CKC,Clinton,Clinton,MS
CTZ,Clinton,Clinton,NC
CNG,Clinton,Clinton,NJ
IKT,Clinton,Clinton,NY
CT9,Clinton,Clinton,OH
CSM,Clinton,Clinton,OK
CQ3,Clinton,Clinton,PA
CLN,Clinton,Clinton,SC
CQT,Clinton,Clinton,TN
JCL,Clinton,Clinton,UT
CI9,Clinton,Clinton,WA
CWZ,Clinton,Clinton,WI
CQJ,Clinton Township,Clinton Township,NJ
LNH,"Clinton, Township of","Clinton, Township of",MI
CLI,Clintonville,Clintonville,WI
IOU,Clintwood,Clintwood,VA
QL2,Clio,Clio,MI
QL3,Clio,Clio,SC
IVB,Clive,Clive,IA
CQM,Cloquet,Cloquet,MN
CXR,Closter/New Jersey,Closter/New Jersey,NJ
XEP,Clover,Clover,ID
CXV,Clover,Clover,SC
XVR,Clover,Clover,WI
OVX,"Clover, Halifax","Clover, Halifax",VA
CYI,Cloverdale,Cloverdale,CA
KVD,Cloverdale,Cloverdale,IN
DCD,Cloverdale,Cloverdale,OH
CD8,Cloverdale,Cloverdale,OR
CVV,Cloverdale,Cloverdale,VA
CVP,Cloverport,Cloverport,KY
CVS,Clovis,Clovis,CA
CVN,Clovis,Clovis,NM
CU2,Clute,Clute,TX
CYW,Clyattville,Clyattville,GA
5CY,Clyde,Clyde,NC
C3Y,Clyde,Clyde,NJ
CYA,Clyde,Clyde,NY
CYB,Clyde,Clyde,OH
YDB,Clyde,Clyde,TX
LZA,Clyman,Clyman,WI
YME,Clymer,Clymer,NY
YYO,Clyo,Clyo,GA
COC,Coachella,Coachella,CA
QCN,Coal Center,Coal Center,PA
COY,Coal City,Coal City,IL
YCO,"Coal Run, Northumberland","Coal Run, Northumberland",PA
CQ6,Coal Township,Coal Township,PA
ZCV,Coal Valley,Coal Valley,IL
KL8,Coaldale,Coaldale,PA
ZQZ,Coalfield,Coalfield,TN
CG2,Coalgate,Coalgate,OK
CLG,Coalinga,Coalinga,CA
5CO,Coalton,Coalton,OH
TTC,Coaltown,Coaltown,PA
VTJ,Coalville,Coalville,UT
CG7,Coarsegold,Coarsegold,CA
CS7,Coatesville,Coatesville,IN
CTH,Coatesville,Coatesville,PA
VOS,Coats,Coats,NC
C5B,Cobb,Cobb,CA
OBB,Cobb,Cobb,WI
CK2,Cobbs Creek,Cobbs Creek,VA
5CD,Cobden,Cobden,IL
S2K,Cobleskill,Cobleskill,NY
CUR,Coburg,Coburg,OR
QOH,Cochecton,Cochecton,NY
C55,Cochise,Cochise,AZ
OHN,Cochran,Cochran,GA
RAW,Cochrane,Cochrane,WI
COJ,Cochranton,Cochranton,PA
C9N,Cochranville,Cochranville,PA
CCQ,Cockeysville,Cockeysville,MD
CK9,Cockrell Hill,Cockrell Hill,TX
COI,Cocoa,Cocoa,FL
C2B,Cocoa Beach,Cocoa Beach,FL
6CC,Cocolalla,Cocolalla,ID
CCU,Coconut Creek,Coconut Creek,FL
NVV,Coconut Grove,Coconut Grove,FL
C2N,Coden,Coden,AL
C6S,Codorus,Codorus,PA
ZUO,Codorus Furnance,Codorus Furnance,PA
COD,Cody,Cody,WY
C7E,Coeburn,Coeburn,VA
COE,Coeur d'Alene,Coeur d'Alene,ID
OYF,Coeymans,Coeymans,NY
CFA,Coffee Point,Coffee Point,AK
C5N,Coffeen,Coffeen,IL
9FE,Coffeeville,Coffeeville,MS
CFV,Coffeyville,Coffeyville,KS
KCC,Coffman Cove,Coffman Cove,AK
5CF,Cofield,Cofield,NC
CG8,Cogan Station,Cogan Station,PA
KOA,Coggon,Coggon,IA
CJ2,Cohasset,Cohasset,MA
XEF,Cohasset,Cohasset,MN
KKO,Cohocton,Cohocton,NY
COO,Cohoes,Cohoes,NY
AAG,Cohutta,Cohutta,GA
COK,Cokato,Cokato,MN
YWW,Cokeville,Cokeville,WY
OBR,Colbert,Colbert,GA
COL,Colbert,Colbert,WA
CBK,Colby,Colby,KS
C8Y,Colby,Colby,WI
CE7,Colchester,Colchester,CT
DGI,Colchester,Colchester,IL
CCV,Colchester,Colchester,VT
C9R,Colcord,Colcord,OK
CDB,Cold Bay,Cold Bay,AK
FCG,Cold Spring,Cold Spring,KY
CDM,Cold Spring,Cold Spring,MN
LPM,Cold Spring,Cold Spring,NY
HQ2,Cold Spring Harbor,Cold Spring Harbor,NY
CDQ,Colden,Colden,NY
CXF,Coldfoot,Coldfoot,AK
8CP,Coldspring,Coldspring,TX
CQ8,Coldwater,Coldwater,KS
CWA,Coldwater,Coldwater,MI
QIM,Coldwater,Coldwater,MS
CWP,Coldwater,Coldwater,MS
COW,Coldwater,Coldwater,OH
7MI,Cole Camp,Cole Camp,MO
CZ9,Colebrook,Colebrook,CT
CKO,Colebrook,Colebrook,NH
CMA,Coleman,Coleman,MI
OLZ,Coleman,Coleman,OK
COM,Coleman,Coleman,TX
OEM,Coleman,Coleman,WI
IXC,Colerain,Colerain,NC
OLR,Coleraine,Coleraine,MN
7CO,Coles,Coles,IL
CU6,Colesburg,Colesburg,IA
CE8,Coleville,Coleville,CA
OLX,Colfax,Colfax,CA
9CF,Colfax,Colfax,IL
COF,Colfax,Colfax,LA
OFX,Colfax,Colfax,NC
YCX,Colfax,Colfax,WA
8CF,Colfax,Colfax,WI
GTD,Colgate,Colgate,ND
CEQ,College,College,AK
GQC,College City,College City,CA
QCG,College Corner,College Corner,OH
CGG,College Grove,College Grove,TN
CPG,College Park,College Park,GA
CGS,College Park,College Park,MD
L5P,College Place,College Place,WA
CPN,College Point,College Point,NY
CLL,College Station,College Station,TX
CGD,Collegedale,Collegedale,TN
L55,Collegeville,Collegeville,CA
CQ4,Collegeville,Collegeville,IN
LGV,Collegeville,Collegeville,MN
CGV,Collegeville,Collegeville,PA
CT2,Colleyville,Colleyville,TX
G7C,Colliers,Colliers,WV
CJE,Collierville,Collierville,TN
CGL,Collingdale,Collingdale,PA
CWD,Collingswood,Collingswood,NJ
XPX,Collins,Collins,GA
CL9,Collins,Collins,ID
CNA,Collins,Collins,MS
OIX,Collins,Collins,NY
OSN,Collinston,Collinston,UT
OII,Collinsville,Collinsville,AL
775,Collinsville,Collinsville,CT
YCL,Collinsville,Collinsville,IL
HVC,Collinsville,Collinsville,OK
2CV,Collinsville,Collinsville,TX
OSI,Collinsville,Collinsville,VA
CIW,Collinwood,Collinwood,TN
CQA,Colma,Colma,CA
CO6,Colman,Colman,SD
COX,Colmar,Colmar,PA
CQL,Colo,Colo,IA
QLZ,Coloma,Coloma,CA
CMK,Coloma,Coloma,MI
OL3,Colon,Colon,MI
2CO,Colona,Colona,IL
CZ8,Colonia,Colonia,NJ
CNJ,Colonial Heights,Colonial Heights,VA
CE2,Colonie,Colonie,NY
4CL,Colony,Colony,KS
CGY,Colony,Colony,WY
COR,Colora,Colora,MD
XOY,Colorado City,Colorado City,CO
CXP,Colorado City,Colorado City,TX
KCR,Colorado Creek,Colorado Creek,AK
COS,Colorado Springs,Colorado Springs,CO
COQ,Colquitt,Colquitt,GA
XEE,Colrain,Colrain,MA
CS8,Colstrip,Colstrip,MT
RLR,Colt,Colt,AR
RTO,Colton,Colton,CA
ZXX,Colton,Colton,OR
CTN,Colts Neck,Colts Neck,NJ
COZ,Columbia,Columbia,AL
COA,Columbia,Columbia,CA
CX2,Columbia,Columbia,CT
CL6,Columbia,Columbia,IL
QOU,Columbia,Columbia,KY
C72,Columbia,Columbia,LA
ACW,Columbia,Columbia,MD
COU,Columbia,Columbia,MO
CFM,Columbia,Columbia,MS
CUB,Columbia,Columbia,NC
YNJ,Columbia,Columbia,NJ
C73,Columbia,Columbia,OH
CKP,Columbia,Columbia,PA
CAE,Columbia,Columbia,SC
MRC,Columbia,Columbia,TN
CB5,Columbia,Columbia,VA
COV,Columbia,Columbia,WI
CAJ,Columbia City,Columbia City,IN
8OL,Columbia City,Columbia City,OR
ICD,Columbia Cross Roads,Columbia Cross Roads,PA
CF9,Columbia Falls,Columbia Falls,ME
YCU,Columbia Falls,Columbia Falls,MT
UBQ,Columbia Heights,Columbia Heights,MN
CAF,Columbia Station,Columbia Station,OH
UMI,Columbiana,Columbiana,AL
COG,Columbiana,Columbiana,OH
UVM,Columbiaville,Columbiaville,MI
CSG,Columbus,Columbus,GA
CB9,Columbus,Columbus,IL
CLU,Columbus,Columbus,IN
UCU,Columbus,Columbus,KS
UQM,Columbus,Columbus,KY
VDA,Columbus,Columbus,MI
OB6,Columbus,Columbus,MN
OLP,Columbus,Columbus,MO
UBS,Columbus,Columbus,MS
CB8,Columbus,Columbus,MT
CZX,Columbus,Columbus,NC
OD6,Columbus,Columbus,ND
OLU,Columbus,Columbus,NE
YBC,Columbus,Columbus,NJ
CUS,Columbus,Columbus,NM
CMH,Columbus,Columbus,OH
VCB,Columbus,Columbus,TX
CBW,Columbus,Columbus,WI
L9M,Columbus City,Columbus City,IA
CGQ,Columbus Grove,Columbus Grove,OH
CQB,Columbus Junction,Columbus Junction,IA
CQC,Colusa,Colusa,CA
C3V,Colver,Colver,PA
VE8,Colville,Colville,WA
CWO,Colwich,Colwich,KS
9CW,Colwyn,Colwyn,PA
CMJ,Comanche,Comanche,OK
CMC,Comanche,Comanche,TX
OMS,Combes,Combes,TX
XDM,Combined Locks,Combined Locks,WI
6CR,Comer,Comer,GA
OMF,Comfort,Comfort,TX
CMF,Commack,Commack,NY
ZEC,Commerce,Commerce,GA
OMR,Commerce,Commerce,OK
OMC,Commerce,Commerce,TX
CMT,Commerce City,Commerce City,CO
OMM,Commerce Township,Commerce Township,MI
CRC,Commerce/Los Angeles,Commerce/Los Angeles,CA
QOM,Como,Como,MS
CPM,Compton,Compton,CA
KVO,Compton,Compton,IL
CVC,Comstock,Comstock,MI
YCM,Comstock Park,Comstock Park,MI
CZY,Comyn,Comyn,TX
NZN,Concan,Concan,TX
KZO,Concho,Concho,AZ
CCR,Concord,Concord,CA
JQQ,Concord,Concord,GA
CCF,Concord,Concord,MA
JJD,Concord,Concord,MI
XEA,Concord,Concord,NC
CON,Concord,Concord,NH
ODZ,Concord,Concord,TX
FGF,Concord,Concord,VA
7CD,Concord,Concord,VT
LCX,"Concord, Lake","Concord, Lake",OH
CNK,Concordia,Concordia,KS
C5O,Concordia,Concordia,MO
ONC,Concordville,Concordville,PA
NQC,Concrete,Concrete,WA
QSE,Conestee,Conestee,SC
C5A,Conestoga,Conestoga,PA
OIP,Conesville,Conesville,OH
WG7,Conewango Valley,Conewango Valley,NY
C7N,Confluence,Confluence,PA
NGS,Congers,Congers,NY
ZB7,Congo,Congo,WV
NZF,Congress,Congress,AZ
OIF,Conifer,Conifer,CO
NMC,Conklin,Conklin,MI
NKL,Conklin,Conklin,NY
CZU,Conley,Conley,GA
7CE,Conley,Conley,KY
CDY,Conneaut,Conneaut,OH
CV3,Conneautville,Conneautville,PA
XEB,Connell,Connell,WA
CQP,Connellsville,Connellsville,PA
C25,Connelly Springs,Connelly Springs,NC
CXU,Connellys Springs,Connellys Springs,NC
CEV,Connersville,Connersville,IN
CUN,Conover,Conover,NC
C3W,Conowingo,Conowingo,MD
IWR,Conrad,Conrad,IA
CD6,Conrad,Conrad,MT
CXO,Conroe,Conroe,TX
OQO,Conroy,Conroy,IA
CSH,Conshohocken,Conshohocken,PA
TNJ,Constantine,Constantine,MI
NIU,Continental,Continental,OH
CTI,Contoocook,Contoocook,NH
CEN,Convent,Convent,LA
ONV,Converse,Converse,LA
VTX,Converse,Converse,TX
OC4,Convoy,Convoy,OH
ADP,Conway,Conway,AR
C9W,Conway,Conway,KS
C8K,Conway,Conway,KY
ZB8,Conway,Conway,MA
OWY,Conway,Conway,MI
C2Y,Conway,Conway,NC
CWY,Conway,Conway,NH
Q7I,Conway,Conway,PA
ACZ,Conway,Conway,SC
CYR,Conyers,Conyers,GA
CY5,Conyngham,Conyngham,PA
QCX,Cook,Cook,MN
UAU,Cookeville,Cookeville,TN
KPS,Cooks Springs,Cooks Springs,AL
KS9,Cooksville,Cooksville,IL
CK3,Cooksville,Cooksville,MD
CO4,Cool,Cool,CA
CCZ,Cooleemee,Cooleemee,NC
YDG,Coolidge,Coolidge,AZ
GCL,Coolidge,Coolidge,GA
CRN,Coon Rapids,Coon Rapids,IA
XEG,Coon Rapids,Coon Rapids,MN
VYD,Coon Valley,Coon Valley,WI
C89,Coontown,Coontown,NJ
XO2,Cooper,Cooper,TX
CPW,Cooper City,Cooper City,FL
CEI,Cooper Landing,Cooper Landing,AK
JLA,Cooper Lodge,Cooper Lodge,AK
C5R,Cooper River Landing,Cooper River Landing,SC
CPU,Coopersburg,Coopersburg,PA
CW4,Cooperstown,Cooperstown,ND
COP,Cooperstown,Cooperstown,NY
ZCP,Coopersville,Coopersville,MI
T24,Coopertown,Coopertown,TN
COB,Coos Bay,Coos Bay,OR
OOZ,Coosa,Coosa,GA
OOP,Coosa Pines,Coosa Pines,AL
KOP,Copake,Copake,NY
OPE,Copake Falls,Copake Falls,NY
OPB,Copan,Copan,OK
OPU,Cope,Cope,CO
DZC,Cope,Cope,SC
C3O,Copell,Copell,TX
2FL,Copemish,Copemish,MI
KOG,Copenhagen,Copenhagen,NY
CET,Copiague,Copiague,NY
QCV,Coplay,Coplay,PA
CPY,Copley,Copley,OH
CEJ,Coppell,Coppell,TX
CO9,Copper Canyon,Copper Canyon,TX
CZC,Copper Centre,Copper Centre,AK
QCE,Copper Mountain,Copper Mountain,CO
TGC,Copperas Cove,Copperas Cove,TX
CPI,Copperhill,Copperhill,TN
6OP,Copperopolis,Copperopolis,CA
C9P,Copperton,Copperton,UT
OQL,Coquille,Coquille,OR
CGB,Coral Gables,Coral Gables,FL
CPJ,Coral Springs,Coral Springs,FL
CWV,Coral Way Village/Miami,Coral Way Village/Miami,FL
CVB,Coralville,Coralville,IA
UFF,Coram,Coram,NY
CPP,Coraopolis,Coraopolis,PA
CBI,Corbin,Corbin,KY
IOY,Corbin City,Corbin City,NJ
CRO,Corcoran,Corcoran,CA
CO8,Corcoran,Corcoran,MN
ADF,Cordele,Cordele,GA
LJA,Cordelia,Cordelia,CA
CDV,Cordova,Cordova,AK
299,Cordova,Cordova,AL
ODV,Cordova,Cordova,IL
CD7,Cordova,Cordova,MD
OYV,Cordova,Cordova,NC
DOA,Cordova,Cordova,TN
CYV,Cordova,Cordova,WV
RFU,Corfu,Corfu,NY
VJA,Corinna,Corinna,ME
JCE,Corinne,Corinne,UT
8CH,Corinth,Corinth,ME
CRX,Corinth,Corinth,MS
OIH,Corinth,Corinth,NY
XEM,Corinth,Corinth,TN
TX9,Corinth,Corinth,TX
7OR,Corinth,Corinth,VT
CZA,Cornelia,Cornelia,GA
CN7,Cornelius,Cornelius,NC
CZG,Cornelius,Cornelius,OR
CZH,Cornelius Pass,Cornelius Pass,OR
CBA,Corner Bay,Corner Bay,AK
CN8,Cornersville,Cornersville,TN
CGC,Corning,Corning,AR
CJG,Corning,Corning,CA
ADB,Corning,Corning,IA
OIG,Corning,Corning,NY
9IS,Cornish,Cornish,ME
8CO,Cornish,Cornish,NH
C35,Cornville,Cornville,AZ
W7N,Cornwall,Cornwall,CT
OQW,Cornwall,Cornwall,VT
NWL,"Cornwall, Town of","Cornwall, Town of",NY
CZD,Cornwells Heights,Cornwells Heights,PA
ZZC,Corolla,Corolla,NC
CZE,Corona,Corona,CA
QYC,Corona,Corona,NY
CM2,Corona del Mar,Corona del Mar,CA
CD4,Coronado,Coronado,CA
CRP,Corpus Christi,Corpus Christi,TX
CE3,Corrales,Corrales,NM
TO3,Corralitos,Corralitos,CA
CV4,Correctionville,Correctionville,IA
IGZ,Corrigan,Corrigan,TX
CYP,Corry,Corry,PA
4CO,Corsica,Corsica,SD
CRS,Corsicana,Corsicana,TX
CZL,Corte Madera,Corte Madera,CA
CEZ,Cortez,Cortez,CO
C5Z,Cortez,Cortez,FL
TND,Cortland,Cortland,IL
CJ8,Cortland,Cortland,IN
CTX,Cortland,Cortland,NY
ZB9,Cortland,Cortland,OH
OXQ,Corunna,Corunna,IN
C22,Corunna,Corunna,MI
YCV,Corvallis,Corvallis,MT
CVL,Corvallis,Corvallis,OR
CVO,Corvallis-Albany Apt,Corvallis-Albany Apt,OR
OWZ,Corwith,Corwith,IA
CY8,Cory,Cory,IN
CZB,Corydon,Corydon,IN
CD2,"Corydon, Wayne","Corydon, Wayne",IA
OCB,Cos Cob,Cos Cob,CT
7CB,Cosby,Cosby,MO
CB3,Cosby,Cosby,TN
CSC,Coshocton,Coshocton,OH
CPS,Cosmopolis,Cosmopolis,WA
CZM,Costa Mesa,Costa Mesa,CA
IAO,Cotati,Cotati,CA
OCZ,Coto de Caza,Coto de Caza,CA
C4C,Cottage City,Cottage City,MD
QGV,Cottage Grove,Cottage Grove,IL
AGG,Cottage Grove,Cottage Grove,MN
TGG,Cottage Grove,Cottage Grove,OR
CG9,Cottage Grove,Cottage Grove,TN
CG3,Cottage Grove,Cottage Grove,WI
2CH,Cottage Hills,Cottage Hills,IL
VXO,Cottleville,Cottleville,MO
OTA,Cotton Plant,Cotton Plant,AR
TL9,Cotton Valley,Cotton Valley,LA
CD3,Cottondale,Cottondale,AL
CTM,Cottondale,Cottondale,FL
OTT,Cottonton,Cottonton,AL
CT4,Cottontown,Cottontown,TN
JTD,Cottonwood,Cottonwood,AL
CTW,Cottonwood,Cottonwood,AZ
CZV,Cottonwood,Cottonwood,CA
C8D,Cottonwood,Cottonwood,ID
CZW,Cottonwood,Cottonwood,MN
DGH,Cottonwood Heights,Cottonwood Heights,UT
2TT,Cottrellville,Cottrellville,MI
COT,Cotulla,Cotulla,TX
CZQ,Coudersport,Coudersport,PA
OJU,Coulee Dam,Coulee Dam,WA
JOU,Coulter,Coulter,IA
KVJ,Coulterville,Coulterville,CA
CV6,Coulterville,Coulterville,IL
CUC,Counce,Counce,TN
CIL,Council,Council,AK
OUC,Council,Council,ID
CBF,Council Bluffs,Council Bluffs,IA
UGE,Council Grove,Council Grove,KS
CU9,Country Club Hills,Country Club Hills,IL
CBJ,Country Side,Country Side,IL
3CS,Countryside,Countryside,IL
CBL,Coupeville,Coupeville,WA
OPD,Coupland,Coupland,TX
OUT,Courtdale,Courtdale,PA
C6Y,Courtenay,Courtenay,ND
CBP,Courtland,Courtland,AL
URD,Courtland,Courtland,CA
CBQ,Courtland,Courtland,KS
CBR,Courtland,Courtland,MN
VXQ,Courtland,Courtland,VA
CH7,Coushatta,Coushatta,LA
CV7,Cove,Cove,AR
KOV,Cove,Cove,OR
C28,Cove City,Cove City,NC
CP6,Cove Point,Cove Point,MD
ZCJ,Coventry,Coventry,CT
ADO,Coventry,Coventry,RI
7CY,Coventry,Coventry,VT
CJV,Covesville,Covesville,VA
CVQ,Covina,Covina,CA
CVF,Covington,Covington,GA
OVT,Covington,Covington,IN
CVK,Covington,Covington,KY
CWT,Covington,Covington,LA
OVI,Covington,Covington,OH
VNG,Covington,Covington,PA
AAH,Covington,Covington,TN
CVJ,Covington,Covington,VA
VGB,Covington,Covington,WA
IWP,Covington Township,Covington Township,PA
ZWN,Cowan,Cowan,TN
PA6,Cowansville,Cowansville,PA
ZJH,Coward,Coward,SC
CW2,"Cowen, Webster","Cowen, Webster",WV
YHE,Cowiche,Cowiche,WA
C7W,Cowlesville,Cowlesville,NY
CPQ,Cowpens,Cowpens,SC
C2C,Coxs Creek,Coxs Creek,KY
CS6,"Coxsackie, Greene","Coxsackie, Greene",NY
C9Y,Coyanosa,Coyanosa,TX
3CY,Coyote,Coyote,NM
QCZ,Cozad,Cozad,NE
CO2,Crab Orchard,Crab Orchard,TN
CO5,Crab Orchard,Crab Orchard,WV
C3T,Crabtree,Crabtree,NC
ZRA,Crabtree,Crabtree,PA
CFQ,Crafton,Crafton,PA
7CF,Craftsbury,Craftsbury,VT
C6R,Cragford,Cragford,AL
CGA,Craig,Craig,AK
CIG,Craig,Craig,CO
A7T,Craig,Craig,MO
R9M,Craigmont,Craigmont,ID
GZG,Craigsville,Craigsville,WV
ZRC,Cramerton,Cramerton,NC
C9I,Cranberry Isles,Cranberry Isles,ME
CPD,Cranberry Lake,Cranberry Lake,NY
RYT,Cranberry Township,Cranberry Township,PA
CQE,Cranbury,Cranbury,NJ
KR7,Crandall,Crandall,GA
KRA,Crandall,Crandall,TX
RWZ,Crandon,Crandon,WI
UFD,Crandon Lakes,Crandon Lakes,NJ
ZCR,Crane,Crane,IN
ZVQ,Crane,Crane,MO
CCG,Crane,Crane,TX
CKR,Crane Island,Crane Island,WA
C8L,Crane Lake,Crane Lake,MN
CQG,Cranford,Cranford,NJ
CQH,Cranston,Cranston,RI
4CR,Craryville,Craryville,NY
W7D,Crawford,Crawford,CO
CW8,Crawford,Crawford,NE
C4W,Crawford,Crawford,TX
CF6,Crawfordsville,Crawfordsville,AR
CFB,Crawfordsville,Crawfordsville,IN
RFV,Crawfordville,Crawfordville,FL
FDI,Crawfordville,Crawfordville,GA
EFP,Creal Springs,Creal Springs,IL
CR3,Cream Ridge,Cream Ridge,NJ
ZCE,Creedmoor,Creedmoor,NC
EMV,Creedmoor,Creedmoor,TX
QAP,Creekside,Creekside,PA
IGQ,Creighton,Creighton,NE
CQK,Creighton,Creighton,PA
RHA,Crenshaw,Crenshaw,MS
EOZ,Creola,Creola,AL
ECJ,Crescent,Crescent,GA
CQN,Crescent,Crescent,IA
CEC,Crescent City,Crescent City,CA
TCJ,Crescent City,Crescent City,FL
3CL,Crescent Lake,Crescent Lake,OR
WJC,Crescent Township,Crescent Township,PA
CFK,Cresco,Cresco,IA
CTG,Cresco,Cresco,PA
CYJ,Cresskill,Cresskill,NJ
CR8,Cresson,Cresson,PA
ZJQ,Cresson,Cresson,TX
CJA,Cressona,Cressona,PA
CH5,Crest Hill,Crest Hill,IL
CSE,Crested Butte,Crested Butte,CO
GKM,Crestline,Crestline,CA
RZN,Crestline,Crestline,KS
C7R,Crestline,Crestline,OH
C8T,Creston,Creston,CA
CSQ,Creston,Creston,IA
OHR,Creston,Creston,OH
C3E,Crestone,Crestone,CO
CEW,Crestview,Crestview,FL
RHS,Crestview Hills,Crestview Hills,KY
CWB,Crestwood,Crestwood,IL
CW7,Crestwood,Crestwood,KY
CW9,Crestwood,Crestwood,MO
ERX,Creswell,Creswell,OR
CQQ,Crete,Crete,IL
EE5,Crete,Crete,ND
CTF,Crete,Crete,NE
CXD,Creve Coeur,Creve Coeur,IL
C4Q,Creve Coeur,Creve Coeur,MO
VGW,Crewe,Crewe,VA
C74,Crimora,Crimora,VA
UCZ,Cripple Creek,Cripple Creek,CO
CRI,Crisfield,Crisfield,MD
ITD,Crittenden,Crittenden,KY
CQ7,Crivitz,Crivitz,WI
CRM,Crockett,Crockett,CA
KHT,Crockett,Crockett,KY
XOK,Crockett,Crockett,TX
OFN,Crofton,Crofton,KY
ZCN,Crofton,Crofton,MD
RFT,Crofton,Crofton,NE
C8G,Cromberg,Cromberg,CA
ZCW,Cromwell,Cromwell,CT
XYX,Cromwell,Cromwell,IN
C8W,Cromwell,Cromwell,KY
CKD,Crooked Creek,Crooked Creek,AK
CKN,Crookston,Crookston,MN
OOS,Crooksville,Crooksville,OH
3RP,Cropsey,Cropsey,IL
CW3,Cropwell,Cropwell,AL
CGM,Crosby,Crosby,MN
CSY,Crosby,Crosby,ND
CJY,Crosby,Crosby,TX
CXY,Crosbyton,Crosbyton,TX
8CR,Cross,Cross,SC
CTY,Cross City,Cross City,FL
CXG,Cross Junction,Cross Junction,VA
XL4,Cross Lanes,Cross Lanes,WV
5CP,Cross Plains,Cross Plains,IN
UOP,Cross Plains,Cross Plains,TN
CXH,Cross Plains,Cross Plains,WI
C2S,Cross Roads,Cross Roads,TX
CRT,Crossett,Crossett,AR
CK4,Crosslake,Crosslake,MN
9CR,Crossnore,Crossnore,NC
XRD,Crossroads,Crossroads,GA
QCR,Crossroads,Crossroads,TX
CR9,Crossville,Crossville,AL
7CR,Crossville,Crossville,IL
CSV,Crossville,Crossville,TN
CXA,Croswell,Croswell,MI
CVH,Crothersville,Crothersville,IN
CYO,Croton,Croton,OH
C9F,Croton Falls,Croton Falls,NY
THU,Croton-on-Hudson,Croton-on-Hudson,NY
OZC,Crow Agency,Crow Agency,MT
5CM,Crowell,Crowell,TX
CWL,Crowley,Crowley,LA
OZY,Crowley,Crowley,TX
YOX,Crown Point,Crown Point,IN
NRC,Crows Landing,Crows Landing,CA
V7X,Croxton,Croxton,NJ
CRF,Croydon,Croydon,PA
CZR,Crozet,Crozet,VA
ULC,Crum Lynne,Crum Lynne,PA
UMK,Crump,Crump,TN
C3R,Crystal,Crystal,MI
YSA,Crystal,Crystal,MN
N8V,Crystal Bay,Crystal Bay,NV
5KB,Crystal Beach,Crystal Beach,FL
CCM,Crystal City,Crystal City,MO
CYY,Crystal City,Crystal City,TX
CZ4,Crystal Falls,Crystal Falls,MI
9CH,Crystal Hill,Crystal Hill,VA
CTD,Crystal Lake,Crystal Lake,IL
CYE,Crystal Lake,Crystal Lake,PA
2CL,Crystal Lawns,Crystal Lawns,IL
YAU,Crystal Mountain,Crystal Mountain,WA
CJF,Crystal River,Crystal River,FL
CYH,Crystal Springs,Crystal Springs,MS
JCB,Cuba,Cuba,IL
OCU,Cuba,Cuba,MO
CUA,Cuba,Cuba,NM
NYB,Cuba,Cuba,NY
CY4,Cuba City,Cuba City,WI
CUW,Cube Cove,Cube Cove,AK
CUY,Cudahy,Cudahy,CA
CUD,Cudahy,Cudahy,WI
YCB,Cuddy,Cuddy,PA
9CY,Cudjoe Key,Cudjoe Key,FL
CR4,Cuero,Cuero,TX
4CU,Culbertson,Culbertson,MT
ULB,Culbertson,Culbertson,NE
QUB,Culebra,Culebra,NM
UDN,Cullen,Cullen,LA
UOZ,Culleoka,Culleoka,TN
CUL,Cullman,Cullman,AL
CN4,Culloden,Culloden,WV
UOH,Cullowhee,Cullowhee,NC
AAR,Culpeper,Culpeper,VA
KUV,Culver,Culver,IN
CV8,Culver,Culver,OR
CVR,Culver City,Culver City,CA
4CM,Cumberland,Cumberland,IL
UMC,Cumberland,Cumberland,IN
HXD,Cumberland,Cumberland,KY
CBE,Cumberland,Cumberland,MD
CUE,Cumberland,Cumberland,RI
5CV,Cumberland,Cumberland,VA
ZCU,Cumberland,Cumberland,WI
UDT,Cumberland Center,Cumberland Center,ME
UDC,Cumberland City,Cumberland City,TN
QCU,Cumberland Furnace,Cumberland Furnace,TN
CMG,Cumming,Cumming,GA
IUU,Cumming,Cumming,IA
C9U,Cummington,Cummington,MA
UKM,Cunningham,Cunningham,KS
CUO,Cupertino,Cupertino,CA
KUR,Currie,Currie,NC
CU8,Curryville,Curryville,PA
IUC,Curtice,Curtice,OH
ICU,Curtis,Curtis,NE
USB,"Curtis Bay, Baltimore","Curtis Bay, Baltimore",MD
TSS,Curtiss,Curtiss,WI
CUI,Curwensville,Curwensville,PA
8CU,Cushing,Cushing,ME
CUH,Cushing,Cushing,OK
XHW,Cushing,Cushing,TX
JWS,Cusseta,Cusseta,AL
USR,Custar,Custar,OH
USE,Custer,Custer,SD
UTR,Custer,Custer,WA
UTE,Custer,Custer,WI
CUF,Cut and Shoot,Cut and Shoot,TX
CTB,Cut Bank,Cut Bank,MT
UOF,Cut Off,Cut Off,LA
UTC,Cutchogue,Cutchogue,NY
H8B,Cuthbert,Cuthbert,GA
CUG,Cutler,Cutler,CA
XUT,Cutler,Cutler,IL
2CU,Cutler,Cutler,IN
C6B,Cutler Bay,Cutler Bay,FL
CI4,Cutler Ridge,Cutler Ridge,FL
CUJ,Cuyahoga Falls,Cuyahoga Falls,OH
CU5,Cuyahoga Heights,Cuyahoga Heights,OH
YDL,Cyclone,Cyclone,WV
YJA,Cynthiana,Cynthiana,IN
CAZ,Cynthiana,Cynthiana,KY
6CY,Cynthiana,Cynthiana,OH
CYQ,Cypress,Cypress,CA
4CY,Cypress,Cypress,FL
CYX,Cypress,Cypress,TX
YXB,Cypress Bend,Cypress Bend,AR
DCQ,Dacono,Dacono,CO
DQL,Dacula,Dacula,GA
DDB,Dade City,Dade City,FL
DDL,Dadeville,Dadeville,AL
DAG,Daggett,Daggett,CA
D5W,Dagsboro,Dagsboro,DE
DCK,Dahl Creek,Dahl Creek,AK
DQG,Dahlgren,Dahlgren,IL
DGN,Dahlgren,Dahlgren,VA
DHL,Dahlonega,Dahlonega,GA
DAI,Dailey,Dailey,WV
DFG,Daingerfield,Daingerfield,TX
D8R,Dairy,Dairy,OR
DKO,Dakota,Dakota,IL
KOF,Dakota,Dakota,MN
DAK,Dakota City,Dakota City,IA
DKC,Dakota City,Dakota City,NE
DTD,Dakota Dunes,Dakota Dunes,SD
DBO,Dalbo,Dalbo,MN
OA8,Dale,Dale,IN
YDE,Dale,Dale,WI
DC2,Dale City,Dale City,VA
DVY,Daleville,Daleville,AL
DKV,Daleville,Daleville,IN
DV4,Daleville,Daleville,VA
DHT,Dalhart,Dalhart,TX
IJS,Dalies,Dalies,NM
DLX,Dallas,Dallas,GA
ZCO,Dallas,Dallas,IA
DLB,Dallas,Dallas,MO
DAC,Dallas,Dallas,NC
DAE,Dallas,Dallas,OR
DSP,Dallas,Dallas,PA
DAL,Dallas,Dallas,TX
DC6,Dallas Center,Dallas Center,IA
DCX,Dallas City,Dallas City,IL
DFW,Dallas-Fort Worth Int Apt,Dallas-Fort Worth Int Apt,TX
DAZ,Dallastown,Dallastown,PA
DL6,Dalmatia,Dalmatia,PA
DLR,Dal-nor,Dal-nor,TX
DNN,Dalton,Dalton,GA
QDT,Dalton,Dalton,MA
DT8,Dalton,Dalton,MN
DN4,Dalton,Dalton,NH
QDL,Dalton,Dalton,OH
DPQ,Dalton,Dalton,PA
DK9,Dalton City,Dalton City,IL
DTG,Dalton Gardens,Dalton Gardens,ID
DXL,Daly City,Daly City,CA
DZL,Dalzell,Dalzell,SC
D8A,Damariscotta,Damariscotta,ME
AR5,Damascus,Damascus,AR
DAM,Damascus,Damascus,GA
ZWF,Damascus,Damascus,MD
DSC,Damascus,Damascus,OR
D3U,Damascus,Damascus,PA
DMU,Damascus,Damascus,VA
DPT,Dana Point,Dana Point,CA
DAH,Danboro,Danboro,PA
DXR,Danbury,Danbury,CT
DAU,Danbury,Danbury,NH
DUY,Danbury,Danbury,TX
DBZ,Danbury,Danbury,WI
DNY,Danby,Danby,VT
DAX,Dandridge,Dandridge,TN
DNE,Dane,Dane,WI
DS7,Danese,Danese,WV
DV6,Danevang,Danevang,TX
6FT,Danforth,Danforth,ME
DGB,Danger Bay,Danger Bay,AK
DAD,Dania Beach,Dania Beach,FL
DI8,Daniel Island,Daniel Island,SC
DIS,Daniels,Daniels,WV
DSO,Danielson,Danielson,CT
DA4,Danielsville,Danielsville,GA
DNW,Danielsville,Danielsville,PA
DA5,Dannebrog,Dannebrog,NE
NY6,Dansville,Dansville,MI
DSV,Dansville,Dansville,NY
YYS,Danvers,Danvers,IL
DVR,Danvers,Danvers,MA
DV9,Danvers,Danvers,MN
NDJ,Danville,Danville,AL
DZV,Danville,Danville,AR
SXC,Danville,Danville,CA
DQ6,Danville,Danville,GA
DLV,Danville,Danville,IA
DVI,Danville,Danville,IL
DLI,Danville,Danville,IN
DIH,Danville,Danville,KS
DVK,Danville,Danville,KY
DHE,Danville,Danville,NH
DIL,Danville,Danville,NY
AGK,Danville,Danville,OH
DAP,Danville,Danville,PA
DAN,Danville,Danville,VA
7DV,Danville,Danville,VT
AAT,Danville,Danville,WA
DHA,Daphne,Daphne,AL
DXB,Darby,Darby,MT
DBB,Darby,Darby,PA
DAR,Dardanelle,Dardanelle,AR
DAQ,Darien,Darien,CT
DIE,Darien,Darien,GA
DII,Darien,Darien,IL
DDR,Darien,Darien,WI
DIR,Darien Center,Darien Center,NY
DIF,Darlington,Darlington,IN
DIT,Darlington,Darlington,MD
DLP,Darlington,Darlington,PA
DRN,Darlington,Darlington,SC
DGY,Darlington,Darlington,WI
DN3,Darrington,Darrington,WA
DRR,Darrow,Darrow,LA
DQT,Dartmouth,Dartmouth,MA
DA7,Dassel,Dassel,MN
DL3,Dateland,Dateland,AZ
EIP,Dauberville,Dauberville,PA
DI2,Daufuskie Island,Daufuskie Island,SC
DA8,Dauphin,Dauphin,PA
DPD,Dauphin Island,Dauphin Island,AL
DVT,Davant,Davant,LA
DAV,Davenport,Davenport,CA
DVP,Davenport,Davenport,FL
DVN,Davenport,Davenport,IA
9VP,Davenport,Davenport,VA
D3P,Davenport,Davenport,WA
DTY,David City,David City,NE
DAO,Davidson,Davidson,NC
DV2,Davidsonville,Davidsonville,MD
DA3,Davidsville,Davidsville,PA
DVF,Davie,Davie,FL
DVE,Davie,Davie,NC
DAS,Davis,Davis,CA
DVS,Davis,Davis,OK
D2V,Davis,Davis,WV
DJ9,Davis Junction,Davis Junction,IL
DFB,Davis Monthan AFB,Davis Monthan AFB,AZ
DBG,Davisburg,Davisburg,MI
DVO,Davison,Davison,MI
DS9,Daviston,Daviston,AL
DVV,Davisville,Davisville,RI
III,"Davisville, Wood","Davisville, Wood",WV
DA6,Davy,Davy,WV
TDD,Dawn,Dawn,TX
DAW,Dawson,Dawson,GA
DWM,Dawson,Dawson,MN
DSG,Dawson Springs,Dawson Springs,KY
DVX,Dawsonville,Dawsonville,GA
DYC,Days Creek,Days Creek,OR
DT5,Dayton,Dayton,IL
DY2,Dayton,Dayton,KY
JYT,Dayton,Dayton,MN
QYT,Dayton,Dayton,MT
DYT,Dayton,Dayton,NJ
DYJ,Dayton,Dayton,NV
DYD,Dayton,Dayton,NY
DAY,Dayton,Dayton,OH
XET,Dayton,Dayton,OR
D2Y,Dayton,Dayton,PA
DAT,Dayton,Dayton,TN
DTX,Dayton,Dayton,TX
DYV,Dayton,Dayton,VA
DYW,Dayton,Dayton,WA
DAB,Daytona Beach,Daytona Beach,FL
DLK,Dayville,Dayville,CT
IYV,Dayville,Dayville,OR
DQU,De Beque,De Beque,CO
DFO,De Forest,De Forest,WI
DU5,De Funiak Springs,De Funiak Springs,FL
DFN,De Funiak Springs,De Funiak Springs,FL
DEK,De Kalb,De Kalb,IL
DKL,De Kalb,De Kalb,MS
DKB,De Kalb,De Kalb,TX
DLD,De Land,De Land,FL
ZCQ,De Leon,De Leon,TX
DLF,De Leon Springs,De Leon Springs,FL
DRW,De Pere,De Pere,WI
DQZ,De Queen,De Queen,AR
DRI,De Ridder,De Ridder,LA
DNX,De Smet,De Smet,SD
5FR,De Soto,De Soto,IA
OT4,De Soto,De Soto,IL
DZO,De Soto,De Soto,KS
DSQ,De Soto,De Soto,MO
Z2C,De Soto,De Soto,TX
DT4,De Tour Village,De Tour Village,MI
DWA,De Witt,De Witt,AR
DWJ,De Witt,De Witt,IA
DWT,De Witt,De Witt,MI
DWX,De Witt,De Witt,NE
DWN,De Witt,De Witt,NY
DDW,Deadwood,Deadwood,SD
DAF,Deal,Deal,NJ
DEJ,Deans,Deans,NJ
D2E,Deansboro,Deansboro,NY
DEO,Dearborn,Dearborn,MI
DHG,Dearborn Heights,Dearborn Heights,MI
DR4,Dearing,Dearing,GA
DTH,Death Valley,Death Valley,CA
2DE,Deatsville,Deatsville,AL
DB2,DeBary,DeBary,FL
DB6,Debord,Debord,KY
DCU,Decatur,Decatur,AL
DTU,Decatur,Decatur,AR
DCG,Decatur,Decatur,GA
DEC,Decatur,Decatur,IL
DCR,Decatur,Decatur,IN
XEX,Decatur,Decatur,MI
DSU,Decatur,Decatur,NE
DC9,Decatur,Decatur,OH
DTV,Decatur,Decatur,TN
DEU,Decatur,Decatur,TX
DT2,Decatur City,Decatur City,IA
DTR,Decatur Island,Decatur Island,WA
8DV,Decaturville,Decaturville,TN
DCH,Decherd,Decherd,TN
DKR,Decker,Decker,IN
9DP,Decker Prairie,Decker Prairie,TX
DCL,Declo,Declo,ID
DEH,Decorah,Decorah,IA
DED,Dedham,Dedham,MA
WDB,Deep Bay,Deep Bay,AK
E5P,Deep Gap,Deep Gap,NC
DEQ,Deep River,Deep River,CT
DPW,Deepwater,Deepwater,NJ
DE8,Deer,Deer,AR
DR9,Deer Creek,Deer Creek,MN
DGR,Deer Grove,Deer Grove,IL
YUO,Deer Harbor,Deer Harbor,WA
JDS,Deer Island,Deer Island,OR
8DI,Deer Isle,Deer Isle,ME
DLQ,"Deer Lake, Schuylkill","Deer Lake, Schuylkill",PA
DEG,Deer Lodge,Deer Lodge,MT
DL7,Deer Lodge,Deer Lodge,TN
DP5,Deer Park,Deer Park,CA
FJY,Deer Park,Deer Park,IL
5DP,Deer Park,Deer Park,LA
ERP,Deer Park,Deer Park,MD
DPK,Deer Park,Deer Park,NY
XFA,Deer Park,Deer Park,OH
DPC,Deer Park,Deer Park,PA
DEX,Deer Park,Deer Park,TX
DP2,"Deer Park, Camden","Deer Park, Camden",NJ
DMT,Deer River,Deer River,MN
6DB,Deerbrook,Deerbrook,WI
DRD,Deerfield,Deerfield,IL
DDE,Deerfield,Deerfield,MA
DLZ,Deerfield,Deerfield,MI
DFM,Deerfield,Deerfield,MO
DFE,Deerfield,Deerfield,NH
DJ3,Deerfield,Deerfield,NJ
DFL,Deerfield,Deerfield,OH
DFD,Deerfield,Deerfield,WI
DEE,Deerfield Beach,Deerfield Beach,FL
DRG,Deering,Deering,AK
DPA,Deerpark,Deerpark,FL
DWD,Deerwood,Deerwood,MN
DFX,Defense,Defense,TX
DEF,Deferiet,Deferiet,NY
DFA,Defiance,Defiance,IA
DFC,Defiance,Defiance,MO
DFI,Defiance,Defiance,OH
DCB,DeKalb,DeKalb,IL
DBA,Del Bonita,Del Bonita,MT
D2C,Del City,Del City,OK
DMA,Del Mar,Del Mar,CA
DM2,"Del Mar, San Diego","Del Mar, San Diego",CA
DN2,Del Norte,Del Norte,CO
DLY,Del Rey,Del Rey,CA
EKS,Del Rey Oaks,Del Rey Oaks,CA
DRZ,Del Rio,Del Rio,TN
DRT,Del Rio,Del Rio,TX
DVM,Del Valle,Del Valle,TX
DFZ,Delafield,Delafield,WI
DLA,Delair,Delair,NJ
DLJ,Delanco,Delanco,NJ
DD5,Deland,Deland,FL
DNO,Delano,Delano,CA
DOX,Delano,Delano,MN
DLU,Delano,Delano,PA
DOQ,Delano,Delano,TN
D2L,Delanson,Delanson,NY
DPX,Delaplane,Delaplane,VA
D9E,Delavan,Delavan,IL
DEA,Delavan,Delavan,WI
D3W,Delaware,Delaware,NJ
DEL,Delaware,Delaware,OH
DCI,Delaware City,Delaware City,DE
DWG,Delaware Water Gap,Delaware Water Gap,PA
VV7,Delbarton,Delbarton,WV
DON,DeLeon,DeLeon,TX
DVA,Delevan,Delevan,NY
DHI,Delhi,Delhi,IA
DHX,Delhi,Delhi,LA
YDP,Delhi,Delhi,NY
DIJ,Delhi,Delhi,OH
DLE,Delisle,Delisle,MS
LLR,Dell,Dell,AR
DL8,Dell,Dell,MT
DC4,Dell City,Dell City,TX
DQY,Dellroy,Dellroy,OH
DM3,Delmar,Delmar,DE
DMM,Delmar,Delmar,MD
DVQ,Delmont,Delmont,PA
DJI,Deloit,Deloit,IA
DEI,Delphi,Delphi,IN
DEP,Delphos,Delphos,OH
DRJ,Delran,Delran,NJ
DYB,Delray,Delray,WV
DEY,Delray Beach,Delray Beach,FL
AL5,Delta,Delta,AL
DTC,Delta,Delta,CO
DA2,Delta,Delta,OH
DT9,Delta,Delta,PA
DTA,Delta,Delta,UT
DJN,Delta Junction,Delta Junction,AK
DN5,Delton,Delton,MI
DLT,Deltona,Deltona,FL
DM8,Demarest,Demarest,NJ
DMN,Deming,Deming,NM
DPM,Deming,Deming,WA
DMP,Demopolis,Demopolis,AL
OSQ,Demorest,Demorest,GA
EYY,DeMotte,DeMotte,IN
YDI,Denair,Denair,CA
DNI,Denali,Denali,AK
D4D,Denaud,Denaud,FL
FT3,Dendron,Dendron,VA
DQQ,Denham,Denham,IN
DNM,Denham Springs,Denham Springs,LA
DHF,Denhoff,Denhoff,ND
DNS,Denison,Denison,IA
DSZ,Denison,Denison,TX
D8E,Denmark,Denmark,ME
ZC2,Denmark,Denmark,NY
DMK,Denmark,Denmark,SC
DXS,Denmark,Denmark,WI
DJS,Dennis,Dennis,MA
D2N,Dennis,Dennis,TX
OH6,Dennison,Dennison,OH
DJV,Dennisville,Dennisville,NJ
8NY,Dennysville,Dennysville,ME
DTO,Denton,Denton,GA
ZDN,Denton,Denton,MD
DTE,Denton,Denton,MT
ENT,Denton,Denton,NC
DTQ,Denton,Denton,NE
DTN,Denton,Denton,TX
DE7,Dentonville,Dentonville,OK
DEN,Denver,Denver,CO
DTZ,Denver,Denver,MO
DID,Denver,Denver,NC
DAJ,Denver,Denver,NY
DNQ,Denver,Denver,PA
DVC,Denver City,Denver City,TX
DNL,Denville,Denville,NJ
D9N,Depauw,Depauw,IN
DPE,Depew,Depew,NY
DPO,Deport,Deport,TX
DPI,Deposit,Deposit,NY
DPF,Deptford,Deptford,NJ
DWB,Deptford Township,Deptford Township,NJ
DE5,Depue,Depue,IL
QDQ,DeQuincy,DeQuincy,LA
DCT,Derby,Derby,CT
DPB,Derby,Derby,KS
8DB,Derby,Derby,KY
DPY,Derby,Derby,ME
ERB,Derby,Derby,NY
JYY,Derby,Derby,VT
DBX,Derby Center,Derby Center,VT
DBY,Derby Line,Derby Line,VT
DE3,Deridder,Deridder,LA
DIM,Derma,Derma,MS
DEM,Dermott,Dermott,AR
DNP,Derry,Derry,NH
QDR,Derry,Derry,PA
DR5,Deruyter,Deruyter,NY
DW2,Derwood,Derwood,MD
DA9,Des Arc,Des Arc,AR
DSM,Des Moines,Des Moines,IA
DSN,Des Moines,Des Moines,WA
DPR,Des Peres,Des Peres,MO
DES,Des Plaines,Des Plaines,IL
DJC,Descanso,Descanso,CA
DTJ,Desert Center,Desert Center,CA
DDH,Desert Hills,Desert Hills,AZ
DHS,Desert Hot Springs,Desert Hot Springs,CA
DE2,Desha,Desha,AR
DSR,Deshler,Deshler,NE
DSH,Deshler,Deshler,OH
DOT,DeSoto,DeSoto,TX
DSI,Destin,Destin,FL
NEW,Destrehan,Destrehan,LA
VOU,Detour,Detour,MD
7AL,Detroit,Detroit,AL
DTT,Detroit,Detroit,IL
DT7,Detroit,Detroit,ME
DET,Detroit,Detroit,MI
ZC3,Detroit,Detroit,TX
DTL,Detroit Lakes,Detroit Lakes,MN
VNS,Devens,Devens,MA
QDV,Devenscrest,Devenscrest,MA
DVL,Devils Lake,Devils Lake,ND
DVD,Devine,Devine,TX
DEV,Devon,Devon,PA
DE9,Dewey,Dewey,AZ
DWO,Dewey,Dewey,OK
YVC,Deweyville,Deweyville,UT
DWW,Dewitt,Dewitt,IA
DEZ,Dewitt,Dewitt,IL
DEW,Dewitt,Dewitt,NY
VW2,DeWitt,DeWitt,VA
DTI,Dewittville,Dewittville,NY
DWE,Dewy Rose,Dewy Rose,GA
DXP,Dexter,Dexter,KS
XFB,Dexter,Dexter,ME
YDX,Dexter,Dexter,MI
DXE,Dexter,Dexter,MO
DXI,Dexter,Dexter,NM
DXT,Dexter,Dexter,NY
XXT,Dexter,Dexter,OH
DX2,Dexter City,Dexter City,OH
DHC,D'Hanis,D'Hanis,TX
IOG,Di Giorgio,Di Giorgio,CA
DB7,Diablo,Diablo,CA
DMD,Diamond,Diamond,MO
DD7,Diamond,Diamond,WA
DBR,Diamond Bar,Diamond Bar,CA
2DK,Diamond Lake,Diamond Lake,IL
DXG,Diamond Springs,Diamond Springs,CA
DD4,Diamondhead,Diamondhead,MS
DM4,Diamondville,Diamondville,WY
DBE,Diberville,Diberville,MS
DIB,Diboll,Diboll,TX
Y99,Dickeyville,Dickeyville,WI
DIK,Dickinson,Dickinson,ND
DSX,Dickinson,Dickinson,TX
ZKN,Dickson,Dickson,TN
DSY,Dickson City,Dickson City,PA
DKS,Dierks,Dierks,AR
D2H,Dieterich,Dieterich,IL
D3G,Diggs,Diggs,VA
DGT,Dighton,Dighton,MA
DKE,Dike,Dike,IA
DCY,Dill City,Dill City,OK
DY3,Dilley,Dilley,TX
DLG,Dillingham,Dillingham,AK
4DI,Dillon,Dillon,CO
8DL,Dillon,Dillon,GA
DLN,Dillon,Dillon,MT
DLL,Dillon,Dillon,SC
DO3,Dillsboro,Dillsboro,IN
DMG,Dillsburg,Dillsburg,PA
UFP,Dillwyn,Dillwyn,VA
DWH,Dilworth,Dilworth,MN
DW7,Dilworth,Dilworth,TX
DB3,Dime Box,Dime Box,TX
3DT,Dimmitt,Dimmitt,TX
DML,Dimondale,Dimondale,MI
DFP,Dingmans Ferry,Dingmans Ferry,PA
DIU,Dinuba,Dinuba,CA
D3D,Dinwiddie,Dinwiddie,VA
DIO,Diomede Island,Diomede Island,AK
DG9,Dirggs,Dirggs,ID
DYY,Discovery Bay,Discovery Bay,CA
DPV,Disputanta,Disputanta,VA
JHO,District Heights,District Heights,MD
4DV,Divernon,Divernon,IL
DV5,Divide,Divide,CO
7DI,Dix,Dix,IL
YIX,Dix,Dix,NE
DI7,Dix Hills,Dix Hills,NY
DXF,Dixfield,Dixfield,ME
IXE,Dixie,Dixie,GA
EXX,Dixie,Dixie,LA
D9I,Dixmont,Dixmont,ME
DMR,Dixmoor,Dixmoor,IL
DXC,Dixon,Dixon,CA
DXN,Dixon,Dixon,IL
KDX,Dixon,Dixon,KY
DIQ,Dixon,Dixon,MO
3DX,Dixville Notch,Dixville Notch,NH
DB4,Dobbins,Dobbins,CA
DBF,Dobbs Ferry,Dobbs Ferry,NY
DOB,Dobson,Dobson,NC
DDG,Dodge,Dodge,NE
XEU,Dodge Center,Dodge Center,MN
DDC,Dodge City,Dodge City,KS
DDV,Dodgeville,Dodgeville,WI
DS4,Dodson,Dodson,LA
DOE,Doe Run,Doe Run,KY
DU9,Doerun,Doerun,GA
QDY,Dolgeville,Dolgeville,NY
DXY,Dollar Bay,Dollar Bay,MI
DLO,Dolomi,Dolomi,AK
DOL,Dolomite,Dolomite,AL
ZDE,Dolores,Dolores,CO
DQN,Dolton,Dolton,IL
DMZ,Dominguez,Dominguez,CA
DIZ,Dominguez Hills,Dominguez Hills,CA
DX3,Domino,Domino,TX
DXO,Donald,Donald,OR
DDS,Donalds,Donalds,SC
DD8,Donaldson,Donaldson,MN
DNA,Donaldsonville,Donaldsonville,LA
DSL,Donalsonville,Donalsonville,GA
DCZ,Donegal,Donegal,PA
DNG,Dongola,Dongola,IL
DPH,Doniphan,Doniphan,MO
DNH,Doniphan,Doniphan,NE
XEY,Donna,Donna,TX
DL9,Donnellson,Donnellson,IA
DYX,Donnelly,Donnelly,AK
DL2,Donnelly,Donnelly,ID
DRP,Donora,Donora,PA
ZDV,Donovan,Donovan,IL
QDO,Doon,Doon,IA
DO6,Dora,Dora,AL
DJO,Dora,Dora,NM
DOF,Dora Bay,Dora Bay,AK
PDQ,Doral,Doral,FL
DRH,Doraville,Doraville,GA
DQH,Dorchester,Dorchester,IL
DZM,Dorchester,Dorchester,MA
DC5,Dorchester,Dorchester,SC
DCS,Dorchester,Dorchester,WI
DDD,Dorr,Dorr,MI
DNC,Dorrance,Dorrance,KS
DT3,Dorset,Dorset,VT
DRS,Dorsey,Dorsey,MD
D2S,Dos Palos,Dos Palos,CA
DOS,Doswell,Doswell,VA
DHN,Dothan,Dothan,AL
DMB,Double Springs,Double Springs,AL
DGZ,Douglas,Douglas,AR
DUG,Douglas,Douglas,AZ
DOU,Douglas,Douglas,GA
3DL,Douglas,Douglas,IL
DOG,"Douglas, Allegan","Douglas, Allegan",MI
DGW,Douglas/Converse,Douglas/Converse,WY
UGW,Douglass,Douglass,KS
DGL,Douglassville,Douglassville,PA
DGS,Douglaston/Queens/New York,Douglaston/Queens/New York,NY
DGV,Douglasville,Douglasville,GA
DO2,Dousman,Dousman,WI
DC7,Dove Creek,Dove Creek,CO
XEZ,Dover,Dover,DE
DOR,Dover,Dover,FL
DO5,Dover,Dover,GA
DER,Dover,Dover,IL
DQV,Dover,Dover,KY
AOV,Dover,Dover,MA
D9V,Dover,Dover,MN
DRV,Dover,Dover,NH
DVJ,Dover,Dover,NJ
DOO,Dover,Dover,OH
OER,Dover,Dover,OK
DR2,Dover,Dover,PA
DZR,Dover,Dover,TN
8FX,Dover Foxcroft,Dover Foxcroft,ME
VOI,Dover Plains,Dover Plains,NY
DOV,Dover-Cheswold,Dover-Cheswold,DE
DOW,Dowagiac,Dowagiac,MI
3DW,Dowling,Dowling,TX
UFO,Downers Grove,Downers Grove,IL
JDY,Downey,Downey,CA
DWZ,Downey,Downey,PA
DYH,Downieville,Downieville,CA
DN7,Downing,Downing,MO
DOI,Downing,Downing,WI
DNT,Downingtown,Downingtown,PA
4DO,Downs,Downs,IL
DQW,Downs,Downs,KS
DV8,Downsville,Downsville,LA
DWQ,Downsville,Downsville,NY
DXV,Downsville,Downsville,WI
DOY,Doyle,Doyle,CA
XFC,Doyle,Doyle,TN
DYL,Doylestown,Doylestown,PA
XEV,Dracut,Dracut,MA
DNR,Drain,Drain,OR
DK2,Drake,Drake,AZ
DSB,Drakesboro,Drakesboro,KY
DRK,Draper,Draper,AR
DRQ,Draper,Draper,UT
D2P,Draper,Draper,VA
DVB,Dravosburg,Dravosburg,PA
D2D,Drayden,Drayden,MD
DY9,Drayton,Drayton,ND
DMI,Drayton Plains,Drayton Plains,MI
D3N,Drennen,Drennen,WV
D2R,Dresden,Dresden,ME
2DD,Dresden,Dresden,MO
AAU,Dresden,Dresden,NY
DSD,Dresden,Dresden,TN
DR8,Dresden,Dresden,TX
DRC,Dresher,Dresher,PA
DSW,Dresser,Dresser,WI
DRM,Drew,Drew,MS
DRL,Drexel,Drexel,MO
DRX,Drexel,Drexel,NC
DRF,Drift River,Drift River,AK
DBW,Driftwood,Driftwood,TX
DGX,Driggs,Driggs,ID
TDS,Dripping Springs,Dripping Springs,TX
DRU,Drummond,Drummond,MT
DRE,Drummond Island,Drummond Island,MI
DH3,Drumright,Drumright,OK
UMS,Drums,Drums,PA
DRY,Dry Branch,Dry Branch,GA
DFK,"Dry Fork, Pittsylvania","Dry Fork, Pittsylvania",VA
DDJ,Dry Ridge,Dry Ridge,KY
YDA,Dryden,Dryden,MI
D8Y,Dryden,Dryden,NY
DYN,Dryden,Dryden,TX
DR3,Drytown,Drytown,CA
DU4,Du Bois,Du Bois,PA
ABX,Du Pont,Du Pont,WA
DUU,Du Quoin,Du Quoin,IL
5DB,Duanesburg,Duanesburg,NY
URT,Duart,Duart,NC
DUB,Duarte,Duarte,CA
DQB,Dublin,Dublin,CA
DBN,Dublin,Dublin,GA
6UB,Dublin,Dublin,MS
7DB,Dublin,Dublin,NC
DZI,Dublin,Dublin,NH
DUO,Dublin,Dublin,OH
DUI,Dublin,Dublin,PA
DBL,Dublin,Dublin,TX
PSK,Dublin,Dublin,VA
DBS,Dubois,Dubois,ID
DB5,Dubois,Dubois,IL
DBI,Dubois,Dubois,IN
DUJ,Dubois,Dubois,PA
DBV,Dubois,Dubois,WY
DBQ,Dubuque,Dubuque,IA
DUF,Duck,Duck,NC
DC3,Ducktown,Ducktown,TN
DCO,Ducor,Ducor,CA
DKU,Dudley,Dudley,MA
UD4,Dudley,Dudley,MO
DHU,Dudley,Dudley,NC
D2G,Duenweg,Duenweg,MO
DUD,Duffield,Duffield,VA
DU2,Dufur,Dufur,OR
DG2,Dugspur,Dugspur,VA
DPG,Dugway,Dugway,UT
DUK,Duke,Duke,OK
LLH,Dulles,Dulles,VA
IAD,Dulles Int Apt/Washington,Dulles Int Apt/Washington,VA
DGA,Duluth,Duluth,GA
DLH,Duluth,Duluth,MN
DZU,Dulzura,Dulzura,CA
DMS,Dumas,Dumas,AR
DS2,Dumas,Dumas,MS
DUX,Dumas,Dumas,TX
DFS,Dumfries,Dumfries,VA
DMJ,Dumont,Dumont,NJ
DB8,Dunbar,Dunbar,PA
DBJ,Dunbar,Dunbar,WI
DWV,Dunbar,Dunbar,WV
DUE,Dunbridge,Dunbridge,OH
D7C,Duncan,Duncan,NE
DUC,Duncan,Duncan,OK
DNK,Duncan,Duncan,SC
ZC4,Duncan Falls,Duncan Falls,OH
DMX,Duncans Mills,Duncans Mills,CA
DUV,Duncansville,Duncansville,PA
DV3,Duncanville,Duncanville,TX
DU7,Duncombe,Duncombe,IA
DDQ,Dundalk,Dundalk,MD
UDS,Dundas,Dundas,MN
DYU,Dundee,Dundee,FL
DYI,Dundee,Dundee,IL
DND,Dundee,Dundee,MI
DYK,Dundee,Dundee,NY
DE4,Dundee,Dundee,OH
UEZ,Dundee,Dundee,OR
DNB,Dunedin,Dunedin,FL
DUL,Dunellen,Dunellen,NJ
DKD,Dunkirk,Dunkirk,IN
K44,Dunkirk,Dunkirk,MD
DKK,Dunkirk,Dunkirk,NY
DKI,Dunkirk,Dunkirk,OH
DZP,Dunlap,Dunlap,IA
DJR,Dunlap,Dunlap,IL
ULJ,Dunlap,Dunlap,IN
UNL,Dunlap,Dunlap,TN
DNZ,Dunmore,Dunmore,PA
DU3,Dunmore,Dunmore,WV
DUZ,Dunn,Dunn,NC
DUM,Dunn,Dunn,SC
DFU,Dunnellon,Dunnellon,FL
DIG,Dunnigan,Dunnigan,CA
DNV,Dunnville,Dunnville,KY
DUN,Dunseith,Dunseith,ND
DSE,Dunstable,Dunstable,MA
DW3,Dunwoody,Dunwoody,GA
DUP,Dupo,Dupo,IL
DPN,Dupont,Dupont,CO
PUD,Dupont,Dupont,PA
PUP,Dupont,Dupont,WA
ZDQ,Duquesne,Duquesne,PA
DUQ,Duquoin,Duquoin,IL
DDI,Durand,Durand,IL
RUD,Durand,Durand,MI
DXD,Durand,Durand,WI
DRO,Durango,Durango,CO
D3F,Durant,Durant,FL
D2U,Durant,Durant,IA
URA,Durant,Durant,MS
DUA,Durant,Durant,OK
DJB,Durbin,Durbin,ND
DUW,Durbin,Durbin,WV
DH8,Durham,Durham,CA
DHQ,Durham,Durham,CT
R9D,Durham,Durham,KS
8DU,Durham,Durham,ME
DUR,Durham,Durham,NC
DH2,Durham,Durham,NH
DHH,Durham,Durham,OR
DXH,Durham,Durham,PA
RDU,Durham-Raleigh Apt,Durham-Raleigh Apt,NC
UEE,Durkee,Durkee,OR
DYA,Duryea,Duryea,PA
DUS,Dushore,Dushore,PA
DUT,Dutch Harbor,Dutch Harbor,AK
ZDU,Dutton,Dutton,AL
DU8,Dutton,Dutton,MI
ZDZ,Dutzow,Dutzow,MO
DZA,Duvall,Duvall,WA
DUH,Duxbury,Duxbury,MA
DWI,Dwight,Dwight,IL
DVG,Dwight,Dwight,ND
DYQ,Dyer,Dyer,IN
YEX,Dyer,Dyer,NV
DYS,Dyer,Dyer,TN
DYR,Dyersburg,Dyersburg,TN
DYE,Dyersville,Dyersville,IA
DZY,Dysart,Dysart,IA
XED,Eads,Eads,TN
UFS,Eagan,Eagan,MN
E4G,Eagar,Eagar,AZ
EAA,Eagle,Eagle,AK
EG3,Eagle,Eagle,CO
G9L,Eagle,Eagle,ID
EEJ,Eagle,Eagle,NE
EGL,Eagle,Eagle,PA
XXP,Eagle,Eagle,WI
DMQ,Eagle Bridge,Eagle Bridge,NY
EB8,Eagle Butte,Eagle Butte,SD
E3C,Eagle Creek,Eagle Creek,OR
EGF,Eagle Grove,Eagle Grove,IA
5EL,Eagle Lake,Eagle Lake,FL
9EL,Eagle Lake,Eagle Lake,ME
ELA,Eagle Lake,Eagle Lake,TX
3GL,Eagle Mountain,Eagle Mountain,UT
EGP,Eagle Pass,Eagle Pass,TX
EAG,Eagle Point,Eagle Point,NJ
E3P,Eagle Point,Eagle Point,OR
ERQ,Eagle River,Eagle River,AK
EGV,Eagle River,Eagle River,WI
EGR,Eagle Rock,Eagle Rock,CA
YGK,Eagle Rock,Eagle Rock,MO
ER3,"Eagle Rock, Botetourt","Eagle Rock, Botetourt",VA
E8S,Eagle Springs,Eagle Springs,NC
YEA,"Eagle, Ada","Eagle, Ada",ID
E33,Eagles Mere,Eagles Mere,PA
EGJ,Eagleville,Eagleville,MO
EAV,Eagleville,Eagleville,PA
E2G,Eagleville,Eagleville,TN
QEY,Eakly,Eakly,OK
ERE,Earl,Earl,NC
EPA,Earl Park,Earl Park,IN
EAM,Earle,Earle,AR
EAE,Earle,Earle,NJ
M9D,Earleville,Earleville,MD
5EM,Earlham,Earlham,IA
EYM,Earlimart,Earlimart,CA
E2I,Earling,Earling,IA
QEO,Earlington,Earlington,KY
QEV,Earlville,Earlville,IA
8EV,Earlville,Earlville,IL
34L,Early,Early,TX
EYB,Early Branch,Early Branch,SC
3VA,Earlysville,Earlysville,VA
ETC,Earth City,Earth City,MO
EAL,Easley,Easley,SC
EBU,East Alburg,East Alburg,VT
EOL,East Alton,East Alton,IL
E7T,East Amherst,East Amherst,NY
EAO,East Aurora,East Aurora,NY
EGB,East Bangor,East Bangor,PA
EBD,East Bend,East Bend,NC
AAV,East Berlin,East Berlin,CT
EBL,East Berlin,East Berlin,PA
TBE,East Bernard,East Bernard,TX
ETD,East Bernstadt,East Bernstadt,KY
ZTB,East Bloomfield,East Bloomfield,NY
EXJ,East Boothbay,East Boothbay,ME
EBN,East Boston,East Boston,MA
D4B,East Branch,East Branch,NY
EBC,East Bridgeport,East Bridgeport,CT
EAB,East Bridgewater,East Bridgewater,MA
EBQ,East Brookfield,East Brookfield,MA
EBR,East Brunswick,East Brunswick,NJ
EZK,East Burke,East Burke,VT
EBT,East Butler,East Butler,PA
ECM,East Cambridge,East Cambridge,MA
ECN,East Camden,East Camden,AR
5EC,East Canaan,East Canaan,CT
ECZ,East Canton,East Canton,OH
EC6,East Carbon,East Carbon,UT
TCD,East Carondelet,East Carondelet,IL
EQN,East Chatham,East Chatham,NY
ECH,East Chicago,East Chicago,IN
ECL,East Clinton,East Clinton,IL
ECX,East Concord,East Concord,NY
EZV,East Danville,East Danville,VA
TDN,East Dennis,East Dennis,MA
EJO,East Dorset,East Dorset,VT
EDO,East Douglas,East Douglas,MA
EDU,East Dublin,East Dublin,GA
EQE,East Dubuque,East Dubuque,IL
9ED,East Dundee,East Dundee,IL
ED8,East Durham,East Durham,NY
EE3,East Earl,East Earl,PA
EHU,East Elmhurst,East Elmhurst,NY
4HE,East Fairfield,East Fairfield,OH
ZEF,East Falmouth,East Falmouth,MA
EFR,East Farmingdale,East Farmingdale,NY
YEF,East Fayetteville,East Fayetteville,NC
TVK,East Fishkill,East Fishkill,NY
ERK,East Flat Rock,East Flat Rock,NC
EFO,East Fork,East Fork,AK
EFM,East Freedom,East Freedom,PA
EFJ,East Freehold,East Freehold,NJ
EFN,East Freetown,East Freetown,MA
EGZ,East Glenville,East Glenville,NY
EGO,East Goshen,East Goshen,PA
EBY,East Granby,East Granby,CT
EGQ,East Grand Forks,East Grand Forks,MN
L4D,East Grand Rapids,East Grand Rapids,MI
EGY,East Greenbush,East Greenbush,NY
UFT,East Greenville,East Greenville,PA
UFU,East Greenwich,East Greenwich,RI
EH5,East Greenwich,East Greenwich,WA
TDM,East Haddam,East Haddam,CT
EAH,East Hampton,East Hampton,CT
HTO,East Hampton,East Hampton,NY
EHA,East Hanover,East Hanover,NJ
EHT,East Hartford,East Hartford,CT
EH6,East Harwich,East Harwich,MA
EHV,East Haven,East Haven,CT
7EV,East Haven,East Haven,VT
EHC,East Hazel Crest,East Hazel Crest,IL
EAI,East Irvine,East Irvine,CA
IS8,East Islip,East Islip,NY
JW7,East Jewett,East Jewett,NY
EJD,East Jordan,East Jordan,MI
EKB,East Keansburg,East Keansburg,NJ
EK8,East Kingston,East Kingston,NH
E2A,East Lake,East Lake,NC
E2L,East Lake,East Lake,OH
EQ4,East Lansing,East Lansing,MI
XXY,East Leroy,East Leroy,MI
ETY,East Liberty,East Liberty,OH
E8L,East Livermore,East Livermore,ME
ELO,East Liverpool,East Liverpool,OH
ETL,East Longmeadow,East Longmeadow,MA
ETA,East Los Angeles,East Los Angeles,CA
EAY,East Lyme,East Lyme,CT
EM7,East Machias,East Machias,ME
M33,East Mansfield,East Mansfield,MA
EQP,East McKeesport,East McKeesport,PA
EM9,East Meadow,East Meadow,NY
E2M,East Meredith,East Meredith,NY
EMI,East Millinocket,East Millinocket,ME
EA9,East Millstone,East Millstone,NJ
EMN,East Moline,East Moline,IL
7EM,East Montpelier,East Montpelier,VT
EXM,East Moriches,East Moriches,NY
5EN,East New York,East New York,NY
ETK,East Newark,East Newark,NJ
EIO,East Norriton,East Norriton,PA
EAP,East Northport,East Northport,NY
ENQ,East Norwalk,East Norwalk,CT
R9W,East Norwich,East Norwich,NY
EOG,East Orange,East Orange,NJ
E3O,East Otis,East Otis,MA
O3T,East Otto,East Otto,NY
YEP,East Palestine,East Palestine,OH
EYH,East Palmyra,East Palmyra,NY
EPD,East Palo Alto,East Palo Alto,CA
EZP,East Patchogue,East Patchogue,NY
EPJ,East Pembroke,East Pembroke,NY
EP5,East Penn,East Penn,PA
EPO,East Peoria,East Peoria,IL
V4V,East Petersburg,East Petersburg,PA
E9T,East Pittsburgh,East Pittsburgh,PA
EPN,East Point,East Point,GA
EPY,East Point,East Point,KY
EPF,East Prairie,East Prairie,MO
EPR,East Providence,East Providence,RI
EQG,East Quogue,East Quogue,NY
E2R,East Rancho Dominguez,East Rancho Dominguez,CA
ER8,East Randolph,East Randolph,VT
E6R,East Ridge,East Ridge,TN
ER5,East Rio,East Rio,WI
ERC,East Rochester,East Rochester,NY
EKY,East Rockaway,East Rockaway,NY
ERU,East Rutherford,East Rutherford,NJ
ESL,East Saint Louis,East Saint Louis,IL
E6S,East Sandwich,East Sandwich,MA
QET,East Setauket,East Setauket,NY
ESA,East Sparta,East Sparta,OH
EQ9,East Springfield,East Springfield,NY
E2S,East Springfield,East Springfield,OH
KCO,East Stockton,East Stockton,CA
ESP,East Stroudsburg,East Stroudsburg,PA
ES2,East Swanzey,East Swanzey,NH
ESY,East Syracuse,East Syracuse,NY
ETU,East Taunton,East Taunton,MA
ECA,East Tawas,East Tawas,MI
T6P,East Templeton,East Templeton,MA
TYY,East Troy,East Troy,WI
ZEP,East Walpole,East Walpole,MA
E9W,East Wenatchee,East Wenatchee,WA
EWY,East Weymouth,East Weymouth,MA
EW8,East Wilton,East Wilton,ME
99W,East Windsor,East Windsor,CT
EWS,East Windsor,East Windsor,NJ
EW2,East Woodstock,East Woodstock,CT
EBG,Eastaboga,Eastaboga,AL
NXM,Eastampton Township,Eastampton Township,NJ
EE4,Eastanollee,Eastanollee,GA
ETJ,Eastchester,Eastchester,NY
EFD,Eastford,Eastford,CT
EHQ,Eastham,Eastham,MA
EHN,Easthampton,Easthampton,MA
ETN,Eastland,Eastland,TX
EZG,Eastman,Eastman,GA
E3W,Eastman,Eastman,WI
8MB,Easton,Easton,CT
E2N,Easton,Easton,IL
ETM,Easton,Easton,MA
ESN,Easton,Easton,MD
XFF,Easton,Easton,ME
TKU,Easton,Easton,MN
EZN,Easton,Easton,NY
E5G,Easton,Easton,OH
ABE,Easton,Easton,PA
ESW,Easton,Easton,WA
EAS,Eastover,Eastover,SC
VVT,Eastpoint,Eastpoint,FL
EP6,Eastpointe,Eastpointe,MI
EPI,Eastport,Eastport,ID
EPM,Eastport,Eastport,ME
E79,Eastport,Eastport,NY
ESD,Eastsound,Eastsound,WA
EV5,Eastvale,Eastvale,CA
ESZ,Eastwood,Eastwood,KY
ETQ,Eaton,Eaton,CO
E9A,Eaton,Eaton,IN
EAQ,Eaton,Eaton,OH
9EC,Eaton Center,Eaton Center,NH
EPK,Eaton Park,Eaton Park,FL
ETP,Eaton Rapids,Eaton Rapids,MI
AAX,Eatonton,Eatonton,GA
EAJ,Eatontown,Eatontown,NJ
ETV,Eatonville,Eatonville,WA
EIC,Eau Claire,Eau Claire,MI
EAU,Eau Claire,Eau Claire,WI
EBE,Ebensburg,Ebensburg,PA
EB5,Ebro,Ebro,FL
EK3,Eckman,Eckman,WV
EC2,Eclectic,Eclectic,AL
8AE,Economy,Economy,AR
EKP,Ecorse,Ecorse,MI
EQU,Ecru,Ecru,MS
EDX,Edcouch,Edcouch,TX
E2D,Eddington,Eddington,ME
EJY,Eddy,Eddy,TX
ESX,Eddystone,Eddystone,PA
EYV,Eddyville,Eddyville,IA
EDV,Eddyville,Eddyville,KY
EY3,Eddyville,Eddyville,NE
QED,Eden,Eden,GA
EDI,Eden,Eden,ID
EDB,Eden,Eden,NC
EDY,Eden,Eden,NY
ED3,Eden,Eden,SD
DJE,Eden,Eden,UT
EV6,Eden,Eden,VT
EWF,Eden,Eden,WI
EDP,Eden Prairie,Eden Prairie,MN
ZVY,Eden Valley,Eden Valley,MN
ENX,"Eden, Concho","Eden, Concho",TX
QEM,"Eden, Nacogdoches","Eden, Nacogdoches",TX
EDE,Edenton,Edenton,NC
EG4,Edgar,Edgar,FL
E9D,Edgar,Edgar,MT
EJR,Edgar,Edgar,NE
ED9,Edgar,Edgar,NJ
EGA,Edgar,Edgar,WI
ETW,Edgartown,Edgartown,MA
ECB,Edgecomb,Edgecomb,ME
EDF,Edgefield,Edgefield,SC
EYD,Edgeley,Edgeley,ND
GME,Edgemere,Edgemere,MD
EGM,Edgemont,Edgemont,PA
DGM,Edgemont,Edgemont,SD
EGU,Edgemoor,Edgemoor,DE
E3M,Edgemoor,Edgemoor,SC
EEU,Edgerton,Edgerton,KS
EN4,Edgerton,Edgerton,MN
DG3,Edgerton,Edgerton,MO
EN6,Edgerton,Edgerton,OH
EGT,Edgerton,Edgerton,WI
EZQ,Edgewater,Edgewater,CO
EJW,Edgewater,Edgewater,FL
EW7,Edgewater,Edgewater,MD
EGW,Edgewater,Edgewater,NJ
EJT,Edgewater Beach,Edgewater Beach,OH
ET8,Edgewater Park,Edgewater Park,NJ
EW6,Edgewood,Edgewood,IA
GHW,Edgewood,Edgewood,KY
EDG,Edgewood,Edgewood,MD
EDD,Edgewood,Edgewood,NJ
DGO,Edgewood,Edgewood,NM
EOQ,Edgewood,Edgewood,NY
DGK,Edgewood,Edgewood,TX
EWZ,Edgewood,Edgewood,WA
EW5,"Edgewood, Suffolk","Edgewood, Suffolk",NY
ED6,Edina,Edina,MO
EDM,Edina/Minneapolis,Edina/Minneapolis,MN
QEB,Edinboro,Edinboro,PA
2PP,Edinburg,Edinburg,PA
EDQ,Edinburg,Edinburg,TX
EQX,Edinburg,Edinburg,VA
ENB,Edinburgh,Edinburgh,IN
EDS,Edison,Edison,CA
ED4,Edison,Edison,GA
EDN,Edison,Edison,NJ
DTS,Edisto Island,Edisto Island,SC
EOD,Edmond,Edmond,OK
EOW,Edmonds,Edmonds,WA
EOT,Edmonston,Edmonston,MD
EDC,Edmonton,Edmonton,KY
EM3,Edmore,Edmore,MI
9JQ,Edna,Edna,TX
EDA,Edna Bay,Edna Bay,AK
EVF,Edneyville,Edneyville,NC
JVN,Edon,Edon,OH
EY2,Edroy,Edroy,TX
ZYL,Edson,Edson,KS
EWA,Edwards,Edwards,CA
EDZ,Edwards,Edwards,CO
EZD,Edwards,Edwards,IL
EGD,Edwards,Edwards,MS
DWU,Edwardsburg,Edwardsburg,MI
DWP,Edwardsport,Edwardsport,IN
EQV,Edwardsville,Edwardsville,AL
EWV,Edwardsville,Edwardsville,IL
EDW,Edwardsville,Edwardsville,KS
DWS,Edwardsville,Edwardsville,PA
EEK,Eek,Eek,AK
EFZ,Effie,Effie,LA
EFI,Effingham,Effingham,IL
IGJ,Effingham,Effingham,NH
EGH,Effingham,Effingham,SC
EFT,Effort,Effort,PA
EJA,Egan,Egan,SD
EGX,Egegik,Egegik,AK
GGB,Egg Harbor,Egg Harbor,WI
EGG,Egg Harbor City,Egg Harbor City,NJ
GWP,Egg Harbor Township,Egg Harbor Township,NJ
EF2,Eglin Air Force Base,Eglin Air Force Base,FL
EJN,Egnar,Egnar,CO
EH7,Ehrenberg,Ehrenberg,AZ
EFB,Eight Fathom Bight,Eight Fathom Bight,AK
EIG,Eight Mile,Eight Mile,AL
EIH,Eighty Four,Eighty Four,PA
ITZ,Eitzen,Eitzen,MN
EUL,Eklutna,Eklutna,AK
KKU,Ekuk,Ekuk,AK
KEK,Ekwok,Ekwok,AK
CJN,El Cajon,El Cajon,CA
ECP,El Campo,El Campo,TX
ECO,El Centro,El Centro,CA
ECQ,El Cerrito,El Cerrito,CA
ELD,El Dorado,El Dorado,AR
EDJ,El Dorado,El Dorado,CA
EDK,El Dorado,El Dorado,KS
EHI,El Dorado Hills,El Dorado Hills,CA
EOO,El Dorado Springs,El Dorado Springs,MO
EMZ,El Mirage,El Mirage,AZ
EMD,El Modena/Orange,El Modena/Orange,CA
EMT,El Monte,El Monte,CA
JDO,El Nido,El Nido,CA
EPX,El Paso,El Paso,IL
ELP,El Paso,El Paso,TX
EPQ,El Portal,El Portal,CA
EP4,El Prado,El Prado,NM
QEL,El Reno,El Reno,OK
ELS,El Segundo,El Segundo,CA
EZR,El Sereno,El Sereno,CA
KTK,El Sobrante,El Sobrante,CA
ETR,El Toro,El Toro,CA
EBA,Elba,Elba,AL
EB7,Elba,Elba,MN
NYE,Elba,Elba,NY
JLF,Elberfeld,Elberfeld,IN
KLB,Elberon,Elberon,IA
EB4,Elbert,Elbert,CO
JLB,Elbert,Elbert,NJ
EB3,Elberta,Elberta,AL
BZ4,Elberta,Elberta,UT
ELB,Elberton,Elberton,GA
ELG,Elbridge,Elbridge,NY
EB2,Elburn,Elburn,IL
EQO,Elco,Elco,IL
EMC,Eldersburg,Eldersburg,MD
7EL,Eldon,Eldon,IA
YED,Eldon,Eldon,MO
EDT,Eldon,Eldon,TX
JDR,Eldora,Eldora,IA
ED2,Eldorado,Eldorado,IL
E5D,Eldorado,Eldorado,OH
ED5,Eldorado,Eldorado,PA
DDO,Eldorado,Eldorado,TX
EQD,Eldorado,Eldorado,WI
E77,Eldred,Eldred,PA
ERO,Eldred Rock,Eldred Rock,AK
EBP,Eldridge,Eldridge,CA
EDR,Eldridge,Eldridge,IA
EID,Eldridge,Eldridge,ND
ILW,Eleanor,Eleanor,WV
KHW,Eleele,Eleele,HI
ELV,Elfin Cove,Elfin Cove,AK
EJF,Elfin Forest,Elfin Forest,CA
ERD,Elfrida,Elfrida,AZ
EGN,Elgin,Elgin,IL
JGI,Elgin,Elgin,MN
EGE,Elgin,Elgin,SC
ZEG,Elgin,Elgin,TX
EI3,Elida,Elida,NM
ELX,Elida,Elida,OH
ELI,Elim,Elim,AK
ET5,Eliot,Eliot,MA
EL9,Eliot,Eliot,ME
EB6,Elizabeth,Elizabeth,AR
EZ8,Elizabeth,Elizabeth,CO
6EZ,Elizabeth,Elizabeth,IL
EZH,Elizabeth,Elizabeth,IN
EZA,Elizabeth,Elizabeth,NJ
EBH,Elizabeth,Elizabeth,WV
ECG,Elizabeth City,Elizabeth City,NC
ZIP,Elizabethport,Elizabethport,NJ
EZB,Elizabethton,Elizabethton,TN
EZ7,Elizabethtown,Elizabethtown,IL
4EI,Elizabethtown,Elizabethtown,IN
EKX,Elizabethtown,Elizabethtown,KY
EZW,Elizabethtown,Elizabethtown,NC
EBW,Elizabethtown,Elizabethtown,NY
EZT,Elizabethtown,Elizabethtown,PA
EIZ,Elizabethville,Elizabethville,PA
EZ2,Elizaville,Elizaville,NY
KKN,Elk,Elk,CA
ELK,Elk City,Elk City,OK
EYJ,Elk Creek,Elk Creek,CA
EGK,Elk Grove,Elk Grove,CA
EVI,Elk Grove Village,Elk Grove Village,IL
E7H,Elk Horn,Elk Horn,IA
E3K,Elk Horn,Elk Horn,KY
EYX,Elk Mound,Elk Mound,WI
KRK,Elk Park,Elk Park,NC
E2P,Elk Point,Elk Point,SD
LR5,Elk Rapids,Elk Rapids,MI
ER2,Elk River,Elk River,MN
EP2,Elka Park,Elka Park,NY
QEK,Elkader,Elkader,IA
EKH,Elkhart,Elkhart,IA
EKJ,Elkhart,Elkhart,IL
EKI,Elkhart,Elkhart,IN
EHR,Elkhart,Elkhart,KS
EKF,Elkhart,Elkhart,TX
EKK,Elkhart Lake,Elkhart Lake,WI
EKR,Elkhorn,Elkhorn,NE
ELH,Elkhorn,Elkhorn,WI
EIN,Elkin,Elkin,NC
EKN,Elkins,Elkins,WV
EIK,Elkins Park,Elkins Park,PA
ELQ,Elkland,Elkland,PA
ZEM,Elkmont,Elkmont,AL
3KO,Elko,Elko,GA
EKO,Elko,Elko,NV
E5T,Elko New Market,Elko New Market,MN
EKD,Elkridge,Elkridge,MD
YEK,Elkton,Elkton,FL
EKT,Elkton,Elkton,KY
ELT,Elkton,Elkton,MD
EKM,Elkton,Elkton,MI
QKO,Elkton,Elkton,OH
EL8,Elkton,Elkton,OR
EKZ,Elkton,Elkton,SD
E99,Elkton,Elkton,TN
EKV,Elkton,Elkton,VA
EKE,Elkview,Elkview,WV
5EK,Elkville,Elkville,IL
EKW,Elkwood,Elkwood,VA
EBZ,Ellabell,Ellabell,GA
ELW,Ellamar,Ellamar,AK
ZEV,Ellaville,Ellaville,GA
YEB,Ellenboro,Ellenboro,NC
NZB,Ellenboro,Ellenboro,WV
EJE,Ellendale,Ellendale,MN
LZL,Ellendale,Ellendale,ND
ELN,Ellensburg,Ellensburg,WA
ENJ,Ellenton,Ellenton,FL
EV3,Ellenville,Ellenville,NY
ZEW,Ellenwood,Ellenwood,GA
EQ3,Ellerbe,Ellerbe,NC
ZEN,Ellettsville,Ellettsville,IN
ECC,Ellicott City,Ellicott City,MD
ECV,Ellicottville,Ellicottville,NY
ELJ,Ellijay,Ellijay,GA
ZET,Ellington,Ellington,CT
EJG,Ellington,Ellington,MO
EIJ,Ellis,Ellis,KS
EUQ,Ellis Grove,Ellis Grove,IL
ESJ,Ellisdale,Ellisdale,NJ
EIT,Elliston,Elliston,VA
ELU,Ellisville,Ellisville,MO
EVE,Ellisville,Ellisville,MS
EOR,Elloree,Elloree,SC
EQZ,Ellport,Ellport,PA
EZI,Ellsinore,Ellsinore,MO
QIW,Ellsworth,Ellsworth,IA
EXH,Ellsworth,Ellsworth,IL
ZC6,Ellsworth,Ellsworth,KS
ESR,Ellsworth,Ellsworth,ME
EY5,Ellsworth,Ellsworth,MI
EH3,Ellsworth,Ellsworth,NH
EHZ,Ellsworth,Ellsworth,PA
EWT,Ellsworth,Ellsworth,WA
EZL,Ellsworth,Ellsworth,WI
EHB,Ellsworth Air Force Base,Ellsworth Air Force Base,SD
EL3,Ellwood,Ellwood,CA
XFH,Ellwood City,Ellwood City,PA
EM6,Elm,Elm,PA
EC3,Elm City,Elm City,NC
EQC,Elm Creek,Elm Creek,NE
EXV,Elm Grove,Elm Grove,WI
EQM,Elm Mott,Elm Mott,TX
ESQ,Elm Springs,Elm Springs,AR
EA2,Elma,Elma,IA
EFA,Elma,Elma,NY
EAW,Elma,Elma,WA
EL2,"Elma, Erie","Elma, Erie",NY
XRW,Elmendorf,Elmendorf,TX
ZC7,Elmendorf Air Force Base,Elmendorf Air Force Base,AK
EL4,Elmer,Elmer,NJ
ELR,Elmhurst,Elmhurst,IL
EH2,Elmhurst,Elmhurst,NY
E89,Elmira,Elmira,MI
ELM,Elmira,Elmira,NY
EMR,Elmira Heights,Elmira Heights,NY
QDM,Elmont,Elmont,NY
EXO,Elmore,Elmore,AL
EMJ,Elmore,Elmore,OH
E8M,Elmore,Elmore,VT
EMO,Elmore,Elmore,WV
UFR,Elmsford,Elmsford,NY
IMZ,Elmwood,Elmwood,CT
EXW,Elmwood,Elmwood,IL
IXX,Elmwood,Elmwood,NE
EWX,Elmwood,Elmwood,WI
EMW,Elmwood Park,Elmwood Park,IL
EWP,Elmwood Park,Elmwood Park,NJ
EW3,"Elmwood, Pierce","Elmwood, Pierce",WI
EE6,Eloise,Eloise,FL
QEN,Elon,Elon,NC
REU,Elora,Elora,TN
EOY,Eloy,Eloy,AZ
ERY,Elroy,Elroy,WI
4EL,Elsah,Elsah,IL
EEY,Elsberry,Elsberry,MO
EIL,Elsie,Elsie,MI
EM2,Elsmere,Elsmere,DE
EJQ,Elton,Elton,LA
OAO,Elton,Elton,PA
E9P,Eltopia,Eltopia,WA
EVO,Elverson,Elverson,PA
E2V,Elverta,Elverta,CA
EWE,Elwell,Elwell,MI
EQW,Elwood,Elwood,CA
EWI,Elwood,Elwood,IL
ELL,Elwood,Elwood,IN
EWW,Elwood,Elwood,KS
EW9,Elwood,Elwood,NE
EWQ,Elwood,Elwood,NJ
3LF,Elwood,Elwood,TX
EY4,Ely,Ely,IA
LYU,Ely,Ely,MN
ELY,Ely,Ely,NV
EIA,Elyria,Elyria,OH
EYS,Elysburg,Elysburg,PA
M7I,Elysian,Elysian,MN
EMB,Embarcadero/San Francisco,Embarcadero/San Francisco,CA
E7M,Embarrass,Embarrass,WI
EJX,Emden,Emden,IL
EMA,Emelle,Emelle,AL
ZZX,Emerald Isle,Emerald Isle,NC
ZQN,Emerson,Emerson,GA
IAE,Emerson,Emerson,IA
EQS,Emerson,Emerson,NJ
EMY,Emery,Emery,SD
JEM,Emeryville,Emeryville,CA
EM4,Emigrant Gap,Emigrant Gap,CA
EGS,Emigsville,Emigsville,PA
EY8,Emily,Emily,MN
EN2,Eminence,Eminence,KY
EII,Eminence,Eminence,MO
EMX,Emlenton,Emlenton,PA
EMU,Emmaus,Emmaus,PA
ET6,Emmet,Emmet,AR
EMG,Emmetsburg,Emmetsburg,IA
EEI,Emmett,Emmett,ID
EMK,Emmonak,Emmonak,AK
YEM,Emory,Emory,TX
EP8,Empire,Empire,AL
EPE,Empire,Empire,LA
YZZ,Empire,Empire,MI
EPW,Empire,Empire,NV
EMP,Emporia,Emporia,KS
ERA,Emporia,Emporia,VA
EUI,Emporium,Emporium,PA
EMH,Emsworth,Emsworth,PA
XFE,Encinitas,Encinitas,CA
ENO,Encino,Encino,CA
ECF,Encino,Encino,TX
END,Endeavor,Endeavor,PA
EPV,Endeavor,Endeavor,WI
EEQ,Enderlin,Enderlin,ND
EQT,Endicott,Endicott,NE
ENC,Endicott,Endicott,NY
BGM,Endicott-Johnson City-Binghamton Apt,Endicott-Johnson City-Binghamton Apt,NY
W9N,Endwell,Endwell,NY
ERG,Energy,Energy,IL
N8G,Energy,Energy,TX
ENF,Enfield,Enfield,CT
6EF,Enfield,Enfield,IL
EFL,Enfield,Enfield,NC
E4F,Enfield,Enfield,NH
EAD,England,England,AR
NGE,Englevale,Englevale,ND
QTS,Englewood,Englewood,CO
XEW,Englewood,Englewood,FL
EWD,Englewood,Englewood,NJ
EW4,Englewood,Englewood,NY
OZ2,Englewood,Englewood,OH
EEW,Englewood,Englewood,TN
ENG,Englewood Cliffs,Englewood Cliffs,NJ
ND2,Englewood Yard,Englewood Yard,TX
EN3,English,English,IN
KEB,English Bay,English Bay,AK
UFX,Englishtown,Englishtown,NJ
WDG,Enid,Enid,OK
EIM,Enigma,Enigma,GA
ENK,Enka,Enka,NC
EN5,Ennice,Ennice,NC
E9E,Enning,Enning,SD
E5N,Ennis,Ennis,MT
ENE,Ennis,Ennis,TX
EOJ,Enochs,Enochs,TX
EL7,Enola,Enola,PA
ENM,Enon,Enon,OH
OYU,Enon Valley,Enon Valley,PA
EON,Enoree,Enoree,SC
NUR,Enosburg Center,Enosburg Center,VT
EBF,Enosburg Falls,Enosburg Falls,VT
ENS,Ensley,Ensley,AL
ETS,Enterprise,Enterprise,AL
KFJ,Enterprise,Enterprise,KS
KJF,Enterprise,Enterprise,KS
EPP,Enterprise,Enterprise,MS
ENP,Enterprise,Enterprise,OR
EEP,"Enterprise, Washington","Enterprise, Washington",UT
EN7,Entiat,Entiat,WA
ECW,Enumclaw,Enumclaw,WA
EQI,Eolia,Eolia,MO
ERM,Ephraim,Ephraim,UT
EHP,Ephrata,Ephrata,PA
EPH,Ephrata,Ephrata,WA
EP7,Epping,Epping,NH
8EP,Epsom,Epsom,NH
QIY,Equality,Equality,IL
E7R,Erath,Erath,LA
ER9,Erda,Erda,UT
QRL,Erial,Erial,NJ
XEH,Erie,Erie,CO
ERZ,Erie,Erie,IL
EE2,Erie,Erie,MI
ERI,Erie,Erie,PA
ERJ,Erin,Erin,TN
ERL,Erlanger,Erlanger,KY
ERR,Errol,Errol,NH
ER4,Erving,Erving,MA
EWJ,Erwin,Erwin,NC
ERW,Erwin,Erwin,TN
QEW,Erwins,Erwins,NY
EXC,Escalon,Escalon,CA
ESC,Escanaba,Escanaba,MI
ECD,Escondido,Escondido,CA
EKL,Eskdale,Eskdale,WV
EKQ,Esko,Esko,MN
ESM,Esmond,Esmond,RI
E8T,Esmont,Esmont,VA
ES8,Esopus,Esopus,NY
ESO,Espanola,Espanola,NM
EZO,Esparto,Esparto,CA
EPZ,Esperance,Esperance,NY
GZA,Esperanza,Esperanza,CA
EVB,Essex,Essex,CA
EEX,Essex,Essex,CT
8F6,Essex,Essex,IA
ES6,Essex,Essex,MA
ESE,Essex,Essex,MD
3EX,Essex,Essex,NY
8SS,Essex,Essex,VT
EXF,Essex Fells,Essex Fells,NJ
ESS,Essex Junction,Essex Junction,VT
EXY,Essexville,Essexville,MI
ETX,Essington,Essington,PA
EXQ,Estacada,Estacada,OR
TA7,Estancia,Estancia,NM
ET9,Estelline,Estelline,SD
ESG,Estero,Estero,FL
ESB,Estero Bay,Estero Bay,CA
EP9,Estes Park,Estes Park,CO
EST,Estherville,Estherville,IA
ES9,Estill,Estill,SC
ETZ,Estill Springs,Estill Springs,TN
S9D,Ethan,Ethan,SD
ETH,Ether,Ether,NC
TDG,Ethridge,Ethridge,MT
EHG,Ethridge,Ethridge,TN
EFS,Etiwanda,Etiwanda,CA
E2T,Etna,Etna,CA
9ET,Etna,Etna,ME
XTA,Etna,Etna,OH
ET3,Etna,Etna,PA
ET2,Etna,Etna,WY
ETG,Eton,Eton,GA
TWP,Etowah,Etowah,NC
ETO,Etowah,Etowah,TN
E3T,Etta,Etta,MS
ETT,Etter,Etter,TX
W5I,Ettrick,Ettrick,WI
9UB,Eubank,Eubank,KY
EUC,Euclid,Euclid,OH
EUD,Eudora,Eudora,AR
EK2,Eudora,Eudora,KS
EUF,Eufaula,Eufaula,AL
EF3,Eufaula,Eufaula,OK
EUN,Eugene,Eugene,MO
EUG,Eugene,Eugene,OR
E8E,Euharlee,Euharlee,GA
ELC,Euless,Euless,TX
UCE,Eunice,Eunice,LA
EUJ,Eunice,Eunice,NM
EUP,Eupora,Eupora,MS
EKA,Eureka,Eureka,CA
2EK,Eureka,Eureka,IL
7EU,Eureka,Eureka,KS
EU8,Eureka,Eureka,MI
UKC,Eureka,Eureka,MT
EUE,Eureka,Eureka,NV
ER7,Eureka,Eureka,UT
E9S,Eureka Springs,Eureka Springs,AR
EUK,"Eureka, Perry","Eureka, Perry",MO
EUR,"Eureka, Saint Louis","Eureka, Saint Louis",MO
EKC,Eustace,Eustace,TX
EUS,Eustis,Eustis,FL
EUT,Eustis,Eustis,ME
ET4,Eutaw,Eutaw,AL
XVA,Eva,Eva,AL
EVQ,Eva,Eva,TN
AE2,Evadale,Evadale,AR
EVA,Evadale,Evadale,TX
EC9,Evans,Evans,CO
EVG,Evans,Evans,GA
EVC,Evans City,Evans City,PA
E9M,Evans Mills,Evans Mills,NY
E5S,Evansdale,Evansdale,IA
EVD,Evanston,Evanston,IL
EVW,Evanston,Evanston,WY
EVN,Evansville,Evansville,IL
EVV,Evansville,Evansville,IN
EV9,Evansville,Evansville,PA
E9V,Evansville,Evansville,TN
ESV,Evansville,Evansville,WI
EVK,Evansville,Evansville,WV
VNI,Evansville,Evansville,WY
EVJ,Evant,Evant,TX
EV2,Evart,Evart,MI
EVM,Eveleth,Eveleth,MN
EV7,Evendale,Evendale,OH
EVL,Evendale,Evendale,OH
3IN,Evensville,Evensville,IN
EVT,Everett,Everett,MA
EV4,Everett,Everett,NJ
EVZ,Everett,Everett,PA
PAE,Everett,Everett,WA
ZC8,Everetts,Everetts,NC
EFG,Everglades City,Everglades City,FL
EVR,Evergreen,Evergreen,AL
YEG,Evergreen,Evergreen,CO
VGC,Evergreen,Evergreen,MT
EXG,Evergreen,Evergreen,WA
EP3,Evergreen Park,Evergreen Park,IL
EV8,Everly,Everly,IA
EVX,Everman,Everman,TX
VSO,Everson,Everson,PA
ZC9,Everson,Everson,WA
ET7,Everton,Everton,MO
E5V,Evington,Evington,VA
EWH,Ewa Beach (Oahu),Ewa Beach (Oahu),HI
EG2,Ewing,Ewing,NE
QEI,Ewing,Ewing,NJ
E2W,Ewing,Ewing,VA
EXZ,Excelsior,Excelsior,MN
ZEO,Excelsior Springs,Excelsior Springs,MO
EXI,Excursion Inlet,Excursion Inlet,AK
EXD,Exeland,Exeland,WI
EXT,Exeter,Exeter,CA
EXK,Exeter,Exeter,ME
X5O,Exeter,Exeter,MO
EXE,Exeter,Exeter,NH
EXP,Exeter,Exeter,PA
EXR,Exeter,Exeter,RI
EXA,Exmore,Exmore,VA
EPT,Export,Export,PA
EXN,Exton,Exton,PA
EYP,Eynon,Eynon,PA
E3Y,Eyota,Eyota,MN
FAB,Fabens,Fabens,TX
FB4,Faber,Faber,VA
7FA,Fabyan,Fabyan,CT
FKK,Fackler,Fackler,AL
F2B,Fair Bluff,Fair Bluff,NC
RHV,Fair Haven,Fair Haven,MI
FH2,Fair Haven,Fair Haven,NJ
FAA,Fair Haven,Fair Haven,VT
FHP,Fair Hill,Fair Hill,PA
FLY,Fair Lawn,Fair Lawn,NJ
YFO,Fair Oaks,Fair Oaks,AR
FOS,Fair Oaks,Fair Oaks,CA
FXR,Fair Oaks,Fair Oaks,IN
FPL,Fair Play,Fair Play,CA
RPY,Fair Play,Fair Play,CO
AIW,Fair View,Fair View,NJ
FZB,Fairbank,Fairbank,IA
FAI,Fairbanks,Fairbanks,AK
FBA,Fairborn,Fairborn,OH
FBN,Fairburn,Fairburn,GA
FIU,Fairburn,Fairburn,SD
FB2,Fairbury,Fairbury,IL
FBY,Fairbury,Fairbury,NE
F2C,Fairchance,Fairchance,PA
FBS,Fairchild Air Force Base,Fairchild Air Force Base,WA
FIA,Fairdale,Fairdale,KY
FFX,Fairfax,Fairfax,AL
AIF,Fairfax,Fairfax,CA
FFP,Fairfax,Fairfax,IA
FF2,Fairfax,Fairfax,MN
RFX,Fairfax,Fairfax,MO
FYA,Fairfax,Fairfax,SC
FXX,Fairfax,Fairfax,VA
AIX,Fairfax,Fairfax,VT
FXS,Fairfax Station,Fairfax Station,VA
FXO,"Fairfax, Hamilton","Fairfax, Hamilton",OH
FFB,Fairfield,Fairfield,AL
SUU,Fairfield,Fairfield,CA
FFI,Fairfield,Fairfield,CT
FGX,Fairfield,Fairfield,GA
FFL,Fairfield,Fairfield,IA
YFL,Fairfield,Fairfield,IL
FAD,Fairfield,Fairfield,IL
YFE,Fairfield,Fairfield,ME
8MT,Fairfield,Fairfield,MT
FDF,Fairfield,Fairfield,NC
FLA,Fairfield,Fairfield,NJ
FFY,Fairfield,Fairfield,NY
FAO,Fairfield,Fairfield,OH
PA5,Fairfield,Fairfield,PA
FAE,Fairfield,Fairfield,TN
FAX,Fairfield,Fairfield,TX
FFV,Fairfield,Fairfield,VA
7FF,Fairfield,Fairfield,VT
FFE,Fairfield,Fairfield,WA
A7R,Fairfield Bay,Fairfield Bay,AR
FFR,Fairforest,Fairforest,SC
FAG,Fairgrove,Fairgrove,MI
FVH,Fairhaven,Fairhaven,MA
FH3,Fairhope,Fairhope,AL
FDN,Fairland,Fairland,IN
FAJ,Fairland,Fairland,OK
FL3,Fairlawn,Fairlawn,OH
9FA,Fairlea,Fairlea,WV
JFI,Fairlee,Fairlee,VT
FAH,Fairless Hills,Fairless Hills,PA
ON7,Fairmont,Fairmont,CA
3FR,Fairmont,Fairmont,IL
FRM,Fairmont,Fairmont,MN
FAN,Fairmont,Fairmont,NC
J66,Fairmont,Fairmont,NE
XFI,Fairmont,Fairmont,WV
QFY,Fairmont City,Fairmont City,IL
QFC,Fairmont City,Fairmont City,PA
FMW,"Fairmont, Will","Fairmont, Will",IL
FMU,Fairmount,Fairmount,GA
FIO,Fairmount,Fairmount,IL
FQX,Fairmount,Fairmount,IN
FMK,Fairmount,Fairmount,ND
F9A,Fairmount,Fairmount,PA
FPD,Fairplay,Fairplay,CO
XFP,Fairport,Fairport,NY
FPT,Fairport Harbor Village,Fairport Harbor Village,OH
NJF,Fairton,Fairton,NJ
4FV,Fairview,Fairview,IL
FVK,Fairview,Fairview,KS
FV8,Fairview,Fairview,MI
IVW,Fairview,Fairview,MO
F2W,Fairview,Fairview,NC
FRE,Fairview,Fairview,NJ
F2R,Fairview,Fairview,OK
FVI,Fairview,Fairview,OR
FVE,Fairview,Fairview,PA
2DS,Fairview,Fairview,SD
FEW,Fairview,Fairview,TN
TX3,Fairview,Fairview,TX
VWF,Fairview,Fairview,WV
FIH,Fairview Heights,Fairview Heights,IL
FVP,Fairview Park,Fairview Park,OH
FW3,Fairwater,Fairwater,WI
FZO,Faison,Faison,NC
NZA,Faith,Faith,NC
FQC,Falcon,Falcon,MO
FC2,Falcon,Falcon,NC
AOR,Falconer,Falconer,NY
FFH,Falfurrias,Falfurrias,TX
XFN,Falkner,Falkner,MS
FKV,Falkville,Falkville,AL
DFY,Fall City,Fall City,WA
FGK,Fall Creek,Fall Creek,OR
FFK,Fall Creek,Fall Creek,WI
FAV,Fall River,Fall River,MA
FAZ,Fall River,Fall River,WI
FPM,Fall River Mills,Fall River Mills,CA
EWB,Fall River-New Bedford Apt,Fall River-New Bedford Apt,MA
FOR,Fallbrook,Fallbrook,CA
FNW,Falling Waters,Falling Waters,WV
FXN,Fallon,Fallon,CA
NFL,Fallon,Fallon,NV
F5S,Falls,Falls,PA
FA9,Falls,Falls,WY
FLJ,Falls Bay,Falls Bay,AK
FAC,Falls Church,Falls Church,VA
FSY,Falls City,Falls City,NE
FJI,Falls City,Falls City,TX
FXK,Falls Creek,Falls Creek,PA
XFM,Falls Mills,Falls Mills,VA
KYF,Falls of Rough,Falls of Rough,KY
FVG,Falls Village,Falls Village,CT
FAS,Fallsington,Fallsington,PA
FL2,Fallston,Fallston,MD
FS2,Fallston,Fallston,NC
F3M,Falmouth,Falmouth,IN
FQZ,Falmouth,Falmouth,KY
FMH,Falmouth,Falmouth,MA
FUA,Falmouth,Falmouth,ME
F2M,Falmouth,Falmouth,VA
FAK,False Island,False Island,AK
KFP,False Pass,False Pass,AK
FCR,Fancher,Fancher,NY
FS6,Fanshawe,Fanshawe,OK
FWJ,Fanwood,Fanwood,NJ
FHS,Far Hills,Far Hills,NJ
FR2,"Far Rockaway, Queens","Far Rockaway, Queens",NY
9FR,Farber,Farber,MO
FWL,Farewell,Farewell,AK
JGO,Fargo,Fargo,GA
ZFG,Fargo,Fargo,IL
FAR,Fargo,Fargo,ND
6FG,Fargo,Fargo,OK
FBL,Faribault,Faribault,MN
5FI,Farina,Farina,IL
FY4,Farley,Farley,IA
JFM,Farmer,Farmer,OH
5FC,Farmer City,Farmer City,IL
FBX,Farmers Branch,Farmers Branch,TX
7FV,Farmers Valley,Farmers Valley,PA
FSB,Farmersburg,Farmersburg,IN
FC3,Farmersville,Farmersville,CA
F2V,Farmersville,Farmersville,IL
6FV,Farmersville,Farmersville,OH
VG3,Farmersville,Farmersville,OH
VF3,Farmersville,Farmersville,TX
FVF,Farmerville,Farmerville,LA
8FD,Farmingdale,Farmingdale,IL
F8A,Farmingdale,Farmingdale,ME
FMJ,Farmingdale,Farmingdale,NJ
FRG,Farmingdale,Farmingdale,NY
FA4,Farmington,Farmington,AR
ZYQ,Farmington,Farmington,CA
FMF,Farmington,Farmington,CT
7FG,Farmington,Farmington,IL
FA3,Farmington,Farmington,KY
FMQ,Farmington,Farmington,ME
FMI,Farmington,Farmington,MI
FIG,Farmington,Farmington,MN
FAM,Farmington,Farmington,MO
FPH,Farmington,Farmington,NH
FZM,Farmington,Farmington,NJ
FMN,Farmington,Farmington,NM
FGT,Farmington,Farmington,NY
FA7,Farmington,Farmington,PA
FGJ,Farmington,Farmington,UT
VFI,Farmington,Farmington,WA
WV3,Farmington,Farmington,WV
FGS,Farmington Falls,Farmington Falls,ME
QFM,Farmington Hill,Farmington Hill,PA
FHI,Farmington Hills,Farmington Hills,MI
FNG,"Farmington, Fayette","Farmington, Fayette",PA
FGQ,Farmingville,Farmingville,NY
FRV,Farmville,Farmville,NC
FMV,Farmville,Farmville,VA
FNA,Farnam,Farnam,NE
8MF,Farnham,Farnham,VA
U7T,Farr West,Farr West,UT
FJR,Farragut,Farragut,IA
FAP,Farrell,Farrell,PA
FW8,Farwell,Farwell,MI
FAW,Farwell,Farwell,TX
FXA,Fate,Fate,TX
FAQ,Faulkner,Faulkner,MD
FKO,Faulkton,Faulkton,SD
FGR,Fawn Grove,Fawn Grove,PA
F2S,Fawnskin,Fawnskin,CA
FYT,Fayette,Fayette,AL
FQT,Fayette,Fayette,IA
3FY,Fayette,Fayette,IL
ZFY,Fayette,Fayette,MO
YET,Fayette,Fayette,MS
FY7,Fayette,Fayette,OH
FYV,Fayetteville,Fayetteville,AR
FYE,Fayetteville,Fayetteville,GA
FYZ,Fayetteville,Fayetteville,IL
FAY,Fayetteville,Fayetteville,NC
FY9,Fayetteville,Fayetteville,NY
FV2,Fayetteville,Fayetteville,OH
FYW,Fayetteville,Fayetteville,PA
FYM,Fayetteville,Fayetteville,TN
TXF,Fayetteville,Fayetteville,TX
YTT,Fayetteville,Fayetteville,WV
FQI,Fayville,Fayville,MA
JJW,FE Warren Air Force Base,FE Warren Air Force Base,WY
FEA,Feasterville,Feasterville,PA
F37,Feasterville-Trevose,Feasterville-Trevose,PA
FH6,Federal Heights,Federal Heights,CO
FDW,Federal Way,Federal Way,WA
FDL,Federalsburg,Federalsburg,MD
FGH,Feeding Hills,Feeding Hills,MA
FA2,Felda,Felda,FL
FYD,Felida,Felida,WA
FW5,Fellows,Fellows,CA
FEL,Fellsmere,Fellsmere,FL
FEK,Felt,Felt,OK
FXT,Felton,Felton,CA
F3T,Felton,Felton,DE
FEX,Felton,Felton,PA
PNM,Fennimore,Fennimore,WI
FEJ,Fennville,Fennville,MI
IFN,Fenton,Fenton,IA
FNO,Fenton,Fenton,MI
FNM,Fenton,Fenton,MO
FTR,Fentress,Fentress,VA
V3W,Fenwick,Fenwick,WV
FEF,Fenwick Island,Fenwick Island,DE
FDA,Ferdinand,Ferdinand,IN
FFM,Fergus Falls,Fergus Falls,MN
ZGU,Ferguson,Ferguson,MO
FN2,Fernald,Fernald,OH
FEB,Fernandina Beach,Fernandina Beach,FL
QFE,Ferndale,Ferndale,CA
FEE,Ferndale,Ferndale,MI
QFN,Ferndale,Ferndale,NY
FDT,Ferndale,Ferndale,WA
FYR,Fernley,Fernley,NV
FWE,Fernwood,Fernwood,ID
FIQ,Fernwood,Fernwood,MS
QFI,Ferriday,Ferriday,LA
FEI,Ferris,Ferris,TX
FBH,Ferrisburgh,Ferrisburgh,VT
FER,Ferrysburg,Ferrysburg,MI
XZ7,Ferryville,Ferryville,WI
FNU,Fessenden,Fessenden,ND
FUS,Festus,Festus,MO
XFJ,Feura Bush,Feura Bush,NY
FI3,Fiddletown,Fiddletown,CA
FIE,Fieldale,Fieldale,VA
FS5,Fields,Fields,OR
F5L,Fields Landing,Fields Landing,CA
FDJ,Fieldsboro,Fieldsboro,NJ
FFS,Fife,Fife,WA
FF4,Fife Lake,Fife Lake,MI
FYL,Fifty Lakes,Fifty Lakes,MN
FII,Filer,Filer,ID
FTY,Filer City,Filer City,MI
FIM,Fillmore,Fillmore,CA
FMP,Fillmore,Fillmore,IN
FMO,Fillmore,Fillmore,NY
FIL,Fillmore,Fillmore,UT
FJC,Fincastle,Fincastle,VA
XFL,Finderne,Finderne,NJ
FY8,Findlay,Findlay,IL
FDY,Findlay,Findlay,OH
47L,Findley Lake,Findley Lake,NY
FNK,Fink Creek,Fink Creek,AK
FNS,Finksburg,Finksburg,MD
9FD,Finland,Finland,MN
FEY,Finley,Finley,ND
FYI,Finleyville,Finleyville,PA
FZT,Fircrest,Fircrest,WA
FIC,Fire Cove,Fire Cove,AK
FIR,Firebaugh,Firebaugh,CA
9FB,Firebrick,Firebrick,KY
RTC,Firestone,Firestone,CO
FHQ,Firth,Firth,ID
IRH,Firth,Firth,NE
F3S,Fischer,Fischer,TX
IPF,Fish Camp,Fish Camp,CA
FHR,Fisher,Fisher,IL
FZR,Fisher,Fisher,WA
ZFI,"Fisher Island, Miami","Fisher Island, Miami",FL
FSH,Fishers,Fishers,IN
OQQ,Fishers,Fishers,NY
FID,Fishers Island,Fishers Island,NY
FHV,Fishersville,Fishersville,VA
FSW,Fishertown,Fishertown,PA
FIK,Fishkill,Fishkill,NY
FKD,Fiskdale,Fiskdale,MA
KFI,Fiskeville,Fiskeville,RI
FIT,Fitchburg,Fitchburg,MA
FIB,Fitchburg,Fitchburg,WI
FCH,Fitchville,Fitchville,CT
IHN,Fithian,Fithian,IL
FZG,Fitzgerald,Fitzgerald,GA
FZK,Fitzpatrick,Fitzpatrick,AL
FZW,Fitzwilliam,Fitzwilliam,NH
FYC,Five Corners,Five Corners,WA
FIV,Five Finger,Five Finger,AK
FMC,Five Mile,Five Mile,AK
FIP,Five Points,Five Points,CA
FGL,Flagler,Flagler,CO
FBF,Flagler Beach,Flagler Beach,FL
FLG,Flagstaff,Flagstaff,AZ
FTO,Flagtown,Flagtown,NJ
FG7,Flanagan,Flanagan,IL
FDZ,Flanders,Flanders,NJ
FDQ,Flanders,Flanders,NY
YFD,Flandreau,Flandreau,SD
FLT,Flat,Flat,AK
UJB,Flat River,Flat River,MO
LTK,Flat Rock,Flat Rock,IL
FR4,Flat Rock,Flat Rock,IN
F3K,Flat Rock,Flat Rock,MI
LTR,Flat Rock,Flat Rock,NC
FLC,Flat Rock,Flat Rock,OH
FTP,Flatonia,Flatonia,TX
FLF,Flatrock,Flatrock,MI
FXM,Flaxman Island,Flaxman Island,AK
FWP,Fleetwood,Fleetwood,PA
FMZ,Fleischmanns,Fleischmanns,NY
FEG,Fleming,Fleming,GA
3FL,Fleming,Fleming,NY
ZXH,Fleming,Fleming,OH
FI7,Fleming Island,Fleming Island,FL
FL5,Fleming Island,Fleming Island,FL
FMB,Flemingsburg,Flemingsburg,KY
G3N,Flemington,Flemington,GA
FLE,Flemington,Flemington,NJ
FFZ,Flemington,Flemington,WV
FHE,Fletcher,Fletcher,NC
YFH,Fletcher,Fletcher,OH
JFT,Fletcher,Fletcher,OK
FNT,Flint,Flint,MI
FXI,Flint,Flint,TX
FH5,Flint Hill,Flint Hill,VA
FZN,Flinton,Flinton,PA
ZDB,Flintstone,Flintstone,GA
5FS,Flintstone,Flintstone,MD
FPP,Flippin,Flippin,AR
FMM,Flomaton,Flomaton,AL
FW2,Floodwood,Floodwood,MN
FFW,Floodwood,Floodwood,NY
AEA,Flora,Flora,IL
FOI,Flora,Flora,IN
FOM,Flora,Flora,MS
F22,Floral City,Floral City,FL
FLP,Floral Park,Floral Park,NY
FL7,Florala,Florala,AL
FPU,Floreffe,Floreffe,PA
FNE,Florence,Florence,AL
ZZO,Florence,Florence,AZ
FCL,Florence,Florence,CA
FLZ,Florence,Florence,CO
F77,Florence,Florence,IN
S4F,Florence,Florence,KS
FKY,Florence,Florence,KY
FLM,Florence,Florence,MA
OEZ,Florence,Florence,MO
FRC,Florence,Florence,MS
FR7,Florence,Florence,MT
FLR,Florence,Florence,NJ
FQE,Florence,Florence,OR
FLO,Florence,Florence,SC
FLX,Florence,Florence,TX
OEE,Florence,Florence,VT
FCE,Florence,Florence,WI
MSL,Florence-Muscle Shoals Apt,Florence-Muscle Shoals Apt,AL
FL6,Floresville,Floresville,TX
FP2,Florham Park,Florham Park,NJ
FL4,Florida,Florida,MA
FOA,Florida,Florida,NY
YFA,Florida City,Florida City,FL
FMD,Florien,Florien,LA
FOT,Florissant,Florissant,MO
FSX,Flossmoor,Flossmoor,IL
FOQ,Flourtown,Flourtown,PA
XFG,Flower Mound,Flower Mound,TX
FLB,Flowery Branch,Flowery Branch,GA
FWD,Flowood,Flowood,MS
VAF,Floyd,Floyd,VA
FDD,Floydada,Floydada,TX
FNI,Floyds Knobs,Floyds Knobs,IN
FUH,Flushing,Flushing,MI
FLU,Flushing Apt/New York,Flushing Apt/New York,NY
FSG,Flushing/Queens/New York,Flushing/Queens/New York,NY
FOG,Fogelsville,Fogelsville,PA
UJD,Folcroft,Folcroft,PA
NHX,Foley,Foley,AL
FLS,Foley,Foley,FL
FY2,Foley,Foley,MN
FON,Folkston,Folkston,GA
FOO,Follansbee,Follansbee,WV
F2L,Follett,Follett,TX
FYB,Folly Beach,Folly Beach,SC
FOU,Folsom,Folsom,CA
FOJ,Folsom,Folsom,LA
FM3,Folsom,Folsom,NJ
OMY,Fombell,Fombell,PA
FLD,Fond du Lac,Fond du Lac,WI
FOY,Fonda,Fonda,NY
XFR,Fontana,Fontana,CA
FJO,Fontana,Fontana,WI
FT2,Fontanet,Fontanet,IN
FHH,Foothill Farms,Foothill Farms,CA
FOH,Foothill Ranch,Foothill Ranch,CA
FBQ,Forbing,Forbing,LA
F2D,Ford,Ford,WA
FCT,Ford City,Ford City,PA
FHG,Ford Heights,Ford Heights,IL
FD3,Fordland,Fordland,MO
AEB,Fords,Fords,NJ
FSV,Fordsville,Fordsville,KY
VDF,Fordville,Fordville,ND
FDC,Fordyce,Fordyce,AR
FM8,Foreman,Foreman,AR
FTI,Forest,Forest,MS
FS4,Forest,Forest,VA
FXY,Forest City,Forest City,IA
FCC,Forest City,Forest City,IL
F5Y,Forest City,Forest City,MO
FCN,Forest City,Forest City,NC
FZC,Forest City,Forest City,PA
FSQ,Forest Dale,Forest Dale,VT
FGV,Forest Grove,Forest Grove,OR
FH9,Forest Hill,Forest Hill,LA
FES,Forest Hill,Forest Hill,MD
FH8,Forest Hill,Forest Hill,TX
9FH,Forest Hill,Forest Hill,WV
F4H,Forest Hills,Forest Hills,TN
FHL,Forest Hills/Queens/New York,Forest Hills/Queens/New York,NY
FJ3,Forest Junction,Forest Junction,WI
F5K,Forest Knolls,Forest Knolls,CA
FSL,Forest Lake,Forest Lake,MN
FTA,Forest Park,Forest Park,AR
FOP,Forest Park,Forest Park,GA
FPA,Forest Park,Forest Park,IL
FPK,Forest Park,Forest Park,OH
RA3,Forest Ranch,Forest Ranch,CA
FTW,Forest View,Forest View,IL
FVO,"Forest, Hardin","Forest, Hardin",OH
F3R,Forestburg,Forestburg,NY
F4R,Forestburg,Forestburg,TX
RH5,Forestdale,Forestdale,RI
C27,Foresthill,Foresthill,CA
KOQ,Forestport,Forestport,NY
FO9,Forestville,Forestville,CA
FOE,Forestville,Forestville,CT
FVL,Forestville,Forestville,MD
F9V,Forestville,Forestville,NY
FV7,Forestville,Forestville,WI
F2G,Forgan,Forgan,OK
FGE,Foristell,Foristell,MO
FK3,Fork,Fork,MD
FKU,Fork Union,Fork Union,VA
FDV,Forked River,Forked River,NJ
556,Forkland,Forkland,AL
FXZ,Forksville,Forksville,PA
FNX,Forney,Forney,TX
FZE,Forrest,Forrest,IL
FCY,Forrest City,Forrest City,AR
FRB,Forreston,Forreston,IL
FS7,Forsan,Forsan,TX
ZYF,Forsyth,Forsyth,GA
FYH,Forsyth,Forsyth,IL
FY5,Forsyth,Forsyth,MO
FYS,Forsyth,Forsyth,MT
FN7,Fort Ann,Fort Ann,NY
FBI,Fort Ashby,Fort Ashby,WV
FKS,Fort Atkinson,Fort Atkinson,IA
XFO,Fort Atkinson,Fort Atkinson,WI
DAA,Fort Belvoir,Fort Belvoir,VA
LSF,Fort Benning,Fort Benning,GA
FBO,Fort Benton,Fort Benton,MT
YFB,Fort Bliss,Fort Bliss,TX
FOB,Fort Bragg,Fort Bragg,CA
FBG,Fort Bragg,Fort Bragg,NC
FTH,Fort Branch,Fort Branch,IN
FBR,Fort Bridger,Fort Bridger,WY
FTC,Fort Calhoun,Fort Calhoun,NE
FCM,Fort Campbell,Fort Campbell,KY
CFZ,Fort Carson,Fort Carson,CO
CCA,Fort Chaffee,Fort Chaffee,AR
7CH,Fort Chiswell,Fort Chiswell,VA
FNL,Fort Collins,Fort Collins,CO
FCO,Fort Covington,Fort Covington,NY
QFA,Fort Davis,Fort Davis,TX
FUP,Fort Deposit,Fort Deposit,AL
AYE,Fort Devens,Fort Devens,MA
WRI,Fort Dix,Fort Dix,NJ
FOD,Fort Dodge,Fort Dodge,IA
FR8,Fort Drum,Fort Drum,FL
FUW,Fort Drum,Fort Drum,NY
FTE,Fort Edward,Fort Edward,NY
FAF,Fort Eustis,Fort Eustis,VA
FFF,Fort Fairfield,Fort Fairfield,ME
FTG,Fort Gaines,Fort Gaines,GA
FG9,Fort Garland,Fort Garland,CO
FQG,Fort Gay,Fort Gay,WV
FGA,Fort George G Meade,Fort George G Meade,MD
FTS,Fort Gibson,Fort Gibson,OK
UJF,Fort Gillem,Fort Gillem,GA
ZDD,Fort Gordon,Fort Gordon,GA
YFG,Fort Gratiot,Fort Gratiot,MI
QFH,Fort Hall,Fort Hall,ID
F3H,Fort Hancock,Fort Hancock,TX
8FI,Fort Hill,Fort Hill,PA
FHO,Fort Hood,Fort Hood,TX
FHU,Fort Huachuca-Sierra Vista Apt,Fort Huachuca-Sierra Vista Apt,AZ
FH4,Fort Hunter Liggett,Fort Hunter Liggett,CA
MUI,Fort Indiantown,Fort Indiantown,PA
BYS,Fort Irwin,Fort Irwin,CA
FJS,Fort Jackson,Fort Jackson,SC
RBN,Fort Jefferson,Fort Jefferson,FL
FJ2,"Fort Jones, Siskiyou","Fort Jones, Siskiyou",CA
FKT,Fort Kent,Fort Kent,ME
ZKH,Fort Klamath,Fort Klamath,OR
FTK,Fort Knox,Fort Knox,KY
FLL,Fort Lauderdale,Fort Lauderdale,FL
FWN,Fort Lawn,Fort Lawn,SC
FLV,Fort Leavenworth,Fort Leavenworth,KS
FOL,Fort Lee,Fort Lee,NJ
V7A,Fort Lee,Fort Lee,VA
TBN,Fort Leonard Wood,Fort Leonard Wood,MO
YLE,Fort Lewis,Fort Lewis,WA
FO7,Fort Littleton,Fort Littleton,PA
FJL,Fort Loramie,Fort Loramie,OH
FL9,Fort Loudon,Fort Loudon,PA
QFU,Fort Lupton,Fort Lupton,CO
FMS,Fort Madison,Fort Madison,IA
FMA,Fort McCoy,Fort McCoy,FL
9FM,Fort McPherson,Fort McPherson,GA
ZDF,Fort Meade,Fort Meade,FL
FME,Fort Meade,Fort Meade,MD
FML,Fort Mill,Fort Mill,SC
FM2,Fort Mitchell,Fort Mitchell,AL
FQK,Fort Mitchell,Fort Mitchell,KY
F7M,Fort Mohave,Fort Mohave,AZ
FTM,Fort Monmouth,Fort Monmouth,NJ
FMR,Fort Montgomery,Fort Montgomery,NY
FMG,Fort Morgan,Fort Morgan,CO
FMY,Fort Myers,Fort Myers,FL
FMX,Fort Myers Beach,Fort Myers Beach,FL
FTT,Fort Oglethorpe,Fort Oglethorpe,GA
FPN,Fort Payne,Fort Payne,AL
FPR,Fort Pierce,Fort Pierce,FL
FPI,Fort Pierre,Fort Pierre,SD
7FP,Fort Plain,Fort Plain,NY
POE,Fort Polk,Fort Polk,LA
FVR,Fort Recovery,Fort Recovery,OH
FRN,Fort Richardson,Fort Richardson,AK
FRI,Fort Riley,Fort Riley,KS
FBP,Fort Ripley,Fort Ripley,MN
F5R,Fort Rock,Fort Rock,OR
FR3,Fort Rucker,Fort Rucker,AL
F8H,Fort Sam Houston,Fort Sam Houston,TX
FSK,Fort Scott,Fort Scott,KS
FSN,Fort Sheridan,Fort Sheridan,IL
FSI,Fort Sill,Fort Sill,OK
FSM,Fort Smith,Fort Smith,AR
TSN,Fort Snelling,Fort Snelling,MN
RWT,Fort Stewart,Fort Stewart,GA
FST,Fort Stockton,Fort Stockton,TX
FSU,Fort Sumner,Fort Sumner,NM
FHT,Fort Thomas,Fort Thomas,KY
FTV,Fort Valley,Fort Valley,GA
FWB,Fort Walton Beach,Fort Walton Beach,FL
FWY,Fort Washington,Fort Washington,MD
QFW,Fort Washington,Fort Washington,PA
FWA,Fort Wayne,Fort Wayne,IN
FW4,Fort White,Fort White,FL
FWG,Fort Wingate,Fort Wingate,NM
FWT,Fort Worth,Fort Worth,TX
FWR,Fort Wright,Fort Wright,KY
6YR,Fort Yates,Fort Yates,ND
FYU,Fort Yukon,Fort Yukon,AK
FTQ,Fortuna,Fortuna,CA
FR5,Fortuna,Fortuna,MO
FRT,Fortuna,Fortuna,ND
FTL,Fortuna Ledge,Fortuna Ledge,AK
YFV,Fortville,Fortville,IN
FOV,Forty Fort,Forty Fort,PA
FSS,Fosston,Fosston,MN
OSR,Foster,Foster,RI
FCI,Foster City,Foster City,CA
FSO,Fostoria,Fostoria,OH
FYN,Fountain,Fountain,CO
FJN,Fountain,Fountain,MN
FT6,Fountain,Fountain,NC
FNY,Fountain City,Fountain City,IN
F3C,Fountain City,Fountain City,WI
FH7,Fountain Hill,Fountain Hill,PA
QWI,Fountain Hills,Fountain Hills,AZ
FIS,Fountain Inn,Fountain Inn,SC
7FR,Fountain Run,Fountain Run,KY
FVC,Fountain Valley,Fountain Valley,CA
FR6,Four Oaks,Four Oaks,NC
4SE,Four Seasons,Four Seasons,MO
FOW,Fowler,Fowler,CA
FW7,Fowler,Fowler,IL
FWI,Fowler,Fowler,IN
ZFV,Fowlerville,Fowlerville,MI
FOX,Fox,Fox,AK
FXL,Fox Island,Fox Island,WA
F8X,Fox Lake,Fox Lake,IL
YFX,Fox Lake,Fox Lake,WI
FXP,Fox Point,Fox Point,WI
FOZ,Fox River Grove,Fox River Grove,IL
FXB,Foxboro,Foxboro,MA
IXG,Foxborough,Foxborough,MA
FXC,Foxcroft,Foxcroft,PA
FX3,Foxhome,Foxhome,MN
FX2,Foxworth,Foxworth,MS
FTJ,Frackville,Frackville,PA
FHM,Framingham,Framingham,MA
F9S,Francestown,Francestown,NH
FCV,Francesville,Francesville,IN
YIS,Francisco,Francisco,IN
FVA,Franconia,Franconia,NH
FSA,Franconia,Franconia,PA
ZFO,Franconia,Franconia,VA
FQP,Frank,Frank,PA
FQR,Frank,Frank,WV
FRS,Frankel City,Frankel City,TX
FKM,Frankenmuth,Frankenmuth,MI
FF3,Frankford,Frankford,DE
KFS,Frankford,Frankford,MO
FFD,Frankford,Frankford,PA
FF6,Frankford,Frankford,WV
FJK,Frankfort,Frankfort,IL
FRQ,Frankfort,Frankfort,IN
FFG,Frankfort,Frankfort,KS
FFT,Frankfort,Frankfort,KY
F8F,Frankfort,Frankfort,ME
FNF,Frankfort,Frankfort,MI
FKR,Frankfort,Frankfort,NY
FKF,Frankfort,Frankfort,OH
FKZ,Frankfort,Frankfort,SD
FRK,Frankfort Springs,Frankfort Springs,PA
RAK,Franklin,Franklin,GA
F2K,Franklin,Franklin,IA
FBK,Franklin,Franklin,ID
FKA,Franklin,Franklin,IN
98R,Franklin,Franklin,KS
FLK,Franklin,Franklin,KY
RNK,Franklin,Franklin,LA
FLN,Franklin,Franklin,MA
F8K,Franklin,Franklin,ME
KLF,Franklin,Franklin,MI
FK6,Franklin,Franklin,MO
FQL,Franklin,Franklin,NC
K23,Franklin,Franklin,NE
FKI,Franklin,Franklin,NH
FNN,Franklin,Franklin,NJ
FLH,Franklin,Franklin,OH
FKL,Franklin,Franklin,PA
UJA,Franklin,Franklin,TN
NKN,Franklin,Franklin,TX
FKN,Franklin,Franklin,VA
FK4,Franklin,Franklin,VT
FLW,Franklin,Franklin,WI
FIN,Franklin,Franklin,WV
FAU,Franklin Furnace,Franklin Furnace,OH
FRL,Franklin Lakes,Franklin Lakes,NJ
FLI,Franklin Park,Franklin Park,IL
KFG,Franklin Springs,Franklin Springs,GA
KYR,Franklin Springs,Franklin Springs,NY
FSR,Franklin Square,Franklin Square,NY
FKB,Franklinton,Franklinton,LA
FTN,Franklinton,Franklinton,NC
FRA,Franklinville,Franklinville,NC
FQV,Franklinville,Franklinville,NJ
FNJ,Frankston,Frankston,TX
FVW,Franksville,Franksville,WI
NKU,Frankton,Frankton,IN
5FT,Franktown,Franktown,CO
7BW,Frannie,Frannie,WY
5RF,Fraser,Fraser,CO
XFQ,Fraser,Fraser,MI
FZY,Fraser,Fraser,NY
FXE,Frazee,Frazee,MN
FRZ,Frazer,Frazer,PA
YFZ,Frazeysburg,Frazeysburg,OH
FZP,Frazier Park,Frazier Park,CA
FBM,Fraziers Bottom,Fraziers Bottom,WV
FW9,Frederic,Frederic,WI
ZDH,Frederica,Frederica,DE
FK2,Frederick,Frederick,CO
FDK,Frederick,Frederick,MD
FDR,Frederick,Frederick,OK
XZD,Frederick,Frederick,PA
FV4,Frederick Village,Frederick Village,MD
FKX,Fredericksburg,Fredericksburg,IA
FDE,Fredericksburg,Fredericksburg,OH
FRW,Fredericksburg,Fredericksburg,PA
FXG,Fredericksburg,Fredericksburg,TX
FDB,Fredericksburg,Fredericksburg,VA
FDS,Frederickson,Frederickson,WA
FED,Fredericktown,Fredericktown,MO
FCW,Fredericktown,Fredericktown,OH
FKW,Fredericktown,Fredericktown,PA
FDO,Fredonia,Fredonia,AR
DZX,Fredonia,Fredonia,AZ
FGD,Fredonia,Fredonia,KY
FEO,Fredonia,Fredonia,NY
FYO,Fredonia,Fredonia,PA
FD2,Fredonia,Fredonia,TX
FZD,Fredonia,Fredonia,WI
FU5,Free Union,Free Union,VA
F3B,Freeborn,Freeborn,MN
FBU,Freeburg,Freeburg,IL
F6R,Freeburg,Freeburg,MO
FJM,Freedom,Freedom,CA
F7N,Freedom,Freedom,IN
F9M,Freedom,Freedom,ME
VFM,Freedom,Freedom,NY
FZZ,Freedom,Freedom,PA
FEH,Freehold,Freehold,NJ
FE3,Freehold,Freehold,NY
FEN,Freeland,Freeland,MI
FQD,Freeland,Freeland,PA
FNB,Freeland,Freeland,WA
F2E,Freeman,Freeman,SD
FR9,Freeman,Freeman,VA
XAS,Freeport,Freeport,FL
FEP,Freeport,Freeport,IL
REP,Freeport,Freeport,ME
FPQ,Freeport,Freeport,MI
RPO,Freeport,Freeport,MN
FRX,Freeport,Freeport,NY
UEP,Freeport,Freeport,OH
EE8,Freeport,Freeport,PA
FPO,Freeport,Freeport,TX
FQB,Freer,Freer,TX
FS3,"Freestone, Sonoma","Freestone, Sonoma",
FV9,Freeville,Freeville,NY
FDP,Freisland,Freisland,WI
FNC,Fremont,Fremont,CA
EMQ,Fremont,Fremont,IA
FMT,Fremont,Fremont,IN
FEM,Fremont,Fremont,MI
FQM,Fremont,Fremont,NC
FET,Fremont,Fremont,NE
F8R,Fremont,Fremont,NH
XFK,Fremont,Fremont,OH
F6E,Fremont,Fremont,WI
FC9,Fremont Center,Fremont Center,NY
FPJ,Fremont Junction,Fremont Junction,UT
FCP,French Camp,French Camp,CA
FRH,French Lick,French Lick,IN
F8O,Frenchboro,Frenchboro,ME
JWY,Frenchtown,Frenchtown,NJ
WFK,Frenchville,Frenchville,ME
FSE,Fresh Meadows,Fresh Meadows,NY
FRP,Fresh Water Bay,Fresh Water Bay,AK
FAT,Fresno,Fresno,CA
FQN,Fresno,Fresno,OH
FQS,Fresno,Fresno,TX
FB9,Frewsburg,Frewsburg,NY
FRJ,Friant,Friant,CA
FRD,Friday Harbor,Friday Harbor,WA
FDU,Fridley,Fridley,MN
FWQ,Friedens,Friedens,PA
FD8,Friend,Friend,NE
FND,Friendly,Friendly,WV
ZFP,Friendship,Friendship,MD
FSP,Friendship,Friendship,ME
FRF,Friendship,Friendship,NC
FPG,Friendship,Friendship,TN
FDH,Friendship,Friendship,WI
FEV,Friendsville,Friendsville,MD
FNV,Friendsville,Friendsville,TN
FIW,Friendswood,Friendswood,TX
FZA,Friesland,Friesland,WI
FTX,Friona,Friona,TX
FSC,Frisco,Frisco,CO
FCK,Frisco,Frisco,PA
FIX,Frisco,Frisco,TX
FCB,Frisco City,Frisco City,AL
FGM,Frogmore,Frogmore,SC
FHN,Frohna,Frohna,MO
FRR,Front Royal,Front Royal,VA
FT8,Frontenac,Frontenac,KS
FEQ,Frontenac,Frontenac,MN
FEC,Frontenac,Frontenac,MO
FRO,Frontier,Frontier,WA
FSZ,Frost,Frost,TX
FZH,Frostburg,Frostburg,MD
FUG,Frostburg,Frostburg,PA
FRU,Frostproof,Frostproof,FL
FT4,Fruita,Fruita,CO
IUI,Fruitdale,Fruitdale,SD
FUI,Fruithurst,Fruithurst,AL
RXR,Fruitland,Fruitland,ID
ZFM,Fruitland,Fruitland,MD
F9R,Fruitland,Fruitland,NM
F2P,Fruitland Park,Fruitland Park,FL
UIH,Fruitport,Fruitport,MI
FY3,Fryburg,Fryburg,ND
FRY,Fryeburg,Fryeburg,ME
FUD,Fulda,Fulda,IN
V8A,Fulks Run,Fulks Run,VA
FUL,Fullerton,Fullerton,CA
FUR,Fullerton,Fullerton,ND
FUZ,Fullerton,Fullerton,NE
FHA,Fulshear,Fulshear,TX
FUB,Fulton,Fulton,AR
VUL,Fulton,Fulton,CA
FNQ,Fulton,Fulton,IA
ZFL,Fulton,Fulton,IL
FTB,Fulton,Fulton,KY
M5D,Fulton,Fulton,MD
IUL,Fulton,Fulton,MI
FUT,Fulton,Fulton,MO
FTZ,Fulton,Fulton,MS
FUN,Fulton,Fulton,NY
UTD,Fulton,Fulton,TX
FTD,Fultondale,Fultondale,AL
FV3,Fultonville,Fultonville,NY
FUK,Funk,Funk,NE
F4S,Funston,Funston,GA
FNR,Funter Bay,Funter Bay,AK
FUV,Fuquay-Varina,Fuquay-Varina,NC
YZV,Furlong,Furlong,PA
FJA,Furman,Furman,SC
RRF,Furrs,Furrs,MS
FIF,Fyffe,Fyffe,AL
GAB,Gabbs,Gabbs,NV
GB4,Gable,Gable,SC
GBF,Gabriels,Gabriels,NY
GAD,Gadsden,Gadsden,AL
DE6,Gadsden,Gadsden,SC
AEE,Gaffney,Gaffney,SC
GAG,Gage,Gage,OK
GAH,Gahanna,Gahanna,OH
G2A,Gail,Gail,TX
GBT,Gainesboro,Gainesboro,TN
VG7,Gainesville,Gainesville,AL
GNV,Gainesville,Gainesville,FL
GVL,Gainesville,Gainesville,GA
GIY,Gainesville,Gainesville,MO
FUC,Gainesville,Gainesville,NY
GLE,Gainesville,Gainesville,TX
GII,Gainesville,Gainesville,VA
GAI,Gaithersburg,Gaithersburg,MD
GAK,Gakona,Gakona,AK
GLX,Galax,Galax,VA
GBH,Galbraith Lake,Galbraith Lake,AK
GAL,Galena,Galena,AK
VKA,Galena,Galena,IL
GA2,Galena,Galena,KS
GZQ,Galena,Galena,MD
GZN,Galena,Galena,OH
GPK,Galena Park,Galena Park,TX
GSF,Gales Ferry,Gales Ferry,CT
GBG,Galesburg,Galesburg,IL
G5B,Galesburg,Galesburg,KS
GSU,Galesburg,Galesburg,MI
GS8,Galesburg,Galesburg,ND
VGL,Galesville,Galesville,MD
G2L,Galesville,Galesville,WI
ZGQ,Galeton,Galeton,PA
JGL,Galien,Galien,MI
GA4,Galilee,Galilee,PA
GQQ,Galion,Galion,OH
GZX,Gallatin,Gallatin,MO
GAN,Gallatin,Gallatin,TN
ZDI,Gallatin,Gallatin,TX
GG2,Gallatin Gateway,Gallatin Gateway,MT
AWY,Gallaway,Gallaway,TN
EPB,Galliano,Galliano,LA
GAP,Gallipolis,Gallipolis,OH
GFE,Gallipolis Ferry,Gallipolis Ferry,WV
GMX,Gallman,Gallman,MS
GXW,Galloway,Galloway,NJ
GX9,Galloway,Galloway,OH
GUP,Gallup,Gallup,NM
GAQ,Galt,Galt,CA
GL8,Galva,Galva,IA
GVS,Galva,Galva,IL
GLS,Galveston,Galveston,TX
GAM,Gambell,Gambell,AK
GMB,Gambier,Gambier,OH
G2M,Gambrills,Gambrills,MD
GD2,Ganado,Ganado,AZ
GD5,Ganado,Ganado,TX
GEK,Ganes Creek,Ganes Creek,AK
GVR,Gansevoort,Gansevoort,NY
2GA,Gantt,Gantt,AL
AGP,Gap,Gap,PA
GBV,Garberville,Garberville,CA
GQD,Garden,Garden,MI
GZC,Garden City,Garden City,AL
GCG,Garden City,Garden City,GA
TXU,Garden City,Garden City,ID
GCK,Garden City,Garden City,KS
GCQ,Garden City,Garden City,MI
GDC,Garden City,Garden City,MN
GCM,Garden City,Garden City,MO
GAR,Garden City,Garden City,NJ
JHC,Garden City,Garden City,NY
GCB,Garden City,Garden City,SC
GEC,Garden City,Garden City,TX
GP8,Garden City Park,Garden City Park,NY
GGR,Garden Grove,Garden Grove,CA
G44,Garden Valley,Garden Valley,CA
VGG,Garden Valley,Garden Valley,ID
GAC,Gardena,Gardena,CA
GQA,Gardendale,Gardendale,AL
GT9,Gardendale,Gardendale,TX
GDN,Gardiner,Gardiner,ME
8GA,Gardiner,Gardiner,MT
NXR,Gardiner,Gardiner,NY
GDR,Gardiner,Gardiner,OR
GD7,Gardner,Gardner,CO
GJD,Gardner,Gardner,IL
GDZ,Gardner,Gardner,KS
GDM,Gardner,Gardner,MA
GDY,Gardner,Gardner,PA
GPE,Gardners,Gardners,PA
GVF,Gardnerville,Gardnerville,NV
GPB,Garfield,Garfield,AR
GAF,Garfield,Garfield,NJ
GFR,Garfield,Garfield,NY
GF7,Garfield,Garfield,TX
GFX,Garfield,Garfield,WA
GHZ,Garfield Heights,Garfield Heights,OH
9GA,Garland,Garland,ME
GKD,Garland,Garland,NC
GRX,Garland,Garland,TX
UGD,Garland,Garland,UT
RW9,Garnavillo,Garnavillo,IA
GNR,Garner,Garner,IA
GNC,Garner,Garner,NC
GV2,Garnerville,Garnerville,NY
G7R,Garnett,Garnett,KS
GAE,Garrattsville,Garrattsville,NY
ZXG,Garretson,Garretson,SD
QGT,Garrett,Garrett,IN
GZV,Garrettsville,Garrettsville,OH
JQX,Garrison,Garrison,IA
GAX,Garrison,Garrison,MD
RR7,Garrison,Garrison,MN
GSZ,Garrison,Garrison,MO
GJU,Garrison,Garrison,ND
GA7,Garrison,Garrison,NY
XFZ,Garwood,Garwood,NJ
GYY,Gary,Gary,IN
GYX,Gary,Gary,MN
GT4,Gary,Gary,TX
GYS,Garysburg,Garysburg,NC
GYV,Garyville,Garyville,LA
KAS,Gas,Gas,KS
GCI,Gas City,Gas City,IN
GY2,Gascoyne,Gascoyne,ND
GSQ,Gasport,Gasport,NY
GXK,Gasquet,Gasquet,CA
GSY,Gassaway,Gassaway,WV
GAV,Gassville,Gassville,AR
GSN,Gaston,Gaston,NC
GSX,Gaston,Gaston,OR
GAT,Gaston,Gaston,SC
XFS,Gastonia,Gastonia,NC
GQX,Gate City,Gate City,VA
G4E,Gates,Gates,NC
GT2,Gates,Gates,TN
RJC,Gatesville,Gatesville,NC
GJI,Gatesville,Gatesville,TX
GWZ,Gateway,Gateway,CO
GKT,Gatlinburg,Gatlinburg,TN
GB7,Gauley Bridge,Gauley Bridge,WV
GAU,Gautier,Gautier,MS
GGY,Gay,Gay,GA
VBV,Gaylesville,Gaylesville,AL
GYD,Gaylord,Gaylord,MI
GAY,Gaylord,Gaylord,MN
GYI,Gaylordsville,Gaylordsville,CT
GA9,Gayly,Gayly,PA
GMS,Gays Mills,Gays Mills,WI
GYH,"Gayville, Yankton","Gayville, Yankton",SD
DD9,Geddes,Geddes,NY
GS2,Geddes,Geddes,SD
GSM,Geismar,Geismar,LA
QGA,Gem,Gem,KS
YGE,Genesee,Genesee,ID
G9E,Genesee,Genesee,PA
GJC,Genesee,Genesee,WI
ZGZ,Geneseo,Geneseo,IL
GES,Geneseo,Geneseo,NY
GXN,Geneva,Geneva,AL
GXA,Geneva,Geneva,FL
GNI,Geneva,Geneva,IL
IUV,Geneva,Geneva,IN
GEV,Geneva,Geneva,NE
GEN,Geneva,Geneva,NY
UJI,Geneva,Geneva,OH
GN3,Genoa,Genoa,CO
GOI,Genoa,Genoa,IL
GN9,Genoa,Genoa,NE
7GO,Genoa,Genoa,NY
GJ4,Genoa,Genoa,TX
GQO,Genoa,Genoa,WI
OIY,Genoa City,Genoa City,WI
GN2,"Genoa, Ottawa","Genoa, Ottawa",OH
GTR,Gentry,Gentry,AR
OQX,George,George,IA
GWA,George,George,WA
IA9,George Bush Intercontinental Apt/Houston,George Bush Intercontinental Apt/Houston,TX
GML,Georges Mills,Georges Mills,NH
ZDJ,Georgetown,Georgetown,CA
GED,Georgetown,Georgetown,DE
GEQ,Georgetown,Georgetown,FL
GER,Georgetown,Georgetown,GA
G2G,Georgetown,Georgetown,IN
GEO,Georgetown,Georgetown,KY
GXT,Georgetown,Georgetown,MA
G8E,Georgetown,Georgetown,ME
GT7,Georgetown,Georgetown,ND
G6T,Georgetown,Georgetown,OH
GGE,Georgetown,Georgetown,SC
GW8,Georgetown,Georgetown,TN
GTW,Georgetown,Georgetown,TX
GEW,Georgetown,Georgetown,WA
GGN,"Georgetown, Fairfield","Georgetown, Fairfield",CT
GWN,"Georgetown, Fayette","Georgetown, Fayette",IL
GNJ,"Georgetown, Vermilion","Georgetown, Vermilion",OH
GG3,Georgia,Georgia,AL
G5G,Georgia,Georgia,NJ
GGA,Georgia,Georgia,VT
GG4,Georgiana,Georgiana,AL
DQ9,Gerald,Gerald,MO
A5G,Geraldine,Geraldine,AL
XFU,Gering,Gering,NE
GCH,Gerlach,Gerlach,NV
GJF,Germansville,Germansville,PA
GEA,Germantown,Germantown,IL
GMQ,Germantown,Germantown,KY
GTN,Germantown,Germantown,MD
GMZ,Germantown,Germantown,NY
GMO,Germantown,Germantown,OH
XGW,Germantown,Germantown,TN
GMN,Germantown,Germantown,WI
TUV,Gertrude Cove,Gertrude Cove,AK
GE9,Gervais,Gervais,OR
YUR,Gettysburg,Gettysburg,OH
GTY,Gettysburg,Gettysburg,PA
G4B,Gettysburg,Gettysburg,SD
GZE,Getzville,Getzville,NY
GS5,Geyser,Geyser,MT
GSL,Geyserville,Geyserville,CA
GHE,Ghent,Ghent,KY
GHB,Ghent,Ghent,NY
G2T,Ghent,Ghent,WV
G2B,Gibbon,Gibbon,MN
GBQ,Gibbon,Gibbon,NE
GBP,Gibbons,Gibbons,MO
GBB,Gibbsboro,Gibbsboro,NJ
GIB,Gibbstown,Gibbstown,NJ
GIT,Gibraltar,Gibraltar,MI
UJG,Gibraltar,Gibraltar,PA
GOB,Gibson,Gibson,GA
8GI,Gibson,Gibson,LA
GB5,Gibson,Gibson,NC
GIZ,Gibson,Gibson,PA
GBC,Gibson City,Gibson City,IL
GIS,Gibsonburg,Gibsonburg,OH
GJJ,Gibsonia,Gibsonia,PA
AEF,Gibsonton,Gibsonton,FL
GB9,Gibsonville,Gibsonville,NC
GDD,Giddings,Giddings,TX
GID,Gideon,Gideon,MO
GGZ,Gig Harbor,Gig Harbor,WA
GBN,Gila Bend,Gila Bend,AZ
GBE,Gilbert,Gilbert,AZ
IBT,Gilbert,Gilbert,MN
GIC,Gilbert,Gilbert,SC
YOG,Gilberts,Gilberts,IL
GI8,Gilbertsville,Gilbertsville,KY
GXV,Gilbertsville,Gilbertsville,PA
GEZ,Gilbertville,Gilbertville,MA
GCT,Gilcrest,Gilcrest,CO
IDF,Gildford,Gildford,MT
GF2,Gilford,Gilford,ME
GLF,Gilford,Gilford,NH
R4D,Gilford Township,Gilford Township,MI
GJL,Gill,Gill,CO
G3L,Gillespie,Gillespie,IL
GJZ,Gillett,Gillett,AR
GT8,Gillett,Gillett,PA
GTT,Gillett,Gillett,WI
GIL,Gillette,Gillette,NJ
GCC,Gillette,Gillette,WY
IHM,Gillham,Gillham,AR
GV3,Gillsville,Gillsville,GA
GIN,Gilman,Gilman,CT
GMA,Gilman,Gilman,IL
GMH,Gilman,Gilman,VT
G7W,Gilmanton,Gilmanton,NH
GYM,Gilmanton,Gilmanton,NH
GIX,Gilmer,Gilmer,TX
GIO,Gilmore City,Gilmore City,IA
GIR,Gilroy,Gilroy,CA
GIK,Gilson,Gilson,IL
G9M,Gilsum,Gilsum,NH
GDX,Girard,Girard,GA
IAR,Girard,Girard,IL
GD4,Girard,Girard,KS
RXX,Girard,Girard,OH
GRJ,Girard,Girard,PA
VGD,Girard,Girard,TX
GWK,Girdwood,Girdwood,AK
KGZ,Glacier Creek,Glacier Creek,AK
5GP,Glade Park,Glade Park,CO
GSR,Glade Spring,Glade Spring,VA
G4L,Gladeville,Gladeville,TN
TXG,Gladewater,Gladewater,TX
GGG,Gladewater-Longview-Kilgore Apt,Gladewater-Longview-Kilgore Apt,TX
GDE,Gladstone,Gladstone,MI
GDS,Gladstone,Gladstone,MO
GTU,Gladstone,Gladstone,OR
G88,Gladstone,Gladstone,VA
GDW,Gladwin,Gladwin,MI
G2P,Gladwyne,Gladwyne,PA
GL6,Gladys,Gladys,VA
GGW,Glasgow,Glasgow,DE
GLW,Glasgow,Glasgow,KY
GGS,Glasgow,Glasgow,MO
GSG,Glasgow,Glasgow,MT
QZG,Glasgow,Glasgow,VA
GKW,Glasgow,Glasgow,WV
GLR,Glassboro,Glassboro,NJ
GPX,Glassport,Glassport,PA
GLL,Glastonbury,Glastonbury,CT
GLZ,Gleason,Gleason,TN
GS6,Gleason,Gleason,WI
XFT,Gleed,Gleed,WA
QGE,Glen,Glen,MT
GCD,Glen Allen,Glen Allen,MD
GA3,Glen Allen,Glen Allen,MO
GEU,Glen Allen,Glen Allen,VA
ENR,Glen Arm,Glen Arm,MD
GBM,Glen Burnie,Glen Burnie,MD
GLN,Glen Cove,Glen Cove,NY
NDL,Glen Dale,Glen Dale,WV
GGD,Glen Daniel,Glen Daniel,WV
2GE,Glen Easton,Glen Easton,WV
GE4,Glen Elder,Glen Elder,KS
JQL,Glen Ellen,Glen Ellen,CA
GEL,Glen Ellyn,Glen Ellyn,IL
ZLO,Glen Flora,Glen Flora,WI
QGG,Glen Gardner,Glen Gardner,NJ
GH4,Glen Head,Glen Head,NY
GHP,Glen Hope,Glen Hope,PA
NJE,Glen Jean,Glen Jean,WV
GMC,Glen Mills,Glen Mills,PA
GO4,Glen Oaks,Glen Oaks,NY
NRA,Glen Raven,Glen Raven,NC
GJQ,Glen Ridge,Glen Ridge,NJ
GLK,Glen Rock,Glen Rock,NJ
GOC,Glen Rock,Glen Rock,PA
GLY,Glen Rose,Glen Rose,TX
GPY,Glen Spey,Glen Spey,NY
GUI,Glen Ullin,Glen Ullin,ND
GVX,Glen View,Glen View,IL
9GL,Glenarden,Glenarden,MD
GLM,Glenbrook,Glenbrook,CT
N7E,Glenbrook,Glenbrook,NV
GC2,Glencoe,Glencoe,AL
G4K,Glencoe,Glencoe,AR
EOE,Glencoe,Glencoe,IL
G5N,Glencoe,Glencoe,KY
GCZ,Glencoe,Glencoe,MN
GDA,Glendale,Glendale,AZ
JGX,Glendale,Glendale,CA
GEP,Glendale,Glendale,CO
GD6,Glendale,Glendale,IN
G2D,Glendale,Glendale,MA
GAW,Glendale,Glendale,MD
GDL,Glendale,Glendale,NY
QGO,Glendale,Glendale,OH
OR8,Glendale,Glendale,OR
GEJ,Glendale,Glendale,RI
G6L,Glendale,Glendale,TX
GD3,Glendale,Glendale,UT
GEE,Glendale,Glendale,WI
GWV,Glendale,Glendale,WV
G2H,Glendale Heights,Glendale Heights,IL
GHI,Glendale Hghts,Glendale Hghts,IL
GDV,Glendive,Glendive,MT
GDQ,Glendora,Glendora,CA
G7Y,Glendora,Glendora,NJ
GEF,Glenford,Glenford,OH
GTZ,Glenmont,Glenmont,NY
G4H,Glenmont,Glenmont,OH
GEM,Glenmoore,Glenmoore,PA
GL9,Glenn,Glenn,CA
GLQ,Glennallen,Glennallen,AK
YNN,Glenndale,Glenndale,MD
GFY,Glenns Ferry,Glenns Ferry,ID
YGL,Glennville,Glennville,GA
GLB,Glenola,Glenola,NC
GNE,Glenolden,Glenolden,PA
GPP,Glenpool,Glenpool,OK
GQK,Glenrock,Glenrock,WY
GFL,Glens Falls,Glens Falls,NY
GWL,Glenshaw,Glenshaw,PA
GLI,Glenside,Glenside,PA
NBU,Glenview,Glenview,IL
G5V,Glenville,Glenville,MN
G2V,Glenville,Glenville,NC
GV5,Glenville,Glenville,NY
GZ2,Glenville,Glenville,WV
GWW,Glenwillow,Glenwillow,OH
GWB,Glenwood,Glenwood,AR
GKX,Glenwood,Glenwood,GA
GWX,Glenwood,Glenwood,IA
OOG,Glenwood,Glenwood,IL
G9D,Glenwood,Glenwood,MD
GWQ,Glenwood,Glenwood,MN
2GW,Glenwood,Glenwood,MO
GW9,Glenwood Landing,Glenwood Landing,NY
GWS,Glenwood Springs,Glenwood Springs,CO
GZW,"Glenwood, McDowell","Glenwood, McDowell",NC
GJK,Glidden,Glidden,IA
ZGE,Glidden,Glidden,WI
GBA,Globe,Globe,AZ
GC9,Glocester,Glocester,RI
GLU,Gloster,Gloster,MS
GLO,Gloucester,Gloucester,MA
G2C,Gloucester,Gloucester,VA
GLC,Gloucester City,Gloucester City,NJ
GSE,Glouster,Glouster,OH
GVK,Gloversville,Gloversville,NY
GKU,Gluckstadt,Gluckstadt,MS
NEA,Glynco,Glynco,GA
GYN,Glyndon,Glyndon,MD
GND,Gnadenhutten,Gnadenhutten,OH
GZZ,Gobles,Gobles,MI
GOA,Goddard,Goddard,KS
GDF,Godfrey,Godfrey,IL
QOY,Godley,Godley,TX
GOD,Godwin,Godwin,NC
N3E,Goehner,Goehner,NE
GFW,Goffstown,Goffstown,NH
GCA,Golconda,Golconda,NV
DJA,Gold Bar,Gold Bar,WA
GOL,Gold Beach,Gold Beach,OR
G9Y,Gold Canyon,Gold Canyon,AZ
GH2,Gold Hill,Gold Hill,NC
GH3,Gold Hill,Gold Hill,OR
GXR,Gold River,Gold River,CA
GKP,Gold Run,Gold Run,CA
GOE,Golden,Golden,CO
JGN,Golden,Golden,IL
OOL,Golden,Golden,MO
GDO,Golden,Golden,MS
OG5,Golden,Golden,TX
G3B,Golden Beach,Golden Beach,FL
G8N,Golden City,Golden City,MO
GDH,Golden Horn,Golden Horn,AK
GM3,Golden Meadow,Golden Meadow,LA
G9V,Golden Valley,Golden Valley,AZ
GVY,Golden Valley,Golden Valley,MN
GLA,Goldendale,Goldendale,WA
GF5,Goldfield,Goldfield,IA
GL4,Goldonna,Goldonna,LA
GSB,Goldsboro,Goldsboro,NC
GO8,Goldsmith,Goldsmith,TX
GLJ,Goldston,Goldston,NC
QGX,Goldthwaite,Goldthwaite,TX
GO2,Goleta,Goleta,CA
QGL,Golf,Golf,IL
GL7,Goliad,Goliad,TX
GLV,Golovin,Golovin,AK
8NH,Gonic,Gonic,NH
GZS,Gonzales,Gonzales,CA
GNZ,Gonzales,Gonzales,LA
GOZ,Gonzales,Gonzales,TX
GZL,Gonzalez,Gonzalez,FL
VZZ,Goochland,Goochland,VA
GOP,Good Hope,Good Hope,LA
3GT,Good Thunder,Good Thunder,MN
G8V,Goode,Goode,VA
GD8,Goodell,Goodell,IA
GF4,Goodfield,Goodfield,IL
GMD,Goodhue,Goodhue,MN
GNG,Gooding,Gooding,ID
GOQ,Goodland,Goodland,IN
GLD,Goodland,Goodland,KS
GDT,Goodlettsville,Goodlettsville,TN
GM4,Goodman,Goodman,MO
GGP,Goodman,Goodman,WI
GNU,Goodnews Bay,Goodnews Bay,AK
GIH,Goodrich,Goodrich,MI
USZ,Goodrich,Goodrich,TX
G8S,Goodsprings,Goodsprings,NV
GQI,"Goodville, Lancaster","Goodville, Lancaster",PA
GWT,Goodwater,Goodwater,AL
GYR,Goodyear,Goodyear,AZ
GSC,Goose Creek,Goose Creek,SC
GPR,Goose Prairie,Goose Prairie,WA
6RD,Gordo,Gordo,AL
GQR,Gordon,Gordon,AL
GOR,Gordon,Gordon,GA
GO3,Gordon,Gordon,NE
GOX,Gordon,Gordon,PA
GOV,Gordonsville,Gordonsville,TN
GVE,Gordonsville,Gordonsville,VA
LLJ,Gordonville,Gordonville,KY
GVZ,Gordonville,Gordonville,PA
GO5,Gordonville,Gordonville,TX
GVA,Gore,Gore,VA
GHH,Gorham,Gorham,ME
GHA,Gorham,Gorham,NH
ORM,Gorham,Gorham,NY
GIQ,Gorin,Gorin,MO
GMJ,Gorman,Gorman,CA
GOM,Gorman,Gorman,TX
GOS,Goshen,Goshen,AL
GHS,Goshen,Goshen,CA
GOH,Goshen,Goshen,CT
GSH,Goshen,Goshen,IN
GQH,Goshen,Goshen,KY
GN8,Goshen,Goshen,MA
8GO,Goshen,Goshen,NH
OEN,Goshen,Goshen,NY
GKH,Goshen,Goshen,OH
GOG,Goshen,Goshen,VA
GQN,"Goshen, Scott","Goshen, Scott",IN
GP2,Gosport,Gosport,IN
GHG,Gothenburg,Gothenburg,NE
GOU,Goulds,Goulds,FL
8GU,Gouldsboro,Gouldsboro,ME
GGO,Gouldsboro,Gouldsboro,PA
GVN,Gouverneur,Gouverneur,NY
G5C,Government Camp,Government Camp,OR
GYZ,Gowen City,Gowen City,PA
GWM,Gower,Gower,MO
GZB,Grabill,Grabill,IN
GCF,Grace,Grace,ID
GCE,Grace,Grace,SC
GCV,Graceville,Graceville,FL
GRC,Graceville,Graceville,FL
GV7,Graceville,Graceville,MN
7TP,Grady,Grady,AR
GHQ,Graehl,Graehl,AK
GKR,Graettinger,Graettinger,IA
FVD,Graford,Graford,TX
GZO,Grafton,Grafton,MA
GFT,Grafton,Grafton,ND
GPN,Grafton,Grafton,NH
GFO,Grafton,Grafton,OH
GXF,Grafton,Grafton,VA
3VT,Grafton,Grafton,VT
GFN,Grafton,Grafton,WI
GAO,Grafton,Grafton,WV
GHX,Graham,Graham,AL
GAA,Graham,Graham,GA
G3H,Graham,Graham,KY
GMR,Graham,Graham,NC
GHT,Graham,Graham,TX
GRQ,Graham,Graham,WA
KGY,Grahn,Grahn,KY
GIV,Grain Valley,Grain Valley,MO
GB6,Grambling,Grambling,LA
GRY,Gramercy,Gramercy,LA
G8P,Grampian,Grampian,PA
GHL,Granada Hills,Granada Hills,CA
GBY,Granbury,Granbury,TX
RNB,Granby,Granby,CO
EGC,Granby,Granby,CT
GMY,Granby,Granby,MA
7GY,Granby,Granby,VT
GDB,Grand Bay,Grand Bay,AL
QGB,Grand Blanc,Grand Blanc,MI
GCN,Grand Canyon,Grand Canyon,AZ
GCW,Grand Canyon West Apt,Grand Canyon West Apt,AZ
GC5,Grand Chain,Grand Chain,IL
G3C,Grand Chenier,Grand Chenier,LA
GCU,Grand Chute,Grand Chute,WI
G2U,Grand Coteau,Grand Coteau,LA
GCO,Grand Coulee,Grand Coulee,WA
GFK,Grand Forks,Grand Forks,ND
DGG,Grand Gorge,Grand Gorge,NY
GHN,Grand Haven,Grand Haven,MI
4QM,Grand Island,Grand Island,FL
GRI,Grand Island,Grand Island,NE
GDK,Grand Island,Grand Island,NY
GIJ,Grand Isle,Grand Isle,LA
9GI,Grand Isle,Grand Isle,ME
7GI,Grand Isle,Grand Isle,VT
GJT,Grand Junction,Grand Junction,CO
GJW,Grand Junction,Grand Junction,IA
GZJ,Grand Junction,Grand Junction,MI
GJN,Grand Junction,Grand Junction,TN
GK2,Grand Lake,Grand Lake,CO
GDG,Grand Ledge,Grand Ledge,MI
GRM,Grand Marais,Grand Marais,MN
GM7,Grand Meadow,Grand Meadow,MN
GD9,Grand Mound,Grand Mound,IA
GRA,Grand Portage,Grand Portage,MN
GDP,Grand Prairie,Grand Prairie,TX
GRR,Grand Rapids,Grand Rapids,MI
GPZ,Grand Rapids,Grand Rapids,MN
VZI,Grand Rapids,Grand Rapids,OH
GYJ,Grand Ridge,Grand Ridge,IL
GKQ,Grand River,Grand River,OH
R8R,Grand Rivers,Grand Rivers,KY
6R3,Grand Ronde,Grand Ronde,OR
GJS,Grand Saline,Grand Saline,TX
GTC,Grand Terrace,Grand Terrace,CA
JGV,Grand Valley,Grand Valley,PA
JVW,Grand View,Grand View,ID
GW6,Grand View,Grand View,WI
G9A,Grande Ronde,Grande Ronde,OR
NDF,Grandfalls,Grandfalls,TX
GR4,Grandin,Grandin,ND
DVW,Grandview,Grandview,IN
GVW,Grandview,Grandview,MO
G95,Grandview,Grandview,OH
XXA,Grandview,Grandview,TX
GFV,Grandview,Grandview,WA
VGH,Grandview Heights,Grandview Heights,OH
DIW,"Grandview, Dawson","Grandview, Dawson",TX
U4B,Grandville,Grandville,IL
GDI,Grandville,Grandville,MI
GHY,Grandy,Grandy,NC
YGR,Granger,Granger,IA
ZGR,Granger,Granger,IN
GGX,Granger,Granger,TX
AGR,Granger,Granger,WA
GGJ,Grangeville,Grangeville,ID
GKI,Granite,Granite,CO
GTK,Granite,Granite,OK
GTB,Granite Bay,Granite Bay,CA
GZI,Granite City,Granite City,IL
GFZ,Granite Falls,Granite Falls,MN
GFA,Granite Falls,Granite Falls,NC
GFS,Granite Falls,Granite Falls,WA
GMT,Granite Mountain,Granite Mountain,AK
GQY,Granite Quarry,Granite Quarry,NC
GAS,Granite Shoals,Granite Shoals,TX
GTV,Graniteville,Graniteville,SC
GQL,Graniteville,Graniteville,VT
GTA,Grant,Grant,AL
GTJ,Grant,Grant,MI
GNB,Grant,Grant,NE
GQS,Grant City,Grant City,MO
GRK,Grant Park,Grant Park,IL
VKI,Grant Valkaria,Grant Valkaria,FL
2GP,Grantham,Grantham,PA
RAO,Granton,Granton,WI
GNT,Grants,Grants,NM
XFX,Grants Pass,Grants Pass,OR
GBU,Grantsburg,Grantsburg,WI
GV8,Grantsville,Grantsville,MD
GTE,Grantsville,Grantsville,UT
G3V,Grantsville,Grantsville,WV
GTI,Grantville,Grantville,GA
GR5,Grantville,Grantville,PA
GKA,Granville,Granville,IA
ZVG,Granville,Granville,IL
VL4,Granville,Granville,MA
GVI,Granville,Granville,NY
GVC,Granville,Granville,OH
3PA,Granville,Granville,PA
GKL,Granville,Granville,VT
GR9,Granville,Granville,WI
GPL,Grapeland,Grapeland,TX
GP7,Grapeview,Grapeview,WA
GPI,Grapevine,Grapevine,CA
GPV,Grapevine,Grapevine,TX
GRF,Grasonville,Grasonville,MD
GSK,Grass Lake,Grass Lake,MI
GYC,Grass Valley,Grass Valley,CA
GY6,Grass Valley,Grass Valley,OR
JYB,Grassy Butte,Grassy Butte,ND
GC4,Grassy Creek,Grassy Creek,NC
GP3,Graterford,Graterford,PA
GR2,Graton,Graton,CA
GAZ,Gratz,Gratz,PA
UVW,Gravel Switch,Gravel Switch,KY
GET,Gravette,Gravette,AR
G7M,Gravois Mills,Gravois Mills,MO
GWG,Grawn,Grawn,MI
G9R,Gray,Gray,GA
GYK,Gray,Gray,KY
GYA,Gray,Gray,LA
GRG,Gray,Gray,ME
GY5,Gray,Gray,TN
GC3,Gray Court,Gray Court,SC
68T,Gray Summit,Gray Summit,MO
KGX,Grayling,Grayling,AK
QGH,Grayling,Grayling,MI
GHC,Grays Harbor City,Grays Harbor City,WA
GRV,Grays River,Grays River,WA
GYL,Grayslake,Grayslake,IL
YYG,Grayson,Grayson,GA
GYO,Grayson,Grayson,KY
8GY,Graysville,Graysville,IN
GQE,Grayville,Grayville,IL
GBR,Great Barrington,Great Barrington,MA
GBD,Great Bend,Great Bend,KS
9G2,Great Cacapon,Great Cacapon,WV
GTF,Great Falls,Great Falls,MT
RTF,Great Falls,Great Falls,SC
ZGS,Great Falls,Great Falls,VA
GRL,Great Lakes,Great Lakes,IL
W9G,Great Meadows,Great Meadows,NJ
237,Great Mills,Great Mills,MD
GNK,Great Neck,Great Neck,NY
ZDK,Greece,Greece,NY
GXY,Greeley,Greeley,CO
GYP,Greeley,Greeley,PA
EJL,Greeleyville,Greeleyville,SC
O2O,Green,Green,OH
GK3,Green Bank,Green Bank,WV
G55,Green Bay,Green Bay,VA
GRB,Green Bay,Green Bay,WI
GNX,Green Brae,Green Brae,CA
GBK,Green Brook,Green Brook,NJ
G4D,Green Castle,Green Castle,MO
GCS,Green Cove Springs,Green Cove Springs,FL
GFG,Green Forest,Green Forest,AR
XFV,Green Island,Green Island,NY
GIM,Green Isle,Green Isle,MN
GR6,Green Lake,Green Lake,WI
GLP,Green Lane,Green Lane,PA
GMU,Green Mountain,Green Mountain,NC
ZDM,Green Oaks,Green Oaks,IL
VNP,Green Park,Green Park,MO
GP9,Green Point,Green Point,NY
GPD,Green Pond,Green Pond,NJ
GPH,Green Pond,Green Pond,SC
GR3,Green Ridge,Green Ridge,MO
RVR,Green River,Green River,UT
GVV,Green River,Green River,WY
GCP,Green Springs,Green Springs,OH
FWZ,Green Town,Green Town,IN
GTP,Green Tree,Green Tree,PA
GV6,Green Valley,Green Valley,AZ
8GV,Green Valley,Green Valley,SC
GCR,Greenacres,Greenacres,FL
ZDO,Greenacres,Greenacres,WA
GBX,Greenback,Greenback,TN
GLT,Greenbelt,Greenbelt,MD
GEB,Greenboro,Greenboro,NY
GBJ,Greenbrae,Greenbrae,CA
GR8,Greenbrier,Greenbrier,AR
GBI,"Greenbrier, Robertson","Greenbrier, Robertson",TN
G8B,Greenbush,Greenbush,ME
ZGH,Greenbush,Greenbush,MN
GBW,Greenbush,Greenbush,WI
GXQ,Greencastle,Greencastle,IN
GRP,Greencastle,Greencastle,PA
GJA,Greendale,Greendale,IN
GUQ,Greendale,Greendale,IN
GN4,Greendale,Greendale,WI
GEX,Greene,Greene,IA
G8R,Greene,Greene,ME
EEG,Greene,Greene,NY
GTS,Greeneville,Greeneville,TN
GFC,Greenfield,Greenfield,CA
GIA,Greenfield,Greenfield,IA
G6R,Greenfield,Greenfield,IL
GFD,Greenfield,Greenfield,IN
GNH,Greenfield,Greenfield,MA
EEF,Greenfield,Greenfield,MN
GFH,Greenfield,Greenfield,MO
GFM,Greenfield,Greenfield,MS
GF9,Greenfield,Greenfield,NH
RU6,Greenfield,Greenfield,NY
GNF,Greenfield,Greenfield,OH
GEI,Greenfield,Greenfield,TN
GJE,Greenfield,Greenfield,WI
G43,Greenfield Township,Greenfield Township,PA
GNL,Greenland,Greenland,NH
GNN,Greenland,Greenland,TN
G4R,Greenlawn,Greenlawn,NY
GWF,Greenleaf,Greenleaf,ID
7GR,Greenleaf,Greenleaf,KS
GT3,Greenmount,Greenmount,MD
GR7,Greenough,Greenough,MT
GP4,Greenport,Greenport,NY
GKJ,Greens Fork,Greens Fork,IN
GBS,Greensboro,Greensboro,AL
G6B,Greensboro,Greensboro,FL
GNO,Greensboro,Greensboro,GA
GBO,Greensboro,Greensboro,NC
KRB,Greensboro,Greensboro,PA
3GR,Greensboro,Greensboro,VT
GXB,Greensboro Bend,Greensboro Bend,VT
GSO,Greensboro-High Point Apt,Greensboro-High Point Apt,NC
GRS,Greensburg,Greensburg,IN
GB2,Greensburg,Greensburg,KS
AEH,Greensburg,Greensburg,KY
UJK,Greensburg,Greensburg,PA
PA9,Greentown,Greentown,PA
GU2,Greenup,Greenup,IL
ZDP,Greenup,Greenup,KY
GVJ,Greenvale,Greenvale,NY
USI,Greenview,Greenview,IL
GWH,Greenview Hills,Greenview Hills,TX
GRN,Greenville,Greenville,AL
GHV,Greenville,Greenville,CA
GMI,Greenville,Greenville,DE
FT5,Greenville,Greenville,FL
GVG,Greenville,Greenville,GA
GRE,Greenville,Greenville,IL
9GV,Greenville,Greenville,IN
GVM,Greenville,Greenville,KY
GVQ,Greenville,Greenville,MA
GJV,Greenville,Greenville,ME
GNM,Greenville,Greenville,MI
GWE,Greenville,Greenville,MO
GLH,Greenville,Greenville,MS
PGV,Greenville,Greenville,NC
GGV,Greenville,Greenville,NH
GNY,Greenville,Greenville,NY
GGH,Greenville,Greenville,OH
GNP,Greenville,Greenville,PA
GYE,Greenville,Greenville,RI
GV9,Greenville,Greenville,SC
GCY,Greenville,Greenville,TN
GVT,Greenville,Greenville,TX
GIE,Greenville,Greenville,WI
GSP,Greenville-Greer Apt,Greenville-Greer Apt,SC
GPS,Greenwell Springs,Greenwell Springs,LA
GRH,Greenwich,Greenwich,CT
GRW,Greenwich,Greenwich,NY
GW7,Greenwich,Greenwich,OH
GNA,Greenwich,Greenwich,VA
GKO,Greenwood,Greenwood,DE
GWD,Greenwood,Greenwood,FL
GW5,Greenwood,Greenwood,IL
G2W,Greenwood,Greenwood,LA
GQW,Greenwood,Greenwood,ME
ZDR,Greenwood,Greenwood,MI
EEO,Greenwood,Greenwood,MO
GWO,Greenwood,Greenwood,MS
GW3,Greenwood,Greenwood,NE
GRD,Greenwood,Greenwood,SC
GV4,Greenwood Village,Greenwood Village,CO
GWC,"Greenwood, Clark","Greenwood, Clark",WI
GMW,"Greenwood, El Dorado","Greenwood, El Dorado",CA
GNS,"Greenwood, Guernsey","Greenwood, Guernsey",OH
GW4,"Greenwood, Henry","Greenwood, Henry",GA
GNW,"Greenwood, Johnson","Greenwood, Johnson",IN
GNQ,"Greenwood, Sebastian","Greenwood, Sebastian",AR
GY8,Greer,Greer,AZ
GXX,Greer,Greer,SC
GSP,Greer-Greenville Apt,Greer-Greenville Apt,SC
G2R,Gregory,Gregory,MI
JGG,Gregory,Gregory,SD
GOY,Gregory,Gregory,TX
D9D,Grenada,Grenada,CA
UJH,Grenada,Grenada,MS
GL2,Grenloch,Grenloch,NJ
QGI,Grenville,Grenville,SD
GHO,Gresham,Gresham,OR
GJH,Gresham,Gresham,SC
GTH,Grethel,Grethel,KY
GTL,Gretna,Gretna,LA
G3T,Gretna,Gretna,NE
GZR,Gretna,Gretna,VA
GEY,Greybull,Greybull,WY
GY3,Gridley,Gridley,CA
XFY,Gridley,Gridley,IL
GYB,Gridley,Gridley,KS
GRZ,Griffin,Griffin,GA
GFF,Griffin,Griffin,IN
GFI,Griffin,Griffin,TX
GYT,Griffith,Griffith,AZ
GYF,Griffith,Griffith,IN
G5P,Griffith Park,Griffith Park,CA
G2F,Grifton,Grifton,NC
GGF,Griggsville,Griggsville,IL
QR5,Grimes,Grimes,CA
GJM,Grimes,Grimes,IA
GIW,Grinnell,Grinnell,IA
G77,Griswold,Griswold,CT
GZD,Griswold,Griswold,IA
GSV,Griswoldville,Griswoldville,MA
GB3,Groesbeck,Groesbeck,TX
ZGP,Grosse Ile,Grosse Ile,MI
GPW,Grosse Point Woods,Grosse Point Woods,MI
GSS,Grosse Pointe,Grosse Pointe,MI
GPF,Grosse Ponte Farms,Grosse Ponte Farms,MI
ZGO,Groton,Groton,CT
GOT,Groton,Groton,MA
GZT,Groton,Groton,NH
GTQ,Groton,Groton,NY
GOO,Groton,Groton,SD
N5G,Groton,Groton,VT
GON,Groton-New London Apt,Groton-New London Apt,CT
GOW,Grottoes,Grottoes,VA
GFQ,Grove,Grove,OK
VFC,Grove City,Grove City,MN
JGC,Grove City,Grove City,OH
GRO,Grove City,Grove City,PA
GVH,Grove Hill,Grove Hill,AL
GVD,Groveland,Groveland,FL
GVO,Groveland,Groveland,MA
GVP,Groveport,Groveport,OH
OVK,Grover,Grover,CO
GQV,Grover,Grover,MO
GOF,Grover,Grover,NC
GVB,Grover Beach,Grover Beach,CA
YGS,Groves,Groves,TX
GRT,Groveton,Groveton,NH
GTG,Grovetown,Grovetown,GA
GDU,Grundy,Grundy,VA
GRU,Grundy Center,Grundy Center,IA
GU9,Guadalupe,Guadalupe,CA
GUJ,Guerneville,Guerneville,CA
GUN,Guernsey,Guernsey,WY
GU3,Gueydan,Gueydan,LA
GUD,Guild,Guild,NH
GIG,Guild,Guild,TN
GL3,Guilderland,Guilderland,NY
GUW,Guilderland Center,Guilderland Center,NY
GDJ,Guildhall,Guildhall,VT
G5L,Guild's Lake,Guild's Lake,OR
GF3,Guilford,Guilford,CT
JGU,Guilford,Guilford,IN
GUL,Guilford,Guilford,ME
GWU,Guin,Guin,AL
GUB,Guion,Guion,AR
GBZ,Gulf Breeze,Gulf Breeze,FL
GUF,Gulf Shores,Gulf Shores,AL
GUM,Gulfmex Lightering Area,Gulfmex Lightering Area,
GFP,Gulfport,Gulfport,FL
GPT,Gulfport,Gulfport,MS
GKN,Gulkana,Gulkana,AK
GUV,Gulliver,Gulliver,MI
GS4,Gum Spring,Gum Spring,VA
GU6,Gun Barrel City,Gun Barrel City,TX
GUC,Gunnison,Gunnison,CO
GX4,Gunter,Gunter,TX
GUE,Guntersville,Guntersville,AL
GTO,Guntown,Guntown,MS
GUO,Gurdon,Gurdon,AR
GY4,Gurley,Gurley,AL
RLY,Gurley,Gurley,NE
GUR,Gurnee,Gurnee,IL
GST,Gustavus,Gustavus,AK
GUT,Gustine,Gustine,CA
GU4,Gustine,Gustine,TX
GUH,Guthrie,Guthrie,KY
GOK,Guthrie,Guthrie,OK
GT6,Guttenberg,Guttenberg,IA
GUG,Guttenberg,Guttenberg,NJ
G8Y,Guy,Guy,AR
GUY,Guymon,Guymon,OK
GQM,Guys Mills,Guys Mills,PA
3GW,Gwinn,Gwinn,MI
GWI,Gwinner,Gwinner,ND
GW2,Gwinnett,Gwinnett,ID
GWY,Gwynedd,Gwynedd,PA
G8K,Gwynn Oak,Gwynn Oak,MD
GM2,Gypsum,Gypsum,CO
6GS,Gypsum,Gypsum,KS
GPU,Gypsum,Gypsum,OH
HHE,Hacienda Heights,Hacienda Heights,CA
KBR,Hackberry,Hackberry,LA
HS2,Hackensack,Hackensack,MN
HCK,Hackensack,Hackensack,NJ
KTJ,Hackett,Hackett,AR
HCT,Hackettstown,Hackettstown,NJ
HB2,Hackleburg,Hackleburg,AL
DDM,Haddam,Haddam,CT
HDK,Haddock,Haddock,GA
HH9,Haddon Heights,Haddon Heights,NJ
HFL,Haddonfield,Haddonfield,NJ
VHS,Hadensville,Hadensville,VA
HDJ,Hadley,Hadley,MA
HDY,Hadley,Hadley,PA
HQG,Hagaman,Hagaman,NY
H4S,Hagar Shores,Hagar Shores,MI
XGC,Hager City,Hager City,WI
HH2,Hagerhill,Hagerhill,KY
VHG,Hagerman,Hagerman,NM
HWN,Hagerstown,Hagerstown,IN
HGR,Hagerstown,Hagerstown,MD
XGF,Hahira,Hahira,GA
HAH,Hahnville,Hahnville,LA
HXK,Haiku,Haiku,HI
IKY,Hailey,Hailey,ID
SUN,Hailey-Sun Valley Apt,Hailey-Sun Valley Apt,ID
HLV,Haileyville,Haileyville,OK
HNS,Haines,Haines,AK
HCF,Haines City,Haines City,FL
HNR,Hainesport,Hainesport,NJ
HJU,Halbur,Halbur,IA
TKC,Halcott Center,Halcott Center,NY
HLD,Haledon,Haledon,NJ
HA7,Haleiwa,Haleiwa,HI
HZR,Hales Corners,Hales Corners,WI
HPH,Halethorpe,Halethorpe,MD
HLY,Haleyville,Haleyville,AL
HAF,Half Moon Bay,Half Moon Bay,CA
ZHF,Half Way,Half Way,MO
H5W,Half Way,Half Way,WV
HFQ,Halfmoon,Halfmoon,NY
HFX,Halifax,Halifax,MA
IFX,Halifax,Halifax,NC
YHX,Halifax,Halifax,PA
HIX,Halifax,Halifax,VA
H4L,Hall,Hall,NY
HAL,Hallandale,Hallandale,FL
HV8,Hallettsville,Hallettsville,TX
H3T,Hallock,Hallock,MN
HWF,Hallowell,Hallowell,KS
H8W,Hallowell,Hallowell,ME
HLJ,Halls,Halls,TN
HS6,Hallstead,Hallstead,PA
HJV,Hallsville,Hallsville,TX
HN4,Halltown,Halltown,WV
3HW,Hallwood,Hallwood,VA
HZO,Halsey,Halsey,OR
AH7,Halstead,Halstead,KS
HCY,Haltom City,Haltom City,TX
H7K,Ham Lake,Ham Lake,MN
HEG,Hamberg,Hamberg,ND
ZDT,Hamburg,Hamburg,AR
HBQ,Hamburg,Hamburg,IA
HXV,Hamburg,Hamburg,MI
U98,Hamburg,Hamburg,MN
HAM,Hamburg,Hamburg,NJ
HG7,Hamburg,Hamburg,NY
H9G,Hamburg,Hamburg,NY
ZH8,Hamburg,Hamburg,OR
HMQ,Hamburg,Hamburg,PA
AEU,Hamden,Hamden,CT
NY3,Hamden,Hamden,NY
QHL,Hamel,Hamel,IL
NHE,Hamel,Hamel,MN
HMR,Hamer,Hamer,ID
HMK,Hamer,Hamer,SC
HVH,Hamersville,Hamersville,OH
HAB,Hamilton,Hamilton,AL
3GA,Hamilton,Hamilton,GA
ZDX,Hamilton,Hamilton,IL
HFN,Hamilton,Hamilton,IN
HM2,Hamilton,Hamilton,MI
XGM,Hamilton,Hamilton,MO
HMZ,Hamilton,Hamilton,MS
HLT,Hamilton,Hamilton,MT
HM7,Hamilton,Hamilton,NC
C4R,Hamilton,Hamilton,ND
HJK,Hamilton,Hamilton,NY
HAO,Hamilton,Hamilton,OH
HHM,Hamilton,Hamilton,TX
HT2,Hamilton,Hamilton,VA
2HA,Hamilton,Hamilton,WA
HAC,Hamilton City,Hamilton City,CA
HSQ,Hamilton Square,Hamilton Square,NJ
HMB,Hamilton Square,Hamilton Square,PA
HMG,"Hamilton, Monmouth","Hamilton, Monmouth",NJ
HJO,"Hamilton, Ocean","Hamilton, Ocean",NJ
H8M,Hamlet,Hamlet,IN
HML,Hamlet,Hamlet,NC
ZNY,Hamlin,Hamlin,NY
XGK,Hamlin,Hamlin,TX
HA6,Hammon,Hammon,OK
HM9,Hammond,Hammond,IL
HMN,Hammond,Hammond,IN
HLO,Hammond,Hammond,LA
HXB,Hammond,Hammond,OR
HMM,Hammond,Hammond,WI
HMP,Hammondsport,Hammondsport,NY
HMD,Hammondsville,Hammondsville,OH
XGL,Hammonton,Hammonton,NJ
6HD,Hampden,Hampden,MA
HA2,Hampden,Hampden,ME
HPS,Hampshire,Hampshire,IL
PHR,Hampshire,Hampshire,TN
HPD,Hampstead,Hampstead,MD
HP8,Hampstead,Hampstead,NC
5MP,Hampstead,Hampstead,NH
AHM,Hampton,Hampton,AL
HA4,Hampton,Hampton,AR
HPF,Hampton,Hampton,FL
HT3,Hampton,Hampton,GA
HPT,Hampton,Hampton,IA
HM6,Hampton,Hampton,MN
HAX,Hampton,Hampton,NH
GMP,Hampton,Hampton,NJ
UJS,Hampton,Hampton,SC
H2P,Hampton,Hampton,TN
HNV,Hampton,Hampton,VA
HXP,Hampton Falls,Hampton Falls,NH
HR3,Hampton Roads Pt,Hampton Roads Pt,VA
HFV,Hamptonville,Hamptonville,NC
PHF,Hampton-Williamsburg-Newport News Apt,Hampton-Williamsburg-Newport News Apt,VA
HHZ,Hamshire,Hamshire,NH
XGU,Hamtramck,Hamtramck,MI
HNM,Hana,Hana,HI
UJN,Hanahan,Hanahan,SC
PAK,Hanapepe,Hanapepe,HI
HCV,Hanceville,Hanceville,AL
H2N,Hancock,Hancock,MD
HNK,Hancock,Hancock,ME
CMX,Hancock,Hancock,MI
NOK,Hancock,Hancock,MN
8HA,Hancock,Hancock,NH
NCC,Hancock,Hancock,NY
QHC,Hancock,Hancock,VT
W7S,Hancock,Hancock,WI
H6B,Hancocks Bridge,Hancocks Bridge,NJ
HN2,Haney,Haney,TX
HNF,Hanford,Hanford,CA
HGK,Hanging Rock,Hanging Rock,OH
H8K,Hankamer,Hankamer,TX
HVE,Hanksville,Hanksville,UT
5HA,Hanlontown,Hanlontown,IA
HNX,Hanna,Hanna,WY
HNA,Hannah,Hannah,ND
HBL,Hannibal,Hannibal,MO
HBP,Hannibal,Hannibal,OH
QHV,Hanover,Hanover,IL
H2R,Hanover,Hanover,IN
HVQ,Hanover,Hanover,MA
HVM,Hanover,Hanover,MD
8HV,Hanover,Hanover,ME
HVX,Hanover,Hanover,MI
ZHV,Hanover,Hanover,NH
HAN,Hanover,Hanover,NJ
OVG,Hanover,Hanover,NM
HO5,Hanover,Hanover,PA
HVZ,Hanover,Hanover,VA
HPK,Hanover Park,Hanover Park,IL
ZVT,Hanover Township,Hanover Township,PA
HNP,"Hanover Township, Luzerne","Hanover Township, Luzerne",PA
LEB,Hanover-Lebanon-White River Apt,Hanover-Lebanon-White River Apt,NH
HNN,Hanoverton,Hanoverton,OH
YHN,Hanrahan,Hanrahan,NC
HBO,Hansboro,Hansboro,ND
HNI,Hansen,Hansen,ID
H5K,Hanska,Hanska,MN
HSK,Hanson,Hanson,KY
UJP,Hanson,Hanson,MA
HBC,Hanus Bay,Hanus Bay,AK
HPL,Hapeville,Hapeville,GA
IHC,Happy Camp,Happy Camp,CA
HQV,Happy Valley,Happy Valley,OR
HRJ,Harahan,Harahan,LA
HBD,Harbeson,Harbeson,DE
DHZ,Harbinger,Harbinger,NC
HOI,Harbor,Harbor,OR
HB4,Harbor Beach,Harbor Beach,MI
HRB,Harbor City,Harbor City,CA
HJS,Harbor Island,Harbor Island,TX
HS3,Harbor Springs,Harbor Springs,MI
RRZ,Harborcreek,Harborcreek,PA
HC8,Harcourt,Harcourt,IA
VWY,Hardaway,Hardaway,AL
HVJ,Hardeeville,Hardeeville,SC
4HD,Hardin,Hardin,IL
HRD,Hardin,Hardin,MT
HJX,Hardin,Hardin,TX
HDP,Harding,Harding,PA
HXG,Hardinsburg,Hardinsburg,KY
HWK,Hardwick,Hardwick,MA
5MN,Hardwick,Hardwick,MN
HJ7,Hardwick,Hardwick,NJ
AJ7,Hardwick,Hardwick,VT
KHY,Hardy,Hardy,AR
HCZ,Harford,Harford,NY
HRF,Harford,Harford,PA
HHG,Harker Heights,Harker Heights,TX
HYI,Harlan,Harlan,IA
VRL,Harlan,Harlan,IN
HR6,Harlan,Harlan,KY
HRE,Harlem,Harlem,GA
HVP,Harleysville,Harleysville,PA
ZDY,Harleyville,Harleyville,SC
HRL,Harlingen,Harlingen,TX
XUX,Harlowton,Harlowton,MT
HMA,Harmans,Harmans,MD
HVO,Harmon,Harmon,IL
HYQ,Harmon,Harmon,ND
9HY,Harmony,Harmony,ME
M5Y,Harmony,Harmony,MN
HMY,Harmony,Harmony,PA
HSC,Harmony,Harmony,SC
A8N,Harold,Harold,KY
HJR,Harold,Harold,SD
VRP,Harper,Harper,KS
G8D,Harper,Harper,TX
RPW,Harper Woods,Harper Woods,MI
RPF,Harpers Ferry,Harpers Ferry,IA
HFW,Harpers Ferry,Harpers Ferry,WV
HRP,Harpersfield,Harpersfield,OH
H8R,Harpersville,Harpersville,AL
HR9,Harpersville,Harpersville,VA
H88,Harpster,Harpster,OH
HP4,Harpswell Center,Harpswell Center,ME
HP2,Harpursville,Harpursville,NY
H6A,Harrah,Harrah,OK
HXH,Harrah,Harrah,WA
H2A,Harrells,Harrells,NC
HRI,Harriman,Harriman,NY
HYZ,Harriman,Harriman,TN
HRR,Harrington,Harrington,DE
HRG,Harrington,Harrington,ME
HGP,Harrington Park,Harrington Park,NJ
H9R,Harris,Harris,IA
MZ4,Harris,Harris,MN
JHR,Harris,Harris,MO
RZS,Harris,Harris,NC
H3A,Harrisburg,Harrisburg,AR
HSB,Harrisburg,Harrisburg,IL
4RG,Harrisburg,Harrisburg,MO
HSR,Harrisburg,Harrisburg,NC
HB3,Harrisburg,Harrisburg,OR
HAR,Harrisburg,Harrisburg,PA
HAU,Harrisburg,Harrisburg,SD
Z2D,Harrisburg,Harrisburg,VA
HRO,Harrison,Harrison,AR
H5R,Harrison,Harrison,GA
H3S,Harrison,Harrison,ID
H8A,Harrison,Harrison,ME
HIR,Harrison,Harrison,MI
HRN,Harrison,Harrison,NJ
ZHS,Harrison,Harrison,NY
ZRN,Harrison,Harrison,OH
6HP,Harrison,Harrison,PA
TS9,Harrison,Harrison,TN
IZC,Harrison City,Harrison City,PA
H7P,Harrison Township,Harrison Township,MI
HAJ,Harrisonburg,Harrisonburg,LA
HBV,Harrisonburg,Harrisonburg,VA
HMO,Harrisonville,Harrisonville,MO
HS9,Harristown,Harristown,IL
H3R,Harrisville,Harrisville,NH
HVU,Harrisville,Harrisville,OH
HWV,Harrisville,Harrisville,PA
HVL,Harrisville,Harrisville,RI
HVW,Harrisville,Harrisville,WV
H9D,Harrod,Harrod,OH
HBF,Harrodsburg,Harrodsburg,KY
2HR,Harrold,Harrold,SD
HRT,Hart,Hart,MI
TAR,Hart,Hart,TX
HF3,Hartford,Hartford,AL
H9F,Hartford,Hartford,AR
HFD,Hartford,Hartford,CT
HFI,Hartford,Hartford,IL
HTF,Hartford,Hartford,KY
HTT,Hartford,Hartford,MI
QHD,Hartford,Hartford,NY
ZYR,Hartford,Hartford,OH
HF4,Hartford,Hartford,SD
8HR,Hartford,Hartford,VT
HFO,Hartford,Hartford,WI
HFC,Hartford City,Hartford City,IN
TGD,Hartington,Hartington,NE
HAQ,Hartland,Hartland,ME
H7M,Hartland,Hartland,MI
HL2,Hartland,Hartland,MN
HTB,Hartland,Hartland,VT
HA9,Hartland,Hartland,WI
HTY,Hartley,Hartley,IA
HQY,Hartley,Hartley,TX
HA8,Hartly,Hartly,DE
H5N,Hartman,Hartman,AR
H4D,Hartsdale,Hartsdale,IN
HAS,Hartsdale,Hartsdale,NY
HE3,Hartsel,Hartsel,CO
HTE,Hartselle,Hartselle,AL
YHT,Hartshorne,Hartshorne,OK
HVS,Hartsville,Hartsville,SC
VHL,Hartsville,Hartsville,TN
HVI,Hartville,Hartville,OH
HTM,Hartwell,Hartwell,GA
HRU,Harvard,Harvard,IL
HV5,Harvard,Harvard,MA
HV4,Harvey,Harvey,IA
HRY,Harvey,Harvey,IL
HMJ,Harvey,Harvey,LA
VEY,Harvey,Harvey,ND
HC3,Harvey Cedars,Harvey Cedars,NJ
H5L,Harveys Lake,Harveys Lake,PA
9HV,Harveysburg,Harveysburg,OH
G4W,Harviell,Harviell,MO
HW3,Harwich,Harwich,MA
ICP,Harwick,Harwick,PA
ZHW,Harwood,Harwood,MD
AWQ,Harwood,Harwood,MO
HKW,Harwood,Harwood,TX
HHT,Harwood Heights,Harwood Heights,IL
ZHU,Hasbrouck Heights,Hasbrouck Heights,NJ
HKU,Haskell,Haskell,AR
QHJ,Haskell,Haskell,NJ
HAG,Haskell,Haskell,OK
HQL,Haskell,Haskell,TX
HKI,Haskins,Haskins,OH
HXC,Haslet,Haslet,TX
HA5,Haslett,Haslett,MI
TGS,Hastings,Hastings,FL
HG2,Hastings,Hastings,MI
XGR,Hastings,Hastings,MN
HSI,Hastings,Hastings,NE
HOX,Hastings-on-Hudson,Hastings-on-Hudson,NY
HTP,Hatboro,Hatboro,PA
YHH,Hatch,Hatch,NM
HFE,Hatfield,Hatfield,AR
TFL,Hatfield,Hatfield,MA
HAT,"Hatfield, Montgomery","Hatfield, Montgomery",PA
HNC,Hatteras,Hatteras,NC
HBG,Hattiesburg,Hattiesburg,MS
QHA,Hatton,Hatton,ND
UGQ,Haugen,Haugen,WI
HGO,Haughton,Haughton,LA
HAP,Hauppauge,Hauppauge,NY
ZUE,Hauser,Hauser,ID
H7L,Hauula,Hauula,HI
HVK,Havana,Havana,AR
HV3,Havana,Havana,FL
HVV,Havana,Havana,IL
HAE,Havasupai,Havasupai,AZ
HL5,Havelock,Havelock,NC
HV9,Havelock,Havelock,VA
AE6,Haven,Haven,KS
VFD,Haverford,Haverford,PA
HAV,Haverhill,Haverhill,MA
VVH,Haverhill,Haverhill,NH
HHO,Haverhill,Haverhill,OH
HVT,Haverstraw,Haverstraw,NY
HAA,Havertown,Havertown,PA
YHA,Haviland,Haviland,OH
HVR,Havre,Havre,MT
HDC,Havre de Grace,Havre de Grace,MD
HRX,Haw River,Haw River,NC
HGN,Hawaiian Gardens,Hawaiian Gardens,CA
XGX,Hawarden,Hawarden,IA
HZZ,Hawesville,Hawesville,KY
HWI,Hawk Inlet,Hawk Inlet,AK
HWT,Hawkins,Hawkins,TX
HWZ,Hawkins,Hawkins,WI
HAZ,Hawkinsville,Hawkinsville,GA
XGY,Hawley,Hawley,MN
AWL,Hawley,Hawley,PA
H3W,Haworth,Haworth,NJ
YHW,Hawthorn,Hawthorn,PA
HHR,Hawthorne,Hawthorne,CA
XVB,Hawthorne,Hawthorne,FL
HTI,Hawthorne,Hawthorne,NJ
HTH,Hawthorne,Hawthorne,NV
HAW,Hawthorne,Hawthorne,NY
HX9,Haxtun,Haxtun,CO
HAY,Haycock,Haycock,AK
HY6,Hayden,Hayden,AL
HY2,Hayden,Hayden,AZ
HDN,Hayden,Hayden,CO
YFN,Hayden,Hayden,ID
HYB,Hayden Lake,Hayden Lake,ID
YDF,Haydenville,Haydenville,MA
QHY,Haydenville,Haydenville,OH
FQH,Hayes,Hayes,SD
HYX,Hayes,Hayes,VA
HYV,Hayesville,Hayesville,NC
HZX,Hayfield,Hayfield,MN
H3Y,Hayfork,Hayfork,CA
HY8,Haymarket,Haymarket,VA
XHA,Haynesville,Haynesville,LA
HYN,Haynesville,Haynesville,OH
YNQ,Hayneville,Hayneville,AL
HYS,Hays,Hays,KS
HZY,Haysville,Haysville,KS
YIA,Hayti,Hayti,MO
HWD,Hayward,Hayward,CA
HWM,Hayward,Hayward,MO
HYR,Hayward,Hayward,WI
UJL,Hazard,Hazard,KY
HZ2,Hazel,Hazel,KY
HZS,Hazel Crest,Hazel Crest,IL
HQZ,Hazel Dell,Hazel Dell,WA
H3G,Hazel Green,Hazel Green,AL
AZE,Hazel Green,Hazel Green,KY
HZP,Hazel Park,Hazel Park,MI
HZ9,Hazelhurst,Hazelhurst,WI
HZT,Hazelton,Hazelton,ID
ZD2,Hazelton Mills,Hazelton Mills,PA
HZW,Hazelwood,Hazelwood,MO
HZD,Hazelwood,Hazelwood,NC
HZC,Hazen,Hazen,ND
HZK,Hazen,Hazen,NV
ZES,Hazle Township,Hazle Township,PA
HZH,Hazlehurst,Hazlehurst,GA
HZU,Hazlehurst,Hazlehurst,MS
HZE,Hazlet,Hazlet,NJ
HZL,Hazleton,Hazleton,PA
HLE,Headland,Headland,AL
HLA,Healdsburg,Healdsburg,CA
HAD,Healdton,Healdton,OK
HLZ,Healy,Healy,AK
LY5,Healy,Healy,KS
HKB,Healy Lake,Healy Lake,AK
HEA,Hearne,Hearne,TX
HS4,Heaters,Heaters,WV
6HA,Heath,Heath,MA
XGT,Heath,Heath,OH
HE4,Heath,Heath,TX
THG,Heath Springs,Heath Springs,SC
HHW,Heathrow,Heathrow,FL
HHV,Heathsville,Heathsville,VA
H4R,Heavener,Heavener,OK
HBJ,Hebbronville,Hebbronville,TX
ZD3,Heber,Heber,CA
HC2,Heber City,Heber City,UT
HBS,Heber Springs,Heber Springs,AR
HB9,Hebert,Hebert,TX
QKX,Hebron,Hebron,CT
HEO,Hebron,Hebron,IL
HBW,Hebron,Hebron,IN
HBN,Hebron,Hebron,KY
KHN,Hebron,Hebron,MD
8HE,Hebron,Hebron,ME
HN3,Hebron,Hebron,ND
YHR,Hebron,Hebron,NE
HZQ,Hebron,Hebron,NY
HEB,Hebron,Hebron,OH
HR4,Hector,Hector,NY
KHG,Hedgesville,Hedgesville,WV
HEF,Heflin,Heflin,AL
HG3,Hegins,Hegins,PA
HDQ,Heidelberg,Heidelberg,PA
HBZ,Heidlersburg,Heidlersburg,PA
ZEH,Helen,Helen,GA
HZV,Helena,Helena,AL
HEE,Helena,Helena,AR
HLN,Helena,Helena,MT
HZN,Helena,Helena,OK
XHD,Helendale,Helendale,CA
HWU,Helenwood,Helenwood,TN
HEL,Hellertown,Hellertown,PA
HEU,Helm,Helm,CA
2HE,Helmsburg,Helmsburg,IN
EJV,Helmville,Helmville,MT
HOQ,Helotes,Helotes,TX
8LT,Heltonville,Heltonville,IN
HMT,Hemet,Hemet,CA
HWY,Hemingway,Hemingway,SC
HEM,Hemlock,Hemlock,MI
H3P,Hemphill Texas,Hemphill Texas,TX
HEP,Hempstead,Hempstead,NY
HEX,Hempstead,Hempstead,TX
HD3,Hemstead,Hemstead,TX
HNQ,Henagar,Henagar,AL
HDO,Henderson,Henderson,CO
HD7,Henderson,Henderson,IN
XGD,Henderson,Henderson,KY
H2D,Henderson,Henderson,MD
H99,Henderson,Henderson,MN
HEN,Henderson,Henderson,NC
HXR,Henderson,Henderson,NE
HNZ,Henderson,Henderson,NV
NDS,Henderson,Henderson,NY
HDT,Henderson,Henderson,TN
HXN,Henderson,Henderson,TX
HEV,Hendersonville,Hendersonville,NC
HDV,Hendersonville,Hendersonville,TN
UTF,Henefer,Henefer,UT
NNP,Hennepin,Hennepin,IL
HY7,Hennessey,Hennessey,OK
HY5,Hennessy,Hennessy,OH
HKR,Henniker,Henniker,NH
HN6,Henning,Henning,IL
HN5,Henning,Henning,MN
HNJ,Henning,Henning,TN
IUO,Henrico,Henrico,VA
HT9,Henrietta,Henrietta,MO
HT8,Henrietta,Henrietta,NY
HTX,Henrietta,Henrietta,TX
HYY,Henry,Henry,IL
HEY,Henry,Henry,TN
HR8,Henry,Henry,VA
HYO,Henryetta,Henryetta,OK
HY9,Henryton,Henryton,MD
YVH,Henryville,Henryville,IN
HZI,Hephzibah,Hephzibah,GA
HZB,Hepzibah,Hepzibah,WV
DF4,Herbertsville,Herbertsville,NJ
HM4,Herculaneum,Herculaneum,MO
HXU,Hercules,Hercules,CA
HFR,Hereford,Hereford,TX
HED,Herendeen,Herendeen,AK
HKM,Herkimer,Herkimer,KS
HHY,Herkimer,Herkimer,NY
AHC,Herlong,Herlong,CA
RMA,Hermann,Hermann,MO
HT4,Hermantown,Hermantown,MN
HES,Hermiston,Hermiston,OR
267,Hermitage,Hermitage,AR
HGX,Hermitage,Hermitage,PA
HRA,Hermitage,Hermitage,TN
MRO,Hermon,Hermon,ME
HEC,Hermosa Beach,Hermosa Beach,CA
HEJ,Hernando,Hernando,FL
HND,Hernando,Hernando,MS
HRV,Herndon,Herndon,VA
KHD,Herod,Herod,IL
QRN,Heron,Heron,MT
HE2,Herreid,Herreid,SD
ZQQ,Herriman,Herriman,UT
HER,Herrin,Herrin,IL
KHZ,Hershey,Hershey,NE
HEH,Hershey,Hershey,PA
HD4,Hertford,Hertford,NC
HQP,Hesperia,Hesperia,CA
HP6,Hesperus,Hesperus,CO
ZD4,Hessmer,Hessmer,LA
HET,Hesston,Hesston,KS
HQ9,Hestand,Hestand,KY
HK9,Hettick,Hettick,IL
H2T,Hettinger,Hettinger,ND
VLT,Heuvelton,Heuvelton,NY
HWQ,Hewitt,Hewitt,MN
HXI,Hewitt,Hewitt,TX
HWX,Hewlett,Hewlett,NY
YHB,Heyburn,Heyburn,ID
HYW,Heyworth,Heyworth,IL
HLF,Hialeah,Hialeah,FL
HGF,Hialeah Gardens,Hialeah Gardens,FL
HW5,Hiawatha,Hiawatha,IA
HW4,Hiawatha,Hiawatha,KS
IBB,Hibbing,Hibbing,MN
HIB,Hibbing-Chisholm Apt,Hibbing-Chisholm Apt,MN
IBS,Hibbs,Hibbs,PA
HFB,Hibernia,Hibernia,NJ
H4M,Hickam AFB,Hickam AFB,HI
HC7,Hickman,Hickman,CA
HM3,Hickman,Hickman,KY
HKK,Hickok,Hickok,KS
HIY,Hickory,Hickory,KY
HK7,Hickory,Hickory,MS
HKY,Hickory,Hickory,NC
HK2,Hickory,Hickory,PA
IYO,Hickory Corners,Hickory Corners,MI
HCO,Hickory Creek,Hickory Creek,TX
YHI,"Hickory Flat, Benton","Hickory Flat, Benton",MS
HYF,"Hickory Flat, Chicasaw","Hickory Flat, Chicasaw",MS
HKG,"Hickory Grove, York","Hickory Grove, York",SC
HHC,"Hickory Hills, Cook","Hickory Hills, Cook",IL
UJM,Hicksville,Hicksville,NY
PK5,Hicksville,Hicksville,OH
HC6,Hico,Hico,TX
9HI,Hico,Hico,WV
HI8,Hidalgo,Hidalgo,IL
HID,Hidalgo,Hidalgo,TX
HDA,Hidden Falls,Hidden Falls,AK
IL4,Hidden Hills,Hidden Hills,CA
ZAX,Hidden Valley,Hidden Valley,PA
HDD,Hiddenite,Hiddenite,NC
XGH,Higbee,Higbee,MO
HIG,Higganum,Higganum,CT
QGS,Higgins Lake,Higgins Lake,MI
HGV,Higginsville,Higginsville,MO
H9B,High Bridge,High Bridge,NJ
IHF,High Falls,High Falls,NY
IHH,High Hill,High Hill,MO
HPZ,High Point,High Point,NC
GSO,High Point-Greensboro Apt,High Point-Greensboro Apt,NC
HRQ,High Ridge,High Ridge,MO
HSS,High Springs,High Springs,FL
HIW,High View,High View,WV
XGE,Highgate Center,Highgate Center,VT
HIS,Highgate Springs,Highgate Springs,VT
HQF,Highgrove,Highgrove,CA
H9H,Highland,Highland,AR
HIQ,Highland,Highland,CA
HGL,Highland,Highland,IL
HIJ,Highland,Highland,IN
FJF,Highland,Highland,KS
HGY,Highland,Highland,MD
HL3,Highland,Highland,MI
HIH,Highland,Highland,NY
UT4,Highland,Highland,UT
HIC,Highland City,Highland City,FL
HF2,Highland Falls,Highland Falls,NY
HIK,Highland Heights,Highland Heights,OH
HH3,Highland Home,Highland Home,AL
HI7,Highland Mills,Highland Mills,NY
HGH,Highland Park,Highland Park,CA
HIA,Highland Park,Highland Park,IL
HIP,Highland Park,Highland Park,MI
HVG,Highland Village,Highland Village,TX
HL7,"Highland, Dallas","Highland, Dallas",TX
HHN,"Highland, Osceola","Highland, Osceola",MI
ZHH,Highlands,Highlands,NC
HGS,Highlands,Highlands,NJ
HIN,Highlands,Highlands,TX
HQW,Highlands,Highlands,WA
HRZ,Highlands Ranch,Highlands Ranch,CO
QGW,Highlandtown,Highlandtown,MD
FXH,Highlandville,Highlandville,MO
8HM,Highmore,Highmore,SD
HIT,Highpoint,Highpoint,OH
HGI,Highspire,Highspire,PA
UJT,Hightstown,Hightstown,NJ
HQH,Highway Highlands,Highway Highlands,CA
HH8,Highwood,Highwood,IL
HGE,Higley,Higley,AZ
HBB,Hilbert,Hilbert,WI
HKD,Hildale,Hildale,UT
HDR,Hildebran,Hildebran,NC
HR5,Hilger,Hilger,MT
8HI,Hill,Hill,NH
HIF,Hill Air Force Base,Hill Air Force Base,UT
HLC,Hill City,Hill City,KS
IIY,Hill City,Hill City,MN
HCI,Hill City,Hill City,SD
HBM,Hillburn,Hillburn,NY
HDF,Hilliard,Hilliard,FL
HJL,Hilliard,Hilliard,OH
IIT,Hillister,Hillister,TX
HJN,Hillman,Hillman,MI
HIL,Hills,Hills,IA
HJI,Hills,Hills,MN
HJW,Hillsboro,Hillsboro,IN
HB7,Hillsboro,Hillsboro,KS
HI4,Hillsboro,Hillsboro,MO
H8S,Hillsboro,Hillsboro,ND
QHI,Hillsboro,Hillsboro,NH
HIO,Hillsboro,Hillsboro,OR
HB5,Hillsboro,Hillsboro,TN
HLL,Hillsboro,Hillsboro,TX
6LB,Hillsboro,Hillsboro,VA
ZH3,Hillsboro,Hillsboro,WI
IQB,Hillsboro,Hillsboro,WV
HHJ,Hillsboro Beach,Hillsboro Beach,FL
OOH,"Hillsboro, Lawrence","Hillsboro, Lawrence",AL
OOB,"Hillsboro, Madison","Hillsboro, Madison",AL
HHX,"Hillsboro, Ohio","Hillsboro, Ohio",OH
HQB,Hillsborough,Hillsborough,CA
HSG,Hillsborough,Hillsborough,NC
HSU,Hillsborough,Hillsborough,NJ
KHI,Hillsdale,Hillsdale,IL
HD5,Hillsdale,Hillsdale,IN
HAK,Hillsdale,Hillsdale,IN
LSD,Hillsdale,Hillsdale,KS
HSE,Hillsdale,Hillsdale,MI
IDU,Hillsdale,Hillsdale,NJ
9NY,Hillsdale,Hillsdale,NY
HSD,Hillside,Hillside,CO
UJO,Hillside,Hillside,IL
HLS,Hillside,Hillside,NJ
HIV,Hillsville,Hillsville,VA
VIW,Hillview,Hillview,KY
H9Y,Hillyard,Hillyard,WA
ZHM,Hilmar,Hilmar,CA
ITO,Hilo,Hilo,HI
TLQ,Hilton,Hilton,NY
HHH,Hilton Head Island,Hilton Head Island,SC
OHD,Himrod,Himrod,NY
4HN,Hinckley,Hinckley,IL
HKL,Hinckley,Hinckley,ME
HIZ,Hinckley,Hinckley,OH
IXM,Hindman,Hindman,KY
HKV,Hindsville,Hindsville,AR
2HM,Hines,Hines,MN
HIU,Hinesburg,Hinesburg,VT
LIY,Hinesville,Hinesville,GA
HGM,Hingham,Hingham,MA
HGG,Hingham,Hingham,MT
H2G,Hingham,Hingham,WI
XGI,Hinkle,Hinkle,OR
HLH,Hinkley,Hinkley,CA
HSA,Hinsdale,Hinsdale,IL
6DH,Hinsdale,Hinsdale,MA
HDL,Hinsdale,Hinsdale,NH
9HT,Hinton,Hinton,IA
HTA,Hinton,Hinton,OK
HTN,Hinton,Hinton,VA
HI2,Hinton,Hinton,WV
HR7,Hiram,Hiram,GA
8MH,Hiram,Hiram,ME
HR2,Hiram,Hiram,OH
IOK,Hitchcock,Hitchcock,SD
HI6,Hitchcock,Hitchcock,TX
KYH,Hitchins,Hitchins,KY
HWS,Hiwassee,Hiwassee,VA
H9X,Hixon,Hixon,TN
HXS,Hixson,Hixson,TN
IXT,Hixton,Hixton,WI
HL4,Hoagland,Hoagland,IN
HBA,Hobart,Hobart,IN
HBR,Hobart,Hobart,OK
QOB,Hobart,Hobart,WI
HBH,Hobart Bay,Hobart Bay,AK
IHB,Hobbs,Hobbs,IN
HOB,Hobbs,Hobbs,NM
OVQ,Hobbsville,Hobbsville,NC
HBE,Hobe Sound,Hobe Sound,FL
2GD,Hobgood,Hobgood,NC
OBP,Hoboken,Hoboken,GA
HBK,Hoboken,Hoboken,NJ
HCQ,Hochheim,Hochheim,TX
HCS,Hockessin,Hockessin,DE
YZE,Hockley,Hockley,TX
DGJ,Hodgdon,Hodgdon,ME
HG9,Hodge,Hodge,LA
HGQ,Hodgenville,Hodgenville,KY
HG5,Hodges,Hodges,AL
HDG,Hodges,Hodges,SC
HOK,Hodgkins,Hodgkins,IL
HFF,Hoffman,Hoffman,NC
HME,Hoffman Estates,Hoffman Estates,IL
HGB,Hogansburg,Hogansburg,NY
HGA,Hogansville,Hogansville,GA
HGZ,Hogatza,Hogatza,AK
HOH,Hohenwald,Hohenwald,TN
HHK,Ho-Ho-Kus,Ho-Ho-Kus,NJ
ZHT,Hoisington,Hoisington,KS
HO2,Hokah,Hokah,MN
H8F,Hokes Bluff,Hokes Bluff,AL
HB8,Holbrook,Holbrook,AZ
HRK,Holbrook,Holbrook,MA
ZHK,Holbrook,Holbrook,NY
HCM,Holcomb,Holcomb,IL
HLQ,Holcomb,Holcomb,KS
HYH,Holcomb,Holcomb,NY
HZM,Holcombe,Holcombe,WI
HQ3,Holden,Holden,LA
HQD,Holden,Holden,MA
8HD,Holden,Holden,ME
HD6,Holden,Holden,UT
HQO,Holden,Holden,WV
HB6,Holden Beach,Holden Beach,NC
HO4,Holdenville,Holdenville,OK
8HL,Holderness,Holderness,NH
HDE,Holdrege,Holdrege,NE
O2G,Holgate,Holgate,OH
YHF,Holiday,Holiday,FL
HDI,Holiday City,Holiday City,OH
H9I,Holiday Island,Holiday Island,AR
HOL,Holikachuk,Holikachuk,AK
H8D,Holladay,Holladay,TN
HD2,Holladay,Holladay,UT
HD8,Holland,Holland,IN
QQD,Holland,Holland,MA
HLM,Holland,Holland,MI
LQD,Holland,Holland,MO
XGJ,Holland,Holland,NY
HOO,Holland,Holland,OH
HLX,Holland,Holland,PA
WOL,Holland,Holland,WI
HL6,"Holland, Effingham","Holland, Effingham",IL
OAD,Hollandale,Hollandale,MS
NYH,Holley,Holley,NY
HDB,Hollidaysburg,Hollidaysburg,PA
HYL,Hollis,Hollis,AK
HO3,Hollis,Hollis,ME
HSH,Hollis,Hollis,NH
HLU,Hollis,Hollis,NY
HLI,Hollister,Hollister,CA
HXX,Hollister,Hollister,FL
HRM,Hollister,Hollister,MO
XGP,Holliston,Holliston,MA
OMN,Holloman Air Force Base,Holloman Air Force Base,NM
ZPP,Hollsopple,Hollsopple,PA
H2Y,Holly,Holly,CO
HOC,Holly,Holly,MI
HHL,Holly Hill,Holly Hill,FL
HHQ,Holly Hill,Holly Hill,SC
HLP,Holly Pond,Holly Pond,AL
OYR,Holly Ridge,Holly Ridge,LA
HOG,Holly Ridge,Holly Ridge,MS
OYG,Holly Ridge,Holly Ridge,NC
HS5,"Holly Springs, Carteret","Holly Springs, Carteret",NC
HS7,"Holly Springs, Marshall","Holly Springs, Marshall",MS
HWW,Hollywood,Hollywood,AL
HLW,Hollywood,Hollywood,CA
HWO,Hollywood,Hollywood,FL
IHW,Hollywood,Hollywood,MD
OYW,Hollywood,Hollywood,SC
HO8,Holman,Holman,NM
HDZ,Holmdel,Holmdel,NJ
HFM,Holmen,Holmen,WI
YHM,Holmes,Holmes,NY
VOE,Holmes,Holmes,PA
H9M,Holmes Mill,Holmes Mill,KY
ZHQ,Holmesville,Holmesville,NE
H2V,Holmesville,Holmesville,OH
HSN,Holstein,Holstein,IA
HYC,Holston,Holston,TN
OT8,Holt,Holt,CA
HT7,Holt,Holt,FL
HCN,Holt,Holt,MI
JHT,Holt,Holt,MO
HTJ,Holton,Holton,IN
HQT,Holton,Holton,KS
HOV,Holtsville,Holtsville,NY
H2O,Holtville,Holtville,CA
VHD,Holtwood,Holtwood,PA
HCR,Holy Cross,Holy Cross,AK
L63,Holy Cross,Holy Cross,IA
OYP,Holy Springs,Holy Springs,GA
HYK,Holyoke,Holyoke,CO
UJQ,Holyoke,Holyoke,MA
OJM,Home,Home,PA
HMI,Homedale,Homedale,ID
HHP,Homeland,Homeland,CA
HOM,Homer,Homer,AK
4GA,Homer,Homer,GA
HMH,Homer,Homer,LA
HOZ,Homer,Homer,MI
HOR,Homer,Homer,NY
QQR,Homer,Homer,OH
QHR,Homer City,Homer City,PA
AOF,Homer Glen,Homer Glen,IL
HMV,Homerville,Homerville,GA
HMS,Homeshore,Homeshore,AK
HST,Homestead,Homestead,FL
WQ3,Homestead,Homestead,PA
HT6,Hometown,Hometown,PA
HWA,Homewood,Homewood,AL
HFJ,Homewood,Homewood,CA
HMW,Homewood,Homewood,IL
HWH,Homeworth,Homeworth,OH
HMF,Homosassa,Homosassa,FL
4DJ,Hondo,Hondo,NM
XGN,Hondo,Hondo,TX
OEP,Honea Path,Honea Path,SC
OYE,Honeoye,Honeoye,NY
HFA,Honeoye Falls,Honeoye Falls,NY
HOD,Honesdale,Honesdale,PA
HNY,Honey Brook,Honey Brook,PA
HCE,Honey Creek,Honey Creek,WI
YOP,Honey Grove,Honey Grove,PA
YHQ,Honey Grove,Honey Grove,TX
HV6,Honeyville,Honeyville,UT
HNL,Honolulu,Honolulu,HI
KHO,Honor,Honor,MI
HJQ,Hood,Hood,CA
HDX,Hood River,Hood River,OR
9WA,Hoodsport,Hoodsport,WA
QHE,Hooker,Hooker,OK
HKZ,Hooks,Hooks,TX
KSH,Hooksett,Hooksett,NH
MKK,Hoolehua,Hoolehua,HI
HNH,Hoonah,Hoonah,AK
HPU,Hoopa,Hoopa,CA
HP7,Hooper,Hooper,CO
4OO,Hooper,Hooper,NE
HO7,Hooper,Hooper,UT
HPB,Hooper Bay,Hooper Bay,AK
HUP,Hoopeston,Hoopeston,IL
XGB,Hoosick Falls,Hoosick Falls,NY
HOF,Hoosierlift,Hoosierlift,IN
5HO,Hooven,Hooven,OH
HVA,Hoover,Hoover,AL
8HO,Hopatcong,Hopatcong,NJ
HPR,Hope,Hope,AR
HJP,Hope,Hope,ID
HPI,Hope,Hope,IN
5QB,Hope,Hope,KS
HP9,Hope,Hope,ME
HPJ,Hope,Hope,MI
ZHZ,Hope,Hope,MN
VOP,Hope,Hope,ND
H9E,Hope,Hope,NJ
9HP,Hope,Hope,RI
HP5,Hope,Hope,TX
HHU,Hope Hull,Hope Hull,AL
HXM,Hope Mills,Hope Mills,NC
HPV,Hope Valley,Hope Valley,RI
HPX,Hopedale,Hopedale,MA
HZJ,Hopelawn,Hopelawn,NJ
HEW,Hopewell,Hopewell,NJ
HPW,Hopewell,Hopewell,VA
HJ2,Hopewell Junction,Hopewell Junction,NY
OPO,Hopkins,Hopkins,MI
HPO,Hopkins,Hopkins,MN
KNC,Hopkins,Hopkins,SC
HOP,Hopkinsville,Hopkinsville,KY
QHK,Hopkinton,Hopkinton,IA
HKN,Hopkinton,Hopkinton,MA
H2K,Hopkinton,Hopkinton,NH
KK5,Hopkinton,Hopkinton,RI
YHD,Hopland,Hopland,CA
HQM,Hoquiam,Hoquiam,WA
HJZ,Horace,Horace,ND
HRW,Horicon,Horicon,WI
HXZ,Horizon City,Horizon City,TX
HQA,Horn Lake,Horn Lake,MS
HPM,Hornbrook,Hornbrook,CA
HNW,Hornell,Hornell,NY
9HR,Horner,Horner,WV
HO6,Hornsby,Hornsby,TN
9VH,Horse Cave,Horse Cave,KY
HRH,Horseheads,Horseheads,NY
HOS,Horseshoe,Horseshoe,NC
H5B,Horseshoe Bay,Horseshoe Bay,TX
HOA,Horsham,Horsham,PA
8GT,Horton,Horton,KS
HXT,Horton,Horton,MI
HTU,Horton,Horton,OH
H9T,Hortonia,Hortonia,VT
H7V,Hortonville,Hortonville,WI
HSX,Hoschton,Hoschton,GA
HS8,Hosford,Hosford,FL
HM5,Hosmer,Hosmer,SD
HSJ,Hospers,Hospers,IA
HOT,Hot Springs,Hot Springs,AR
H6S,Hot Springs,Hot Springs,NC
HP3,Hot Springs,Hot Springs,SD
HSP,Hot Springs,Hot Springs,VA
HPP,Hot Springs National Park,Hot Springs National Park,AR
HKT,Hotchkiss,Hotchkiss,CO
HQQ,Houghton,Houghton,IA
HTL,Houghton,Houghton,MI
HLK,Houghton Lake,Houghton Lake,MI
HKQ,Houlka,Houlka,MS
HUL,Houlton,Houlton,ME
OUZ,Houlton,Houlton,WI
HUM,Houma,Houma,LA
HUQ,Housatonic,Housatonic,MA
HU8,House Springs,House Springs,MO
HKA,Houston,Houston,AK
H5S,Houston,Houston,AL
ZD5,Houston,Houston,FL
M6N,Houston,Houston,MN
HQN,Houston,Houston,MO
HSM,Houston,Houston,MS
HUX,Houston,Houston,OH
HSO,Houston,Houston,PA
HUW,Houston,Houston,TN
HOU,Houston,Houston,TX
3HH,Houston Heights,Houston Heights,TX
7HV,Hoven,Hoven,SD
HXA,Howard,Howard,PA
HWR,Howard,Howard,SD
HXW,Howard,Howard,WI
XGO,Howard Beach/Queens/New York,Howard Beach/Queens/New York,NY
ZIT,Howard City,Howard City,MI
ZD6,Howard Lake,Howard Lake,MN
HOY,Howe,Howe,IN
HWB,Howe,Howe,OK
OWX,Howe,Howe,TX
HWL,Howell,Howell,MI
HOJ,Howell,Howell,NJ
NE7,Howells,Howells,NE
HWE,Howey In The Hills,Howey In The Hills,FL
HW6,Howland,Howland,ME
H4H,Howland Hook,Howland Hook,NJ
XVH,Hoxeyville,Hoxeyville,MI
HX2,Hoxie,Hoxie,AR
HXE,Hoxie,Hoxie,KS
H9K,Hoyt,Hoyt,KS
YKL,Hoyt Lakes,Hoyt Lakes,MN
XGA,Hubbard,Hubbard,OH
HBI,Hubbard,Hubbard,OR
YHS,Hubbardston,Hubbardston,MA
UDO,Hubbardston,Hubbardston,MI
HU5,Hubbardsville,Hubbardsville,NY
HBX,Hubbell,Hubbell,MI
HVB,Hubbell,Hubbell,NE
HUA,Huber,Huber,GA
QHT,Huber Heights,Huber Heights,OH
HFU,Hubert,Hubert,NC
HU4,Hubertus,Hubertus,WI
HDS,Hudson,Hudson,CO
HSF,Hudson,Hudson,FL
HJF,Hudson,Hudson,IA
HCU,Hudson,Hudson,IL
H8N,Hudson,Hudson,IN
HDM,Hudson,Hudson,MA
H8U,Hudson,Hudson,ME
H9N,Hudson,Hudson,MI
XGV,Hudson,Hudson,NC
HDU,Hudson,Hudson,NH
HCC,Hudson,Hudson,NY
HUO,Hudson,Hudson,OH
H4U,Hudson,Hudson,SD
HDW,Hudson,Hudson,WI
HFY,Hudson Falls,Hudson Falls,NY
HUV,Hudsonville,Hudsonville,MI
HOW,Hueytown,Hueytown,AL
HFZ,Huffman,Huffman,TX
QHG,Huger,Huger,SC
HUS,Hughes,Hughes,AK
HG4,Hughes,Hughes,AR
HPG,Hughes Springs,Hughes Springs,TX
H6H,Hughestown,Hughestown,PA
H3V,Hughesville,Hughesville,MI
H43,Hughesville,Hughesville,MO
HV2,Hughesville,Hughesville,PA
HSZ,Hughson,Hughson,CA
C3D,Hugo,Hugo,CO
HU9,Hugo,Hugo,MN
HUG,Hugo,Hugo,OK
UGT,Hugoton,Hugoton,KS
HGU,Huguenot,Huguenot,NY
HBT,Hulbert,Hulbert,OK
UEU,Hulett,Hulett,WY
UKL,Hull,Hull,GA
ULL,Hull,Hull,IA
H3M,Hull,Hull,MA
H9L,Hull,Hull,TX
H7W,Humbird,Humbird,WI
HMX,Humble,Humble,TX
ZD7,Humboldt,Humboldt,AZ
HUD,Humboldt,Humboldt,IA
HUE,Humboldt,Humboldt,KS
H7D,Humboldt,Humboldt,NE
HHB,Humboldt,Humboldt,TN
8HU,Hume,Hume,VA
2AP,Hummels Wharf,Hummels Wharf,PA
HWP,Hummelstown,Hummelstown,PA
HA3,Humnoke,Humnoke,AR
HU6,Humphrey,Humphrey,NE
H2H,Humphreys,Humphreys,MO
TPZ,Humptulips,Humptulips,WA
HXF,Hungerford,Hungerford,TX
KER,Hunker,Hunker,PA
HUU,Hunt,Hunt,TX
HVD,Hunt Valley,Hunt Valley,MD
H6R,Hunter,Hunter,NY
KHQ,Hunter,Hunter,NY
HC4,Hunters Creek,Hunters Creek,FL
XGS,Huntersville,Huntersville,NC
H3N,Huntertown,Huntertown,IN
HNB,Huntingburg,Huntingburg,IN
HTG,Huntingdon,Huntingdon,PA
HGD,Huntingdon,Huntingdon,TN
HVY,Huntingdon Valley,Huntingdon Valley,PA
UTU,Huntington,Huntington,CT
HUN,Huntington,Huntington,IN
TO8,Huntington,Huntington,MA
HUH,Huntington,Huntington,NY
UTG,Huntington,Huntington,TN
UTT,Huntington,Huntington,UT
HTZ,Huntington,Huntington,VA
7HU,Huntington,Huntington,VT
HNU,Huntington,Huntington,WV
HTD,Huntington Beach,Huntington Beach,CA
HNG,Huntington Park,Huntington Park,CA
ZHG,Huntington Station,Huntington Station,NY
HGW,Huntington Woods,Huntington Woods,MI
HTS,Huntington-Ashland Apt,Huntington-Ashland Apt,WV
HW8,Huntingtown,Huntingtown,MD
HTQ,Huntley,Huntley,IL
UEY,Huntley,Huntley,MT
UTY,Huntly,Huntly,VA
HUI,Hunts Point/Bronx/New York,Hunts Point/Bronx/New York,NY
HSV,Huntsville,Huntsville,AL
M7B,Huntsville,Huntsville,MO
HVF,Huntsville,Huntsville,OH
HNT,Huntsville,Huntsville,TN
HTV,Huntsville,Huntsville,TX
V8L,Huntsville,Huntsville,UT
HV7,Hurffville,Hurffville,NJ
HF8,Hurlburt Field,Hurlburt Field,FL
HU2,Hurley,Hurley,NM
HUZ,Hurley,Hurley,NY
HUY,Hurley,Hurley,WI
HUC,Hurlock,Hurlock,MD
HQR,Huron,Huron,CA
HN9,Huron,Huron,MO
HUB,Huron,Huron,OH
HON,Huron,Huron,SD
TNH,Huron,Huron,TN
HRC,Hurricane,Hurricane,UT
HU3,Hurricane,Hurricane,WV
HUR,Hurst,Hurst,TX
HUJ,Hurt,Hurt,VA
USO,Hurtsboro,Hurtsboro,AL
HSL,Huslia,Huslia,AK
ZJT,Hustisford,Hustisford,WI
HUK,Hustonville,Hustonville,KY
HTC,Hutchins,Hutchins,TX
HUT,Hutchinson,Hutchinson,AR
HTK,Hutchinson,Hutchinson,KS
HCH,Hutchinson,Hutchinson,MN
HT5,Hutto,Hutto,TX
HXO,Huxford,Huxford,AL
IHY,Huxley,Huxley,IA
HYA,Hyannis,Hyannis,MA
XGZ,Hyattsville,Hyattsville,MD
HYG,Hydaburg,Hydaburg,AK
HYD,Hyde,Hyde,PA
HPA,Hyde Park,Hyde Park,CA
HYE,Hyde Park,Hyde Park,MA
HEK,Hyde Park,Hyde Park,NY
PDK,Hyde Park,Hyde Park,PA
YDK,Hyde Park,Hyde Park,UT
YPK,Hyde Park,Hyde Park,VT
HYJ,Hyden,Hyden,KY
WHD,Hyder,Hyder,AK
YDH,Hydesville,Hydesville,CA
HYP,Hypoluxo,Hypoluxo,FL
HYU,Hyrum,Hyrum,UT
IBE,Iberia,Iberia,OH
ICQ,Icard,Icard,NC
ICY,Icy Bay,Icy Bay,AK
ID8,Ida,Ida,AR
IDG,Ida Grove,Ida Grove,IA
QIL,Idabel,Idabel,OK
IDX,Idaho City,Idaho City,ID
IDA,Idaho Falls,Idaho Falls,ID
IDH,Idaho Springs,Idaho Springs,CO
IL3,Idalia,Idalia,CO
2DU,Idalou,Idalou,TX
IHA,Idanha,Idanha,OR
IXD,Ider,Ider,AL
IDB,Idyllwild,Idyllwild,CA
IGG,Igiugig,Igiugig,AK
IGA,Ignacio,Ignacio,CO
IHX,Igo,Igo,CA
IJA,Ijamsville,Ijamsville,MD
ILI,Iliamna,Iliamna,AK
IOZ,Ilion,Ilion,NY
ZFT,Illinois City,Illinois City,IL
ILP,Illiopolis,Illiopolis,IL
IQL,Ilwaco,Ilwaco,WA
IM3,Imbler,Imbler,OR
IMH,Imboden,Imboden,AR
ILA,Imlay City,Imlay City,MI
IZL,Imler,Imler,PA
IMM,Immokalee,Immokalee,FL
IDO,Imperial,Imperial,CA
IMR,Imperial,Imperial,MO
IML,Imperial,Imperial,NE
IMP,Imperial,Imperial,PA
I4P,Imperial,Imperial,TX
NRS,Imperial Beach,Imperial Beach,CA
IVG,Incline Village,Incline Village,NV
INE,Independence,Independence,IA
IDP,Independence,Independence,KS
INP,Independence,Independence,KY
IPC,Independence,Independence,LA
IPM,Independence,Independence,MO
IPD,Independence,Independence,OH
IDE,Independence,Independence,OR
IDC,Independence,Independence,VA
IPZ,Independence Township,Independence Township,MI
I2D,Indiahoma,Indiahoma,OK
YIL,Indialantic,Indialantic,FL
ZD8,Indian Harbour Beach,Indian Harbour Beach,FL
ZD9,Indian Head,Indian Head,MD
7IL,Indian Lake,Indian Lake,NY
QVI,Indian Lake Estates,Indian Lake Estates,FL
IUF,Indian Land,Indian Land,SC
TGB,Indian Mills,Indian Mills,NJ
IO2,Indian Orchard,Indian Orchard,MA
IQV,Indian River,Indian River,MI
IR2,Indian River City,Indian River City,FL
8RB,Indian Rocks Beach,Indian Rocks Beach,FL
2IS,Indian Springs,Indian Springs,AL
INS,Indian Springs,Indian Springs,NV
ITR,Indian Trail,Indian Trail,NC
IDZ,Indian Wells,Indian Wells,CA
IDI,Indiana,Indiana,PA
IND,Indianapolis,Indianapolis,IN
ID4,Indianola,Indianola,CA
INI,Indianola,Indianola,FL
IAA,Indianola,Indianola,IA
I7D,Indianola,Indianola,IL
IDN,Indianola,Indianola,MS
IL9,Indianola,Indianola,PA
IDL,Indianola,Indianola,WA
IDT,Indiantown,Indiantown,FL
IOC,Indio,Indio,CA
IUY,Industry,Industry,CA
INU,Industry,Industry,PA
XZZ,Industry,Industry,TX
JG7,Ingalls,Ingalls,IN
JGA,Ingalls,Ingalls,MI
IJG,Inglefield,Inglefield,IN
IEG,Ingleside,Ingleside,IL
YIG,Ingleside,Ingleside,TX
9GN,Ingleside,Ingleside,VA
ING,Inglewood,Inglewood,CA
IG2,Inglis,Inglis,FL
ZFW,Ingram,Ingram,TX
ZIK,Inkom,Inkom,ID
IK2,Inkster,Inkster,MI
INM,Inman,Inman,SC
IO8,Inola,Inola,OK
INA,Institute,Institute,WV
IYG,Interbay,Interbay,WA
IEC,Intercession City,Intercession City,FL
IEK,Interlaken,Interlaken,NY
IN4,Interlochen,Interlochen,MI
INL,International Falls,International Falls,MN
IVV,Inver Grove Heights,Inver Grove Heights,MN
QIS,Inverness,Inverness,CA
VRE,Inverness,Inverness,FL
IVS,Inverness,Inverness,IL
IVR,Inverness,Inverness,MS
IV7,Inverness,Inverness,MT
IIN,Inwood,Inwood,IA
IQW,Inwood,Inwood,IN
INO,Inwood,Inwood,NY
IWV,Inwood,Inwood,WV
IYK,Inyokern,Inyokern,CA
IOL,Iola,Iola,KS
IO7,Iola,Iola,TX
ILF,Iola,Iola,WI
ION,Ione,Ione,CA
IOJ,Ione,Ione,WA
IA8,Ionia,Ionia,IA
IIO,Ionia,Ionia,MI
NA4,Ionia,Ionia,MI
IOQ,Iowa,Iowa,LA
IOW,Iowa City,Iowa City,IA
IFA,Iowa Falls,Iowa Falls,IA
IPK,Iowa Park,Iowa Park,TX
IPW,Ipswich,Ipswich,MA
ISC,Ipswich,Ipswich,SD
IQA,Ira,Ira,MI
IAV,Ira,Ira,TX
IRB,Iraan,Iraan,TX
IBR,Irasburg,Irasburg,VT
ZG6,Ireland,Ireland,IN
ITF,Ireton,Ireton,IA
IRM,Irmo,Irmo,SC
GA8,Iron City,Iron City,GA
IRY,Iron City,Iron City,TN
IRQ,Iron Junction,Iron Junction,MN
IMT,Iron Mountain,Iron Mountain,MI
QII,Iron Ridge,Iron Ridge,WI
IRW,Iron River,Iron River,MI
IIV,Iron River,Iron River,WI
IS2,Iron Station,Iron Station,NC
ZIR,Irondale,Irondale,AL
IRO,Irondale,Irondale,CO
I3D,Irondale,Irondale,MO
ID6,Irondale,Irondale,OH
DQ2,Irondequoit,Irondequoit,NY
IR6,Ironton,Ironton,MN
IRX,Ironton,Ironton,MO
IRN,Ironton,Ironton,OH
IWD,Ironwood,Ironwood,MI
IRR,Irrigon,Irrigon,OR
IVN,Irvine,Irvine,CA
IVK,Irvine,Irvine,KY
IVX,Irvine,Irvine,PA
IR5,Irving,Irving,MI
V9N,Irving,Irving,NY
IRV,Irving,Irving,PA
IRT,Irving,Irving,TX
IRZ,Irvington,Irvington,AL
IRG,Irvington,Irvington,CA
IRJ,Irvington,Irvington,NJ
IVT,Irvington,Irvington,NY
IR7,Irvington,Irvington,VA
IRF,Irvona,Irvona,PA
IPA,Irwin,Irwin,PA
IRD,Irwindale,Irwindale,CA
IR4,Irwinton,Irwinton,GA
78D,Isabel,Isabel,SD
ISL,Isabel Pass,Isabel Pass,AK
IB7,Isabella,Isabella,MN
ISI,Isanti,Isanti,MN
INJ,Iselin,Iselin,NJ
ISB,Ishpeming,Ishpeming,MI
ISR,Islamorada,Islamorada,FL
IFL,Island Falls,Island Falls,ME
I8L,Island Lake,Island Lake,IL
IAP,Island Park,Island Park,NY
DN6,Island Pond,Island Pond,VT
YIE,Islandia,Islandia,NY
IVA,Isle,Isle,MN
L3M,Isle la Motte,Isle la Motte,VT
IOP,Isle of Palms,Isle of Palms,SC
I9S,Islesboro,Islesboro,ME
IL8,Isleton,Isleton,CA
ISP,Islip,Islip,NY
IT2,Islip Terrace,Islip Terrace,NY
ISA,Isola,Isola,MS
IQH,Issaquah,Issaquah,WA
IAY,Italy,Italy,TX
ITS,Itasca,Itasca,IL
IT3,Itasca,Itasca,TX
ITA,Ithaca,Ithaca,MI
ITH,Ithaca,Ithaca,NY
IBA,Itta Bena,Itta Bena,MS
IUK,Iuka,Iuka,MS
IV2,Iva,Iva,SC
IVO,Ivanhoe,Ivanhoe,CA
7MN,Ivanhoe,Ivanhoe,MN
IV4,Ivanhoe,Ivanhoe,NC
KIB,Ivanof Bay,Ivanof Bay,AK
IV8,Ivel,Ivel,KY
VDE,Ivesdale,Ivesdale,IL
IV5,Ivins,Ivins,UT
IVH,Ivishak,Ivishak,AK
IV3,Ivory,Ivory,MO
IVF,Ivorydale,Ivorydale,OH
IYN,Ivoryton,Ivoryton,CT
IFY,Ivy,Ivy,VA
IVY,Ivyland,Ivyland,PA
IXN,Ixonia,Ixonia,WI
JCX,Jacinto City,Jacinto City,TX
JCK,Jack,Jack,AL
JAM,Jackman,Jackman,ME
KPT,Jackpot,Jackpot,NV
JQK,Jacksboro,Jacksboro,TN
JRO,Jacksboro,Jacksboro,TX
JKS,Jackson,Jackson,AL
JS2,Jackson,Jackson,CA
JKG,Jackson,Jackson,GA
JS3,Jackson,Jackson,KY
JKN,Jackson,Jackson,LA
JXN,Jackson,Jackson,MI
MJQ,Jackson,Jackson,MN
JAA,Jackson,Jackson,MO
JAN,Jackson,Jackson,MS
JAJ,Jackson,Jackson,MT
5KS,Jackson,Jackson,NH
NJJ,Jackson,Jackson,NJ
JAK,Jackson,Jackson,OH
JCS,Jackson,Jackson,PA
MKL,Jackson,Jackson,TN
JAW,Jackson,Jackson,WI
JAC,Jackson,Jackson,WY
JCR,Jackson Center,Jackson Center,OH
JKC,Jackson Center,Jackson Center,PA
JKH,Jackson Heights,Jackson Heights,NY
JS7,"Jackson, Aiken","Jackson, Aiken",SC
JAG,"Jackson, Georgetown","Jackson, Georgetown",SC
JKB,Jacksonboro,Jacksonboro,SC
JJH,Jacksontown,Jacksontown,OH
JAO,Jacksonville,Jacksonville,AL
LRF,Jacksonville,Jacksonville,AR
JAX,Jacksonville,Jacksonville,FL
IJX,Jacksonville,Jacksonville,IL
OAJ,Jacksonville,Jacksonville,NC
JQS,Jacksonville,Jacksonville,NJ
J3C,Jacksonville,Jacksonville,OR
JV2,Jacksonville,Jacksonville,TN
JKV,Jacksonville,Jacksonville,TX
JVB,Jacksonville Beach,Jacksonville Beach,FL
JKE,"Jacksonville, Telfair","Jacksonville, Telfair",GA
OWS,Jacobstown,Jacobstown,NJ
AFN,Jaffrey,Jaffrey,NH
JKF,Jakolof Bay,Jakolof Bay,AK
JJA,Jal,Jal,NM
JA2,Jamaica,Jamaica,VA
5MJ,Jamaica,Jamaica,VT
JP8,Jamaica Plain,Jamaica Plain,MA
UJV,Jamaica/Queens/New York,Jamaica/Queens/New York,NY
JXI,James Island,James Island,SC
JMB,Jamesburg,Jamesburg,NJ
JMP,Jamesport,Jamesport,MO
JPY,Jamesport,Jamesport,NY
JMW,Jamestown,Jamestown,CA
JSO,Jamestown,Jamestown,CO
JMT,Jamestown,Jamestown,KY
JAD,Jamestown,Jamestown,MI
JAT,Jamestown,Jamestown,NC
JMS,Jamestown,Jamestown,ND
JHW,Jamestown,Jamestown,NY
JWN,Jamestown,Jamestown,OH
JSW,Jamestown,Jamestown,RI
QJM,Jamestown,Jamestown,SC
TCW,Jamestown,Jamestown,TN
JQM,Jamestown /Boone,Jamestown /Boone,IN
JSN,"Jamestown, Cambria","Jamestown, Cambria",PA
4JM,Jamesville,Jamesville,NC
JVE,Jamesville,Jamesville,NY
JMV,Jamesville,Jamesville,VA
JAL,Jamul,Jamul,CA
JAE,Jane Lew,Jane Lew,WV
JAV,Janesville,Janesville,IA
JVV,Janesville,Janesville,IL
JSV,Janesville,Janesville,MN
JVL,Janesville,Janesville,WI
JRR,Jarrell,Jarrell,TX
JRV,Jarrettsville,Jarrettsville,MD
JSG,Jarvisburg,Jarvisburg,NC
JSJ,Jasonville,Jasonville,IN
JSP,Jasper,Jasper,AL
JPR,Jasper,Jasper,AR
JPZ,Jasper,Jasper,FL
ZJP,Jasper,Jasper,GA
JAP,Jasper,Jasper,IN
JAZ,Jasper,Jasper,MI
JPE,Jasper,Jasper,MO
JAB,Jasper,Jasper,OR
APT,Jasper,Jasper,TN
JAS,Jasper,Jasper,TX
JAF,Jay,Jay,FL
JAY,Jay,Jay,ME
JYO,Jay,Jay,OK
VJY,Jay,Jay,VT
JYK,Jayhawk,Jayhawk,CA
JGE,Jean,Jean,NV
JTE,Jeanerette,Jeanerette,LA
JEA,Jeannette,Jeannette,PA
JOD,Jeddo,Jeddo,MI
JFG,Jefferson,Jefferson,GA
EFW,Jefferson,Jefferson,IA
JFE,Jefferson,Jefferson,IN
JFF,Jefferson,Jefferson,LA
J8F,Jefferson,Jefferson,ME
JFL,Jefferson,Jefferson,MS
JFZ,Jefferson,Jefferson,NC
JRS,Jefferson,Jefferson,NH
JFA,Jefferson,Jefferson,NY
JFN,Jefferson,Jefferson,OH
WY3,Jefferson,Jefferson,OR
QJE,Jefferson,Jefferson,PA
JFR,Jefferson,Jefferson,SC
JT3,Jefferson,Jefferson,SD
JEO,Jefferson,Jefferson,TX
JFS,Jefferson,Jefferson,WI
JEF,Jefferson City,Jefferson City,MO
JCN,Jefferson City,Jefferson City,TN
JE2,Jefferson Hills,Jefferson Hills,PA
JED,Jefferson Island,Jefferson Island,LA
JFJ,Jefferson Junction,Jefferson Junction,WI
JF2,"Jefferson, Jackson","Jefferson, Jackson",GA
J2V,Jeffersonton,Jeffersonton,VA
JET,Jeffersontown,Jeffersontown,KY
JEV,Jeffersonville,Jeffersonville,GA
JFV,Jeffersonville,Jeffersonville,IN
ZJ9,Jeffersonville,Jeffersonville,KY
JEI,Jeffersonville,Jeffersonville,NY
JFO,Jeffersonville,Jeffersonville,OH
JEE,Jeffersonville,Jeffersonville,PA
JRL,Jeffersonville,Jeffersonville,VT
IKI,Jekyll Island,Jekyll Island,GA
JLC,Jellico,Jellico,TN
JZ2,Jemez Pueblo,Jemez Pueblo,NM
JEQ,Jemison,Jemison,AL
JNA,Jena,Jena,LA
JNS,Jenison,Jenison,MI
JK2,Jenkins,Jenkins,KY
JNK,Jenkins,Jenkins,MO
JHI,Jenkins Township,Jenkins Township,PA
Z2F,Jenkinsburg,Jenkinsburg,GA
JKL,Jenkinsville,Jenkinsville,SC
JKT,Jenkintown,Jenkintown,PA
JUK,Jenks,Jenks,OK
JN4,Jenner,Jenner,CA
JE3,Jennings,Jennings,FL
JEN,Jennings,Jennings,LA
JS9,Jennings,Jennings,MO
JBC,Jensen Beach,Jensen Beach,FL
JRI,Jericho,Jericho,NY
JRH,Jericho,Jericho,VT
JMY,Jermyn,Jermyn,PA
J23,Jerome,Jerome,AZ
JER,Jerome,Jerome,ID
JRM,Jerome,Jerome,IN
JOG,Jeromesville,Jeromesville,OH
JEC,Jersey City,Jersey City,NJ
ZJS,Jersey Shore,Jersey Shore,PA
YJY,Jerseyville,Jerseyville,IL
XHB,Jessup,Jessup,MD
JEP,Jessup,Jessup,PA
JES,Jesup,Jesup,GA
JSU,Jesup,Jesup,IA
JTV,Jetersville,Jetersville,VA
JEW,Jewell,Jewell,IA
JWL,Jewell,Jewell,KS
W9L,Jewell,Jewell,OH
JW3,Jewell,Jewell,OR
JTT,Jewett,Jewett,TX
JWT,Jewett City,Jewett City,CT
JIM,Jim Falls,Jim Falls,WI
JTP,Jim Thorpe,Jim Thorpe,PA
J6K,Jinks,Jinks,KY
JNB,Joanna,Joanna,SC
QJB,Jobstown,Jobstown,NJ
JLO,Joelton,Joelton,TN
JDA,John Day,John Day,OR
KDC,John F Kennedy Space Center/Cape Canaveral,John F Kennedy Space Center/Cape Canaveral,FL
JFK,John F. Kennedy Apt/New York,John F. Kennedy Apt/New York,NY
JC2,Johns Creek,Johns Creek,GA
JIS,Johns Island,Johns Island,SC
JBG,Johnsburg,Johnsburg,IL
JQB,Johnsburg,Johnsburg,NY
JOA,Johnson,Johnson,AR
JJO,Johnson,Johnson,KS
JNY,Johnson,Johnson,NY
9HJ,Johnson,Johnson,VT
JOY,Johnson City,Johnson City,NY
JOC,Johnson City,Johnson City,OR
JCI,Johnson City,Johnson City,TN
JCY,Johnson City,Johnson City,TX
BGM,Johnson City-Binghamton-Endicott Apt,Johnson City-Binghamton-Endicott Apt,NY
TRI,Johnson City-Kingsport-Bristol (Tri-Cities Regional) Apt,Johnson City-Kingsport-Bristol (Tri-Cities Regional) Apt,TN
XHC,Johnson Creek,Johnson Creek,WI
JO2,Johnsonburg,Johnsonburg,NJ
JHB,Johnsonburg,Johnsonburg,PA
JS8,Johnsonville,Johnsonville,IL
JHV,Johnsonville,Johnsonville,SC
JHS,Johnston,Johnston,IA
JHN,Johnston,Johnston,OH
JS4,Johnston,Johnston,PA
JOS,Johnston,Johnston,RI
JHE,Johnston,Johnston,SC
JZW,Johnstown,Johnstown,CO
JTW,Johnstown,Johnstown,NY
JOW,Johnstown,Johnstown,OH
JST,Johnstown,Johnstown,PA
JN8,Joiner,Joiner,AR
JOT,Joliet,Joliet,IL
JY2,Jolly,Jolly,TX
JV3,Jollyville,Jollyville,TX
HGT,Jolon,Jolon,CA
JO7,Jones,Jones,MI
JNE,Jones,Jones,OK
ZLL,Jones Mill,Jones Mill,AR
JBR,Jonesboro,Jonesboro,AR
JBO,Jonesboro,Jonesboro,GA
J8N,Jonesboro,Jonesboro,ME
JOO,Jonesboro,Jonesboro,TN
9JB,Jonesboro,Jonesboro,TX
JBZ,Jonesborough,Jonesborough,TN
ZF5,Jonesburg,Jonesburg,MO
JON,Jonesport,Jonesport,ME
JWM,Jonestown,Jonestown,MS
JNT,Jonestown,Jonestown,PA
JNN,Jonestown,Jonestown,TX
JEZ,Jonesville,Jonesville,IN
JLX,Jonesville,Jonesville,LA
JOE,Jonesville,Jonesville,MI
JOI,Jonesville,Jonesville,NC
JOL,Jonesville,Jonesville,SC
5VJ,Jonesville,Jonesville,VT
JLN,Joplin,Joplin,MO
JPA,Joppa,Joppa,IL
JOP,Joppa,Joppa,MD
J2O,Jordan,Jordan,AR
JDN,Jordan,Jordan,MT
JRD,Jordan,Jordan,NY
JN3,"Jordan, Scott","Jordan, Scott",MN
JPC,Joseph City,Joseph City,AZ
JTN,Josephtown,Josephtown,PA
JTX,Joshua,Joshua,TX
JTJ,Joshua Tree,Joshua Tree,CA
JSL,Joslin,Joslin,IL
JN2,Jourdanton,Jourdanton,TX
J9Z,Juárez,Juarez,TX
JUD,Juda,Juda,WI
JSA,Judsonia,Judsonia,AR
UL8,Julian,Julian,CA
JUL,Julian,Julian,NC
JUA,Julian,Julian,PA
JUQ,Julian,Julian,WV
JL2,Juliette,Juliette,GA
JCT,Junction,Junction,TX
JUT,Junction City,Junction City,CA
JNC,Junction City,Junction City,GA
JCC,Junction City,Junction City,KS
JUN,Junction City,Junction City,OR
JC4,Junction City,Junction City,WI
JUC,"Junction City, Perry","Junction City, Perry",OH
JNU,Juneau,Juneau,AK
UNU,Juneau,Juneau,WI
JB2,Juno Beach,Juno Beach,FL
JPT,Jupiter,Jupiter,FL
JYV,Jurupa Valley,Jurupa Valley,CA
JTC,Justice,Justice,IL
J2T,Justice,Justice,WV
JSI,Justin,Justin,TX
KDD,Kadoka,Kadoka,SD
KAG,Kaguyak,Kaguyak,AK
KKF,Kagvik Creek,Kagvik Creek,AK
KH2,Kahoka,Kahoka,MO
KL9,Kahuku,Kahuku,HI
OGG,Kahului,Kahului,HI
KA7,Kailua,Kailua,HI
KUI,Kailua (Maui),Kailua (Maui),HI
KQO,Kailua (Oahu),Kailua (Oahu),HI
KHH,Kailua Kona,Kailua Kona,HI
KAI,Kaiser,Kaiser,CA
AIZ,Kaiser/Lake Ozark,Kaiser/Lake Ozark,MO
KAE,Kake,Kake,AK
KNK,Kakhonak,Kakhonak,AK
9KA,Kalaheo,Kalaheo,HI
KKK,Kalakaket,Kalakaket,AK
KAM,Kalama,Kalama,WA
AZO,Kalamazoo,Kalamazoo,MI
LUP,Kalaupapa,Kalaupapa,HI
KLD,Kalida,Kalida,OH
FCA,Kalispell,Kalispell,MT
KLK,Kalkaska,Kalkaska,MI
KAC,Kalona,Kalona,IA
KLG,Kalskag,Kalskag,AK
KAL,Kaltag,Kaltag,AK
K9V,Kalvesta,Kalvesta,KS
KM7,Kamas,Kamas,UT
KQM,Kamay,Kamay,TX
KM2,Kamiah,Kamiah,ID
MUE,Kamuela,Kamuela,HI
KNB,Kanab,Kanab,UT
K2W,Kanawha,Kanawha,IA
KAN,Kane,Kane,PA
KHE,Kaneohe,Kaneohe,HI
KAV,Kaneville,Kaneville,IL
IKK,Kankakee,Kankakee,IL
KNP,Kannapolis,Kannapolis,NC
JKA,Kanona,Kanona,NY
KAO,Kanosh,Kanosh,UT
2KS,Kansas,Kansas,AR
KSJ,Kansas,Kansas,KY
KA3,Kansas,Kansas,OK
KCK,Kansas City,Kansas City,KS
MKC,Kansas City,Kansas City,MO
MCI,Kansas City International Apt,Kansas City International Apt,MO
KSV,Kansasville,Kansasville,WI
KA2,Kapaa,Kapaa,HI
JHM,Kapalua,Kapalua,HI
KPL,Kaplan,Kaplan,LA
KPI,Kapolei,Kapolei,HI
KTD,Karlstad,Karlstad,MN
KYK,Karluk,Karluk,AK
KKL,Karluk Lake,Karluk Lake,AK
KCZ,Karns City,Karns City,PA
KHX,Karthaus,Karthaus,PA
KXA,Kasaan,Kasaan,AK
KUK,Kasigluk,Kasigluk,AK
KFO,Kasilof,Kasilof,AK
KS2,Kasota,Kasota,MN
KOS,Kasson,Kasson,MN
5EE,Kathleen,Kathleen,FL
KFN,Kathleen,Kathleen,GA
KAT,Katonah,Katonah,NY
KTX,Katy,Katy,TX
LIH,Kauai Island Apt,Kauai Island Apt,HI
KFA,Kaufman,Kaufman,TX
KAU,Kaukauna,Kaukauna,WI
KUA,Kaunakakai (Molokai),Kaunakakai (Molokai),HI
KP5,Kaupulehu,Kaupulehu,HI
VIK,Kavik,Kavik,AK
KWH,Kawaihae,Kawaihae,HI
KW7,Kawkawlin,Kawkawlin,MI
KC3,Kaycee,Kaycee,WY
MVM,Kayenta,Kayenta,AZ
KAY,Kaysville,Kaysville,UT
6KE,Keaau,Keaau,HI
KK2,Kealakekua,Kealakekua,HI
KUG,Keansburg,Keansburg,NJ
KYE,Kearney,Kearney,MO
EAR,Kearney,Kearney,NE
KYV,Kearneysville,Kearneysville,WV
7UT,Kearns,Kearns,UT
NYF,Kearny,Kearny,AZ
XHE,Kearny,Kearny,NJ
KEA,Keasbey,Keasbey,NJ
KHB,Keego Harbor,Keego Harbor,MI
KNA,Keenan,Keenan,TX
K2N,Keene,Keene,KY
EEN,Keene,Keene,NH
KN2,Keene,Keene,TX
KVZ,Keene Valley,Keene Valley,NY
ZOZ,Keenesburg,Keenesburg,CO
M3Z,Keeseville,Keeseville,NY
KT3,Keewatin,Keewatin,MN
KBU,Keithsburg,Keithsburg,IL
KV2,Keithville,Keithville,LA
KZR,Keizer,Keizer,OR
BKH,Kekaha,Kekaha,HI
KOL,Kelford,Kelford,NC
KEX,Keller,Keller,TX
KLR,Keller,Keller,VA
KEC,Kellogg,Kellogg,IA
KGI,Kellogg,Kellogg,ID
5GL,Kellogg,Kellogg,MN
KLO,Kellogg,Kellogg,OR
KY5,Kelly,Kelly,NC
KY7,Kelly,Kelly,WY
KEU,Kelly Bar,Kelly Bar,AK
EYE,Kellyville,Kellyville,OK
KLP,Kelp Bay,Kelp Bay,AK
KV3,Kelseyville,Kelseyville,CA
K39,Kelso,Kelso,TN
KLS,Kelso,Kelso,WA
KEM,Kemah,Kemah,TX
EMM,Kemmerer,Kemmerer,WY
9KP,Kemp,Kemp,TX
KMP,Kempton,Kempton,PA
ENA,Kenai,Kenai,AK
KV6,Kenansville,Kenansville,FL
KNV,Kenansville,Kenansville,NC
KEG,Kenbridge,Kenbridge,VA
KEL,Kendall,Kendall,FL
KDL,Kendall,Kendall,LA
ZDL,Kendall,Kendall,NY
KU4,Kendall Park,Kendall Park,NJ
KDV,Kendallville,Kendallville,IN
ZKD,Kendleton,Kendleton,TX
KDR,Kendrick,Kendrick,ID
K8M,Kenduskeag,Kenduskeag,ME
KDY,Kenedy,Kenedy,TX
KAW,Kenesaw,Kenesaw,NE
KWR,Kenilworth,Kenilworth,IL
KWO,Kenilworth,Kenilworth,NJ
KWW,Kenilworth,Kenilworth,NY
KN3,Kenly,Kenly,NC
KZM,Kenmare,Kenmare,ND
KMR,Kenmore,Kenmore,NY
KEH,Kenmore Air Harbor,Kenmore Air Harbor,WA
KAH,Kenmore/Seattle,Kenmore/Seattle,WA
DKA,Kenna,Kenna,WV
KBN,Kennebunk,Kennebunk,ME
KBP,Kennebunkport,Kennebunkport,ME
KED,Kennedale,Kennedale,TX
KYD,Kennedy,Kennedy,MN
KV4,Kennedyville,Kennedyville,MD
KES,Kenner,Kenner,LA
KSW,Kennesaw,Kennesaw,GA
KNT,Kennett,Kennett,MO
KNN,Kennett Square,Kennett Square,PA
KWC,Kennewick,Kennewick,WA
KQS,Kenney,Kenney,IL
KXO,Keno,Keno,OR
ENW,Kenosha,Kenosha,WI
KVA,Kenova,Kenova,WV
KSZ,Kensett,Kensett,AR
KZT,Kensett,Kensett,IA
C3A,Kensington,Kensington,CA
KXX,Kensington,Kensington,CT
KEN,Kensington,Kensington,GA
2KT,Kensington,Kensington,MD
KSG,Kensington,Kensington,OH
KTP,Kensington,Kensington,PA
KTV,Kent,Kent,CT
KTO,Kent,Kent,OH
KJT,Kent,Kent,OR
KET,Kent,Kent,WA
KCT,Kent City,Kent City,MI
KF4,Kentfield,Kentfield,CA
KKT,Kentland,Kentland,IN
KEO,Kenton,Kenton,MI
KNO,Kenton,Kenton,OH
KYO,Kenton,Kenton,OR
KNQ,Kenton,Kenton,TN
KNU,Kentwood,Kentwood,LA
KWD,Kentwood,Kentwood,MI
KV5,Kenvil,Kenvil,NJ
KE7,Kenwood,Kenwood,CA
EYO,Kenyon,Kenyon,MN
KYN,Kenyon,Kenyon,RI
KKQ,Keokee,Keokee,VA
EOK,Keokuk,Keokuk,IA
K28,Keosauqua,Keosauqua,IA
KJO,Keota,Keota,IA
KTZ,Keota,Keota,OK
KRY,Kerby,Kerby,OR
KX2,Kerens,Kerens,TX
QZK,Kerhonkson,Kerhonkson,NY
KMQ,Kerman,Kerman,CA
KHM,Kermit,Kermit,TX
KRN,Kernersville,Kernersville,NC
KV7,Kernville,Kernville,CA
6RR,Kerr,Kerr,OH
ERV,Kerrville,Kerrville,TX
KRR,Kersey,Kersey,PA
KRW,Kershaw,Kershaw,SC
KZA,Keshena,Keshena,WI
V2N,Keslers Cross Lanes,Keslers Cross Lanes,WV
QKK,Keswick,Keswick,IA
DKW,Keswick,Keswick,VA
KTN,Ketchikan,Ketchikan,AK
QKM,Ketchum,Ketchum,ID
KHU,Ketchum,Ketchum,OK
NGG,Kettering,Kettering,MD
KTR,Kettering,Kettering,OH
K6L,Kettle,Kettle,KY
KFW,Kettle Falls,Kettle Falls,WA
KTL,Kettleman City,Kettleman City,CA
KLV,Kettlersville,Kettlersville,OH
KQL,Kevil,Kevil,KY
KG2,"Kew Gardens, Queens","Kew Gardens, Queens",NY
KEW,Kewanee,Kewanee,IL
KAA,Kewanna,Kewanna,IN
KWI,Kewaskum,Kewaskum,WI
KWU,Kewaunee,Kewaunee,WI
KBS,Key Biscayne,Key Biscayne,FL
KYL,Key Largo,Key Largo,FL
EYW,Key West,Key West,FL
YEJ,Keyes,Keyes,CA
KY4,Keyes,Keyes,OK
KEE,Keyesport,Keyesport,IL
KY2,Keymar,Keymar,MD
KEY,Keyport,Keyport,NJ
KYP,Keyport,Keyport,WA
KY3,Keyser,Keyser,WV
KYS,Keystone,Keystone,CO
JYS,Keystone,Keystone,IN
KTE,Keystone,Keystone,SD
KS4,Keystone,Keystone,WV
ZYK,Keysville,Keysville,MD
KEV,Keysville,Keysville,VA
6VI,Keytesville,Keytesville,MO
KMS,Kiamesha Lake,Kiamesha Lake,NY
IAN,Kiana,Kiana,AK
KIA,Kiawah Island,Kiawah Island,SC
KID,Kidron,Kidron,OH
KFE,Kiefer,Kiefer,OK
KEI,Kiel,Kiel,WI
KI3,Kieler,Kieler,WI
K4R,Kiester,Kiester,MN
KIH,Kihei,Kihei,HI
967,Kilauea,Kilauea,HI
KBZ,Kilbourn,Kilbourn,IA
KD4,Kildeer,Kildeer,IL
KGR,Kilgore,Kilgore,TX
GGG,Kilgore-Gladewater-Longview Apt,Kilgore-Gladewater-Longview Apt,TX
JBQ,Kill Buck,Kill Buck,NY
FFA,Kill Devil Hills,Kill Devil Hills,NC
KIK,Killbuck,Killbuck,OH
KXD,Killdeer,Killdeer,ND
ILE,Killeen,Killeen,TX
KLI,Killen,Killen,AL
KIL,Killingly,Killingly,CT
IIG,Killington,Killington,VT
KLT,Killington Village,Killington Village,VT
KNH,Killingworth,Killingworth,CT
KON,Killona,Killona,LA
KR2,Kilmanrock,Kilmanrock,VA
KK4,Kilmarnock,Kilmarnock,VA
KIU,Kiln,Kiln,MS
KMB,Kimball,Kimball,MI
KM4,Kimball,Kimball,MN
KM8,Kimball,Kimball,NE
4KI,Kimballton,Kimballton,IA
QKC,Kimberling City,Kimberling City,MO
KIY,Kimberly,Kimberly,ID
KBL,Kimberly,Kimberly,WI
KIM,Kimberton,Kimberton,PA
KPQ,Kimper,Kimper,KY
KD5,Kinards,Kinards,SC
KXC,Kincaid,Kincaid,KS
KCH,Kincheloe,Kincheloe,MI
KIJ,Kinder,Kinder,LA
KHK,Kinderhook,Kinderhook,NY
KNR,Kindred,Kindred,ND
KIG,King,King,NC
KG3,King,King,WI
KIC,King City,King City,CA
KCY,King City,King City,OR
KVC,King Cove,King Cove,AK
KGF,King Ferry,King Ferry,NY
KGG,King George,King George,VA
KPD,King of Prussia,King of Prussia,PA
AKN,King Salmon,King Salmon,AK
KWM,King William,King William,VA
KGE,Kingdom City,Kingdom City,MO
KDK,Kingfield,Kingfield,ME
KIF,Kingfisher,Kingfisher,OK
IGM,Kingman,Kingman,AZ
KNG,Kingman,Kingman,IN
KNM,Kingman,Kingman,KS
ZUD,Kingman,Kingman,OH
KBA,Kings Bay,Kings Bay,FL
ZKB,Kings Bay,Kings Bay,GA
KBJ,Kings Beach,Kings Beach,CA
KCS,Kings Creek,Kings Creek,SC
KGM,Kings Mills,Kings Mills,OH
KIN,Kings Mountain,Kings Mountain,NC
KSP,Kings Park,Kings Park,NY
KBG,Kingsburg,Kingsburg,CA
KB2,Kingsbury,Kingsbury,IN
KG4,Kingsbury,Kingsbury,TX
KFD,Kingsford,Kingsford,MI
KNL,Kingsland,Kingsland,GA
KGL,Kingsland,Kingsland,TX
YUI,Kingsley,Kingsley,MI
KYG,Kingsley,Kingsley,PA
KMT,Kingsmountain,Kingsmountain,NC
KI2,Kingsport,Kingsport,TN
TRI,Kingsport-Bristol-Johnson City (Tri-Cities Regional) Apt,Kingsport-Bristol-Johnson City (Tri-Cities Regional) Apt,TN
KT4,Kingston,Kingston,GA
KGN,Kingston,Kingston,MA
K5T,Kingston,Kingston,NC
KT5,Kingston,Kingston,NH
KNJ,Kingston,Kingston,NJ
KGT,Kingston,Kingston,NY
KGC,Kingston,Kingston,OH
KNS,Kingston,Kingston,PA
KSO,Kingston,Kingston,RI
KTQ,Kingston,Kingston,TN
KG8,Kingston,Kingston,WA
KS3,Kingston Springs,Kingston Springs,TN
KGO,Kingstown,Kingstown,NC
KGS,Kingstree,Kingstree,SC
KVG,Kingsville,Kingsville,MD
KV9,Kingsville,Kingsville,MO
NQI,Kingsville,Kingsville,TX
KIW,Kingwood,Kingwood,TX
KGD,Kingwood,Kingwood,WV
KL4,Kinloch,Kinloch,MO
KMU,Kinmundy,Kinmundy,IL
UJX,Kinnelon,Kinnelon,NJ
KRO,Kinross,Kinross,MI
KFM,Kinsman,Kinsman,IL
KMN,"Kinsman, Belmont","Kinsman, Belmont",OH
KSA,"Kinsman, Trumbull","Kinsman, Trumbull",OH
QKL,Kinston,Kinston,AL
ISO,Kinston,Kinston,NC
KIO,Kinwood,Kinwood,TX
ZVK,Kinzers,Kinzers,PA
KW8,Kiowa,Kiowa,CO
KWA,Kiowa,Kiowa,OK
KPN,Kipnuk,Kipnuk,AK
6RB,Kirby,Kirby,OH
KB9,Kirby,Kirby,PA
KI9,Kirby,Kirby,TX
KR4,Kirby,Kirby,WY
KAQ,Kirbyville,Kirbyville,MO
KKZ,Kirkland,Kirkland,IL
KL3,Kirkland,Kirkland,TN
XHF,Kirkland,Kirkland,WA
IKL,Kirklin,Kirklin,IN
IRK,Kirksville,Kirksville,MO
KR5,Kirkville,Kirkville,NY
KRQ,Kirkwood,Kirkwood,CA
IWJ,Kirkwood,Kirkwood,DE
XKW,Kirkwood,Kirkwood,MO
KIR,Kirkwood,Kirkwood,NY
KRZ,Kirkwood,Kirkwood,PA
KQN,Kiron,Kiron,IA
KTI,Kirtland,Kirtland,NM
KCQ,Kirtland,Kirtland,OH
KI7,Kirwin,Kirwin,KS
KAB,Kiska Harbour,Kiska Harbour,AK
KIS,Kiska Island,Kiska Island,AK
K3S,Kismet,Kismet,KS
ISM,Kissimmee,Kissimmee,FL
KT2,Kite,Kite,GA
KKB,Kitoi Bay,Kitoi Bay,AK
KTG,Kittanning,Kittanning,PA
KXK,Kittery,Kittery,ME
KIZ,Kittitas,Kittitas,WA
JTL,Kittrell,Kittrell,NC
IIJ,Kitts Hill,Kitts Hill,OH
KTT,Kitty Hawk,Kitty Hawk,NC
KVL,Kivalina,Kivalina,AK
KZH,Kizhuyak,Kizhuyak,AK
KBK,Klag Bay,Klag Bay,AK
LMT,Klamath Falls,Klamath Falls,OR
KLW,Klawock,Klawock,AK
KYI,Klein,Klein,TX
KG5,Klingerstown,Klingerstown,PA
KDI,Klondike,Klondike,TX
KAP,Knapp,Knapp,WI
KLX,Kneeland,Kneeland,CA
KNI,Knightdale,Knightdale,NC
KL7,Knights Landing,Knights Landing,CA
KG9,Knightstown,Knightstown,IN
KP2,Knippa,Knippa,TX
KC7,Knob Lick,Knob Lick,MO
K99,Knob Noster,Knob Noster,MO
KL2,Knobel,Knobel,AR
KNX,Knox,Knox,IN
KCX,Knox,Knox,ME
KOX,Knox,Knox,PA
KZX,Knoxville,Knoxville,AL
KXV,Knoxville,Knoxville,AR
ZF2,Knoxville,Knoxville,GA
KXE,Knoxville,Knoxville,IA
OXV,Knoxville,Knoxville,IL
KXL,Knoxville,Knoxville,PA
TYS,Knoxville,Knoxville,TN
OBU,Kobuk,Kobuk,AK
KDA,Kodak,Kodak,TN
ADQ,Kodiak,Kodiak,AK
KOH,Kohala,Kohala,HI
KOR,Kohler,Kohler,WI
OKK,Kokomo,Kokomo,IN
KCI,Koloa,Koloa,HI
KW2,Konawa,Konawa,OK
KKH,Kongiganak,Kongiganak,AK
KO2,Kootenai,Kootenai,ID
KPP,Koppel,Koppel,PA
OSX,Kosciusko,Kosciusko,MS
KST,Kosse,Kosse,TX
KOT,Kotlik,Kotlik,AK
OTZ,Kotzebue,Kotzebue,AK
KNZ,Kountze,Kountze,TX
ZKT,Kouts,Kouts,IN
KKA,Koyuk,Koyuk,AK
KYU,Koyukuk,Koyukuk,AK
KK3,Krakow,Krakow,WI
KRP,Kreamer,Kreamer,PA
KRE,Krebs,Krebs,OK
KML,Kremlin,Kremlin,MT
ZOX,Kremlin,Kremlin,OK
KM3,Kremmling,Kremmling,CO
KS7,Kress,Kress,TX
KR3,Kronenwetter,Kronenwetter,WI
KZS,Krotz Springs,Krotz Springs,LA
K9G,Krugerville,Krugerville,TX
KRU,Krum,Krum,TX
KUW,Kugururok River,Kugururok River,AK
KU2,Kula,Kula,HI
LKK,Kulik Lake,Kulik Lake,AK
KUM,Kulm,Kulm,ND
KUL,Kulpmont,Kulpmont,PA
KUP,Kulpsville,Kulpsville,PA
KUB,Kuluk Bay,Kuluk Bay,AK
KUN,Kuna,Kuna,ID
KC2,Kunia Camp,Kunia Camp,HI
K2T,Kunkletown,Kunkletown,PA
UUK,Kuparuk,Kuparuk,AK
KUT,Kutztown,Kutztown,PA
KWT,Kwethluk,Kwethluk,AK
KWK,Kwigillingok,Kwigillingok,AK
KAZ,Kyana,Kyana,IN
KYZ,Kyle,Kyle,TX
KYT,Kylertown,Kylertown,PA
LB8,La Barge,La Barge,WY
LFL,La Belle,La Belle,FL
LCA,La Cañada-Flintridge,La Canada-Flintridge,CA
LZR,La Center,La Center,KY
2LC,La Center,La Center,WA
XHI,La Conner,La Conner,WA
L2C,La Coste,La Coste,TX
LCR,La Crescenta,La Crescenta,CA
XX4,La Crosse,La Crosse,FL
RQS,La Crosse,La Crosse,KS
XSO,La Crosse,La Crosse,VA
LSE,La Crosse,La Crosse,WI
LFZ,La Farge,La Farge,WI
KGV,La Fargeville,La Fargeville,NY
VLF,La Fayette,La Fayette,IL
LFE,La Fayette,La Fayette,KY
LFX,La Feria,La Feria,TX
LFO,La Follette,La Follette,TN
LN6,La Fox,La Fox,IL
LFH,La France,La France,SC
LGD,La Grande,La Grande,OR
LG9,La Grange,La Grange,CA
LAI,La Grange,La Grange,IL
LGR,La Grange,La Grange,KY
LGK,La Grange,La Grange,MO
GGL,La Grange,La Grange,NC
LGX,La Grange,La Grange,TX
LGZ,La Grange Highlands,La Grange Highlands,IL
LPG,La Grange Park,La Grange Park,IL
LGA,La Guardia Apt/New York,La Guardia Apt/New York,NY
C7D,La Habra Heights,La Habra Heights,CA
LHA,"La Habra, Orange","La Habra, Orange",CA
LA4,La Harpe,La Harpe,IL
KHP,La Harpe,La Harpe,KS
55C,La Honda,La Honda,CA
LJL,La Jolla,La Jolla,CA
LJH,La Junta,La Junta,CO
LUZ,La Luz,La Luz,NM
LM9,La Marque,La Marque,TX
LAE,La Mesa,La Mesa,CA
LM5,La Mesa,La Mesa,NM
LMI,La Mirada,La Mirada,CA
L4M,La Monte,La Monte,MO
L2M,La Motte,La Motte,IA
LPA,La Palma,La Palma,CA
LPZ,La Paz,La Paz,IN
LPH,La Pine,La Pine,OR
LPL,La Place,La Place,LA
LAP,La Plata,La Plata,MD
JPP,La Pointe,La Pointe,WI
LPE,La Porte,La Porte,CA
LAO,La Porte,La Porte,IN
UQF,La Porte,La Porte,TX
8LP,La Porte City,La Porte City,IA
T4L,La Pryor,La Pryor,TX
LVR,La Puente,La Puente,CA
LQ8,La Quinta,La Quinta,CA
LRN,La Rue,La Rue,OH
LS6,La Sal,La Sal,UT
QAA,La Salle,La Salle,CO
UJY,La Salle,La Salle,IL
IYL,La Salle,La Salle,MI
KLH,La Selva Beach,La Selva Beach,CA
LU9,La Union,La Union,NM
KVN,La Vale,La Vale,MD
LVV,La Vergne,La Vergne,TN
LV5,La Verkin,La Verkin,UT
POC,La Verne,La Verne,CA
LQZ,La Vernia,La Vernia,TX
VII,La Vista,La Vista,NE
L3W,La Ward,La Ward,TX
LD2,Labadie,Labadie,MO
WLB,Labouchere Bay,Labouchere Bay,AK
7LD,Lac du Flambeau,Lac du Flambeau,WI
IKE,Lacassine,Lacassine,LA
LAY,Lacey,Lacey,WA
LS7,Laceys Spring,Laceys Spring,AL
FYJ,Laceyville,Laceyville,PA
XHP,Lackawanna,Lackawanna,NY
8PV,Lackawaxen,Lackawaxen,PA
YLC,Lackey,Lackey,MS
LKJ,Lackland City,Lackland City,TX
QDE,Laclede,Laclede,ID
LQB,Lacombe,Lacombe,LA
L7A,Lacon,Lacon,IL
LC4,Lacona,Lacona,NY
LCI,Laconia,Laconia,NH
LG6,Lacygne,Lacygne,KS
LDD,Ladd,Ladd,IL
L7D,Laddonia,Laddonia,MO
XXL,Ladera Ranch,Ladera Ranch,CA
LDX,Ladonia,Ladonia,TX
LDZ,Ladson,Ladson,SC
LZD,Ladue,Ladue,MO
LAK,Lady Lake,Lady Lake,FL
ULH,Ladysmith,Ladysmith,VA
ZYT,Ladysmith,Ladysmith,WI
YTF,Lafayette,Lafayette,AL
LZX,Lafayette,Lafayette,CA
LFY,Lafayette,Lafayette,CO
LFG,Lafayette,Lafayette,GA
LA7,Lafayette,Lafayette,IL
LAF,Lafayette,Lafayette,IN
QLK,LaFayette,LaFayette,KY
LFT,Lafayette,Lafayette,LA
FYX,Lafayette,Lafayette,MN
LFW,Lafayette,Lafayette,NJ
LA6,Lafayette,Lafayette,NY
LF2,Lafayette,Lafayette,OH
YFQ,Lafayette,Lafayette,OR
LQJ,Lafayette,Lafayette,TN
LH2,Lafayette Hill,Lafayette Hill,PA
L9F,Lafferty,Lafferty,OH
LJF,Lafitte,Lafitte,LA
LFP,Laflin,Laflin,PA
LV2,Lago Vista,Lago Vista,TX
L9G,LaGrange,LaGrange,GA
LGC,Lagrange,Lagrange,GA
LGN,Lagrange,Lagrange,IN
D8W,Lagrange,Lagrange,ME
ZNG,Lagrange,Lagrange,OH
QLG,Lagrangeville,Lagrangeville,NY
5GR,Lagro,Lagro,IN
LAB,Laguna Beach,Laguna Beach,CA
LHI,Laguna Hills,Laguna Hills,CA
LMG,Laguna Niguel,Laguna Niguel,CA
9LV,Laguna Vista,Laguna Vista,TX
LSW,Laguna Woods,Laguna Woods,CA
L5A,Lagunitas,Lagunitas,CA
LHN,Lahaina,Lahaina,HI
PZV,Lahaska,Lahaska,PA
LHD,Lahoma,Lahoma,OK
LKA,Lake Alfred,Lake Alfred,FL
LKU,Lake Almanor,Lake Almanor,CA
LA5,Lake Andes,Lake Andes,SD
KJA,Lake Ariel,Lake Ariel,PA
LA2,Lake Arrowhead,Lake Arrowhead,CA
LK3,Lake Arthur,Lake Arthur,LA
KBO,Lake Barrington,Lake Barrington,IL
L4B,Lake Bay,Lake Bay,WA
KBT,Lake Benton,Lake Benton,MN
LBC,Lake Bluff,Lake Bluff,IL
LBW,Lake Buena Vista,Lake Buena Vista,FL
LCH,Lake Charles,Lake Charles,LA
LKB,Lake City,Lake City,FL
JLY,Lake City,Lake City,GA
KIT,Lake City,Lake City,IA
KLC,Lake City,Lake City,KS
3LM,Lake City,Lake City,MI
LKE,Lake City,Lake City,MN
XHJ,Lake City,Lake City,PA
LKC,Lake City,Lake City,SC
LCY,Lake City,Lake City,TN
L6C,Lake Como,Lake Como,PA
KRM,Lake Cormorant,Lake Cormorant,MS
KKP,Lake Creek,Lake Creek,TX
LC9,Lake Crystal,Lake Crystal,MN
AKD,Lake Dallas,Lake Dallas,TX
KDT,Lake Delton,Lake Delton,WI
LE2,Lake Elmo,Lake Elmo,MN
LE3,Lake Elsinore,Lake Elsinore,CA
LFC,Lake Forest,Lake Forest,CA
LFR,Lake Forest,Lake Forest,IL
LPK,Lake Forest Park,Lake Forest Park,WA
ZLG,Lake Garfield,Lake Garfield,FL
XES,Lake Geneva,Lake Geneva,WI
ULE,Lake George,Lake George,CO
LG2,Lake George,Lake George,NY
LK7,Lake Grove,Lake Grove,NY
LHM,Lake Hamilton,Lake Hamilton,FL
LKH,Lake Harbor,Lake Harbor,FL
YH2,Lake Harmony,Lake Harmony,PA
HII,Lake Havasu City,Lake Havasu City,AZ
LHW,Lake Hiawatha,Lake Hiawatha,NJ
K89,Lake Hopatcong,Lake Hopatcong,NJ
LU7,Lake Huntington,Lake Huntington,NY
LKI,Lake In The Hills,Lake In The Hills,IL
IBD,Lake Isabella,Lake Isabella,CA
LJN,Lake Jackson,Lake Jackson,TX
LK2,Lake Katerine,Lake Katerine,NY
KYQ,Lake Katrine,Lake Katrine,NY
LL7,Lake Linden,Lake Linden,MI
LKM,Lake Mary,Lake Mary,FL
KMI,Lake Mills,Lake Mills,IA
XHQ,Lake Mills,Lake Mills,WI
LMA,Lake Minchumina,Lake Minchumina,AK
5MR,Lake Monroe,Lake Monroe,FL
LKO,Lake Norden,Lake Norden,SD
LQO,Lake Odessa,Lake Odessa,MI
LRP,Lake Orion,Lake Orion,MI
OXI,Lake Orion Heights,Lake Orion Heights,MI
LOO,Lake Oswego,Lake Oswego,OR
DKP,Lake Panasoffkee,Lake Panasoffkee,FL
LPQ,Lake Park,Lake Park,FL
KPA,Lake Park,Lake Park,GA
QJC,Lake Park,Lake Park,IA
LEK,Lake Park,Lake Park,MN
LPF,Lake Placid,Lake Placid,FL
LKP,Lake Placid,Lake Placid,NY
QLP,Lake Point,Lake Point,UT
LP8,Lake Preston,Lake Preston,SD
YLP,Lake Providence,Lake Providence,LA
KKM,Lake Ronkonkoma,Lake Ronkonkoma,NY
6ER,Lake Saint Louis,Lake Saint Louis,MO
LKT,Lake Station,Lake Station,IN
LS2,Lake Stevens,Lake Stevens,WA
LSS,Lake Success,Lake Success,NY
5LS,Lake Suzy,Lake Suzy,FL
KXY,Lake Toxaway,Lake Toxaway,NC
VWJ,Lake View Terrace,Lake View Terrace,CA
KVW,"Lake View, Erie","Lake View, Erie",NY
VIL,Lake Villa,Lake Villa,IL
L9V,Lake Village,Lake Village,AR
LK8,Lake Village,Lake Village,IN
WCW,Lake Waccamaw,Lake Waccamaw,NC
LWA,Lake Wales,Lake Wales,FL
3LW,Lake Wilson,Lake Wilson,MN
LXJ,Lake Winola,Lake Winola,PA
LWH,Lake Worth,Lake Worth,FL
ULW,Lake Worth,Lake Worth,TX
7LW,Lake Wylie,Lake Wylie,SC
LKZ,Lake Zurich,Lake Zurich,IL
8KF,Lakefield,Lakefield,MN
LB5,Lakehead,Lakehead,CA
NEL,Lakehurst,Lakehurst,NJ
LAL,Lakeland,Lakeland,FL
LKG,Lakeland,Lakeland,GA
ZF6,Lakeland,Lakeland,LA
KEJ,Lakeland,Lakeland,TN
LMW,Lakemills,Lakemills,WI
ZZS,Lakemoor,Lakemoor,IL
LPR,Lakeport,Lakeport,CA
LS4,Lakeshore,Lakeshore,CA
L9S,Lakeside,Lakeside,AZ
KSI,Lakeside,Lakeside,CA
LS8,Lakeside,Lakeside,OH
LKS,Lakeside,Lakeside,TX
KDB,Lakeside Marblehead,Lakeside Marblehead,OH
LQW,Lakeview,Lakeview,CA
LWU,Lakeview,Lakeview,FL
LKX,Lakeview,Lakeview,GA
LVE,Lakeview,Lakeview,IA
LVW,Lakeview,Lakeview,MI
LKV,Lakeview,Lakeview,OR
LQV,Lakeville,Lakeville,CT
LXE,Lakeville,Lakeville,IN
LIL,Lakeville,Lakeville,MA
LQI,Lakeville,Lakeville,MI
LVA,Lakeville,Lakeville,MN
KIE,"Lakeville, Livingston","Lakeville, Livingston",NY
ZEB,Lakeway,Lakeway,TX
LQQ,Lakewood,Lakewood,CA
LJK,Lakewood,Lakewood,CO
L3K,Lakewood,Lakewood,FL
LWG,Lakewood,Lakewood,GA
L8S,Lakewood,Lakewood,IL
LKW,Lakewood,Lakewood,NJ
LKY,Lakewood,Lakewood,NY
LKD,Lakewood,Lakewood,OH
YLA,Lakewood,Lakewood,WA
IKW,Lakewood Ranch,Lakewood Ranch,FL
LK5,Lakota,Lakota,IA
LA3,Lakota,Lakota,ND
LAA,Lamar,Lamar,CO
OCS,Lamar,Lamar,IN
LDF,Lamar,Lamar,MO
LM8,Lamar,Lamar,NE
LL9,Lamar,Lamar,PA
LMF,Lamar,Lamar,SC
LML,Lambertville,Lambertville,MI
LMV,Lambertville,Lambertville,NJ
XHG,Lamesa,Lamesa,TX
LQM,Lamont,Lamont,CA
LM2,Lamont,Lamont,MS
LMD,Lamont,Lamont,NY
LZM,LaMoure,LaMoure,ND
LAZ,Lampasas,Lampasas,TX
KPE,Lampe,Lampe,MO
LMP,Lampeter,Lampeter,PA
LNY,Lanai City,Lanai City,HI
NAR,Lanark,Lanark,IL
IEN,Lancashire,Lancashire,DE
WJF,Lancaster,Lancaster,CA
LC5,Lancaster,Lancaster,KY
LCS,Lancaster,Lancaster,MA
LZC,Lancaster,Lancaster,MN
TR6,Lancaster,Lancaster,NH
LAC,Lancaster,Lancaster,NY
LNC,Lancaster,Lancaster,OH
LNS,Lancaster,Lancaster,PA
LNW,Lancaster,Lancaster,SC
LTX,Lancaster,Lancaster,TX
ZLI,Lancaster,Lancaster,WI
EQK,Lance Creek,Lance Creek,WY
LLS,Land O' Lakes,Land O' Lakes,WI
KAJ,Land O'Lakes,Land O'Lakes,FL
LDG,Landenberg,Landenberg,PA
LND,Lander,Lander,WY
JLJ,Landgrove,Landgrove,VT
LZV,Landing,Landing,NJ
LFD,Landis,Landis,NC
LDV,Landisville,Landisville,NJ
LNL,Landisville,Landisville,PA
LNO,Lando,Lando,SC
LDR,Landover,Landover,MD
LDU,Landrum,Landrum,SC
YLQ,Lane,Lane,SC
TY9,Lane City,Lane City,TX
JLR,Lanesborough,Lanesborough,MA
L54,Lanesville,Lanesville,IN
YLT,Lanett,Lanett,AL
LTE,Lanett,Lanett,GA
QNW,Laneview,Laneview,VA
LDO,Langdon,Langdon,ND
GXJ,Langdon,Langdon,NH
LHH,Langeloth,Langeloth,PA
XHS,Langhorne,Langhorne,PA
LGY,Langley,Langley,SC
YGZ,Langley,Langley,VA
LGL,Langley,Langley,WA
6YP,Langley Park,Langley Park,MD
XIB,Langsville,Langsville,OH
LME,Lanham,Lanham,MD
LIR,Lanier,Lanier,GA
LN9,Lannon,Lannon,WI
LN8,Lanoka Harbor,Lanoka Harbor,NJ
LDA,Lansdale,Lansdale,PA
LDW,Lansdowne,Lansdowne,MD
QLD,Lansdowne,Lansdowne,PA
LB9,Lansdowne-Baltimore,Lansdowne-Baltimore,MD
LAJ,L'Anse,L'Anse,MI
LF7,Lansford,Lansford,ND
LZP,Lansford,Lansford,PA
W77,Lansing,Lansing,IA
LSI,Lansing,Lansing,IL
LSG,Lansing,Lansing,KS
LAN,Lansing,Lansing,MI
LAG,Lansing,Lansing,NC
AIG,Lansing,Lansing,OH
LQG,Lansing,Lansing,WV
LSZ,"Lansing, Tomkins","Lansing, Tomkins",NY
LNT,Lantana,Lantana,FL
LNU,Laona,Laona,WI
OTJ,Laotto,Laotto,IN
APE,Lapeer,Lapeer,MI
L4A,Lapel,Lapel,IN
LPI,Lapoint,Lapoint,UT
ZEE,Laporte,Laporte,CO
LPO,Laporte,Laporte,IN
LAR,Laramie,Laramie,WY
ZLR,Larchmont,Larchmont,NY
LA8,Larchwood,Larchwood,IA
LRD,Laredo,Laredo,TX
XHV,Largo,Largo,FL
LGQ,Largo,Largo,MD
LRR,Larimore,Larimore,ND
KSU,Larkspur,Larkspur,CA
LP7,Larkspur,Larkspur,CO
LD7,Larned,Larned,KS
LRS,Larose,Larose,LA
KLN,Larsen Bay,Larsen Bay,AK
IN2,Larwill,Larwill,IN
LRU,Las Cruces,Las Cruces,NM
LF9,Las Flores,Las Flores,CA
LVS,Las Vegas,Las Vegas,NM
LAS,Las Vegas,Las Vegas,NV
7AX,Latexo,Latexo,TX
KLM,Latham,Latham,KS
2LT,Latham,Latham,MO
LTM,Latham,Latham,NY
LRO,Lathrop,Lathrop,CA
LZH,Lathrop,Lathrop,MO
LTH,Lathrop Wells,Lathrop Wells,NV
L5R,Latimer,Latimer,IA
LJO,Laton,Laton,CA
LT2,Latonia,Latonia,KY
TRB,Latrobe,Latrobe,CA
LBE,Latrobe,Latrobe,PA
TTA,Latta,Latta,SC
5NC,Lattimore,Lattimore,NC
M7L,Lauderdale,Lauderdale,MS
5SL,Lauderdale By The Sea,Lauderdale By The Sea,FL
ZF3,Lauderdale Lakes,Lauderdale Lakes,FL
LAD,Lauderhill,Lauderhill,FL
LGH,Laughlin,Laughlin,NV
LFB,Laughlin Air Force Base,Laughlin Air Force Base,TX
URE,Laurel,Laurel,DE
LRM,Laurel,Laurel,MD
LUL,Laurel,Laurel,MS
LUQ,Laurel,Laurel,MT
LQU,Laurel,Laurel,NE
TQJ,Laurel,Laurel,NY
L9R,Laurel,Laurel,PA
LH9,Laurel Hill,Laurel Hill,NC
LHJ,"Laurel Hill, Lincoln","Laurel Hill, Lincoln",NC
IUP,Laurel Springs,Laurel Springs,NC
QLR,Laureldale,Laureldale,PA
UA7,Laurelton,Laurelton,NY
QLH,Laurelville,Laurelville,OH
5BL,Laurence Harbor,Laurence Harbor,NJ
LRX,Laurens,Laurens,IA
LUS,Laurens,Laurens,NY
LSC,Laurens,Laurens,SC
XL2,Laurie,Laurie,MO
LAU,Laurier,Laurier,WA
LRB,Laurinburg,Laurinburg,NC
YTI,Laurys Station,Laurys Station,PA
AC4,Lavaca,Lavaca,AR
ZVE,Lavallette,Lavallette,NJ
LVH,Laveen,Laveen,AZ
VFE,Laverne,Laverne,OK
LV3,Lavinia,Lavinia,TN
QLV,Lavon,Lavon,TX
AOI,Lavonia,Lavonia,GA
S6S,Lawler,Lawler,IA
LWJ,Lawndale,Lawndale,CA
AWA,Lawndale,Lawndale,NC
LW7,Lawnside,Lawnside,NJ
LWC,Lawrence,Lawrence,KS
LWM,Lawrence,Lawrence,MA
LWR,Lawrence,Lawrence,MI
LWE,Lawrence,Lawrence,NY
LWN,Lawrence,Lawrence,PA
LTP,Lawrence Township,Lawrence Township,NJ
LVU,Lawrenceburg,Lawrenceburg,IN
LAQ,Lawrenceburg,Lawrenceburg,KY
XHH,Lawrenceburg,Lawrenceburg,TN
LRW,Lawrenceville,Lawrenceville,GA
LWV,Lawrenceville,Lawrenceville,IL
LAV,Lawrenceville,Lawrenceville,KY
LRV,Lawrenceville,Lawrenceville,NJ
LVC,Lawrenceville,Lawrenceville,PA
LVL,Lawrenceville,Lawrenceville,VA
AWZ,Lawsonville,Lawsonville,NC
TWW,Lawton,Lawton,IA
LW5,Lawton,Lawton,MI
LAW,Lawton,Lawton,OK
LW2,Lawyers,Lawyers,VA
LTJ,Layton,Layton,UT
AY5,Laytonville,Laytonville,CA
LC3,Le Center,Le Center,MN
C6L,Le Claire,Le Claire,IA
LCG,Le Compte,Le Compte,LA
LZQ,Le Grand,Le Grand,CA
EMS,Le Mars,Le Mars,IA
ZHL,Le Moyen,Le Moyen,LA
9LM,Le Moyne,Le Moyne,AL
LRQ,Le Roy,Le Roy,IL
LQR,Le Roy,Le Roy,KS
LR4,Le Roy,Le Roy,MI
C2W,Le Roy,Le Roy,MN
UQG,Le Roy,Le Roy,NY
UQA,Le Suer,Le Suer,MN
LUU,Le Sueur,Le Sueur,MN
LHL,Leachville,Leachville,AR
LDQ,Lead,Lead,SD
LHZ,Lead Hill,Lead Hill,AR
DZE,Leadore,Leadore,ID
LXV,Leadville,Leadville,CO
ZLT,League City,League City,TX
LK4,Leakey,Leakey,TX
LM7,Leamington,Leamington,UT
LEA,Leander,Leander,TX
LS3,Leasburg,Leasburg,MO
L5Q,Leatherwood,Leatherwood,KY
L2V,Leavenworth,Leavenworth,IN
XIA,Leavenworth,Leavenworth,KS
LVN,Leavenworth,Leavenworth,WA
LVX,Leavittsburg,Leavittsburg,OH
LWK,Leawood,Leawood,KS
LBO,Lebanon,Lebanon,CT
LVB,Lebanon,Lebanon,IL
LBD,Lebanon,Lebanon,IN
4NB,Lebanon,Lebanon,KS
LFA,Lebanon,Lebanon,KY
IBO,Lebanon,Lebanon,ME
LBM,Lebanon,Lebanon,MO
LN7,Lebanon,Lebanon,NH
XHL,Lebanon,Lebanon,NJ
LNB,Lebanon,Lebanon,OH
XZO,Lebanon,Lebanon,OK
LON,Lebanon,Lebanon,OR
LBP,Lebanon,Lebanon,PA
LBN,Lebanon,Lebanon,TN
L9B,Lebanon,Lebanon,VA
LJ2,Lebanon Junction,Lebanon Junction,KY
LEB,Lebanon-White River-Hanover Apt,Lebanon-White River-Hanover Apt,VT
YLB,Lebec,Lebec,CA
QEC,Leblanc,Leblanc,LA
LTQ,Lecanto,Lecanto,FL
LCP,Lecompte,Lecompte,LA
DBM,Ledbetter,Ledbetter,TX
LWO,Ledgewood,Ledgewood,NJ
LDY,Ledyard Center,Ledyard Center,CT
QLE,Lee,Lee,FL
LJE,Lee,Lee,IL
LEH,Lee,Lee,MA
L8E,Lee,Lee,ME
VNV,Lee,Lee,NH
LQE,Lee,Lee,NY
LEC,Leechburg,Leechburg,PA
5FQ,Leedey,Leedey,OK
LDS,Leeds,Leeds,AL
LE5,Leeds,Leeds,MA
DJD,Leeds,Leeds,MD
L2E,Leeds,Leeds,ME
XHK,Leeds,Leeds,MO
LD6,Leeds,Leeds,ND
LED,Leeds,Leeds,SC
LD5,Leeds,Leeds,UT
QEP,Leeper,Leeper,PA
LSU,Lees Summit,Lees Summit,MO
LSM,Lee's Summit,Lee's Summit,MO
LZG,Leesburg,Leesburg,AL
LEE,Leesburg,Leesburg,FL
LES,Leesburg,Leesburg,GA
EYG,Leesburg,Leesburg,IN
LSO,Leesburg,Leesburg,OH
LB4,Leesburg,Leesburg,TX
LXU,Leesburg,Leesburg,VA
LEP,Leesport,Leesport,PA
LSV,Leesville,Leesville,LA
UJZ,Leesville,Leesville,SC
EET,Leetonia,Leetonia,OH
LSL,Leetsdale,Leetsdale,PA
9LH,Left Hand,Left Hand,WV
LEI,Lehi,Lehi,UT
KK8,Lehigh,Lehigh,OK
LEG,Lehigh,Lehigh,PA
LEF,Lehigh Acres,Lehigh Acres,FL
LHO,Lehigh Valley,Lehigh Valley,PA
LHG,Lehighton,Lehighton,PA
L2H,Lehr,Lehr,ND
LCM,Leicester,Leicester,MA
LC6,Leicester,Leicester,NC
7LS,Leicester,Leicester,NY
LGF,Leigh,Leigh,NE
LGT,Leighton,Leighton,AL
LSJ,Leipsic,Leipsic,OH
LCF,Leitchfield,Leitchfield,KY
LEJ,Leland,Leland,IA
4LL,Leland,Leland,IL
LLD,Leland,Leland,MS
LLC,Leland,Leland,NC
LRJ,Lemars,Lemars,IA
PMS,Lemasters,Lemasters,PA
LMY,Lemay,Lemay,MO
LMZ,Lemeta,Lemeta,AK
YIR,Lemitar,Lemitar,NM
LMC,Lemmon,Lemmon,IL
LEM,Lemmon,Lemmon,SD
L9C,Lemon City,Lemon City,FL
LG3,Lemon Grove,Lemon Grove,CA
LMJ,Lemont,Lemont,IL
LMU,Lemont Furnace,Lemont Furnace,PA
NLC,Lemoore,Lemoore,CA
LYP,Lemoyne,Lemoyne,PA
8LE,Lempster,Lempster,NH
LEN,Lena,Lena,IL
LNQ,Lena,Lena,LA
LN3,Lena,Lena,MS
LWX,Lena,Lena,WI
LH7,Lenard Harbour,Lenard Harbour,AK
LXA,Lenexa,Lenexa,KS
LV7,Lenhartsville,Lenhartsville,PA
ENI,Lenni,Lenni,PA
LOX,Lennox,Lennox,CA
QOX,Lennox,Lennox,SD
LER,Lenoir,Lenoir,NC
LZZ,Lenoir City,Lenoir City,TN
LR7,Lenora,Lenora,KS
LH6,Lenorah,Lenorah,TX
YLX,Lenox,Lenox,IA
LXK,Lenox,Lenox,IL
LNX,Lenox,Lenox,MA
LXD,Lenox Dale,Lenox Dale,MA
IN7,Leo-Cedarville,Leo-Cedarville,IN
L9A,Leola,Leola,AR
LLA,Leola,Leola,PA
LM3,Leoma,Leoma,TN
LMR,Leominster,Leominster,MA
VXL,Leon Valley,Leon Valley,TX
JND,Leonard,Leonard,MI
ENZ,Leonard,Leonard,ND
587,Leonard,Leonard,TX
DOJ,Leonardo,Leonardo,NJ
LTW,Leonardtown,Leonardtown,MD
LE9,Leonardville,Leonardville,KS
QLO,Leonia,Leonia,NJ
XTI,Leoti,Leoti,KS
LR2,Leroy,Leroy,AL
EUY,Leroy,Leroy,ND
LGM,Lesage,Lesage,WV
LSQ,Leslie,Leslie,GA
LS5,Leslie,Leslie,MI
T8S,Lester,Lester,IA
LEZ,Lester,Lester,PA
ZVR,Lester,Lester,WV
LSP,Lester Prairie,Lester Prairie,MN
LZS,Lesterville,Lesterville,SD
JZT,Letart,Letart,WV
LC8,Letcher,Letcher,SD
LE8,Letha,Letha,ID
LHT,Letohatchee,Letohatchee,AL
EU3,Leucadia,Leucadia,CA
LV8,Levan,Levan,UT
9VT,Levant,Levant,ME
LLZ,Levelland,Levelland,TX
KLL,Levelock,Levelock,AK
LE6,Levels,Levels,WV
VR4,Leverett,Leverett,MA
LE4,Levering,Levering,MI
LEO,Levittown,Levittown,NY
LTT,Levittown,Levittown,PA
LWP,Lewes,Lewes,DE
L2W,Lewis,Lewis,
LEQ,Lewis Center,Lewis Center,OH
IRU,Lewis Run,Lewis Run,PA
LBR,Lewisberry,Lewisberry,PA
LG7,Lewisburg,Lewisburg,KY
LBU,Lewisburg,Lewisburg,OH
LFQ,Lewisburg,Lewisburg,PA
LBG,Lewisburg,Lewisburg,TN
LWB,Lewisburg,Lewisburg,WV
LWD,Lewisport,Lewisport,KY
XWS,Lewiston,Lewiston,CA
LWS,Lewiston,Lewiston,ID
QLW,Lewiston,Lewiston,ME
LVQ,Lewiston,Lewiston,MI
LVZ,Lewiston,Lewiston,NC
LUT,Lewiston,Lewiston,NY
LZO,Lewiston,Lewiston,UT
LEW,Lewiston-Auburn Apt,Lewiston-Auburn Apt,ME
L2T,Lewistown,Lewistown,IL
LWT,Lewistown,Lewistown,MT
L7W,Lewistown,Lewistown,PA
LWW,"Lewistown, Mifflin","Lewistown, Mifflin",PA
LWI,Lewisville,Lewisville,AR
V7L,Lewisville,Lewisville,ID
LWZ,Lewisville,Lewisville,NC
LJV,Lewisville,Lewisville,TX
3LX,Lexa,Lexa,AR
QKV,Lexington,Lexington,AL
L2G,Lexington,Lexington,GA
LXT,Lexington,Lexington,IL
LEX,Lexington,Lexington,KY
LXI,Lexington,Lexington,MA
LXM,Lexington,Lexington,MI
QDU,Lexington,Lexington,MO
LXO,Lexington,Lexington,MS
LXG,Lexington,Lexington,NC
LXN,Lexington,Lexington,NE
LKQ,Lexington,Lexington,OH
XON,Lexington,Lexington,OR
LET,Lexington,Lexington,SC
LEL,Lexington,Lexington,TN
IXI,Lexington,Lexington,TX
LXH,Lexington,Lexington,VA
L7X,Lexington Park,Lexington Park,MD
LBZ,Libby,Libby,MT
LBL,Liberal,Liberal,KS
ZLY,Liberty,Liberty,IA
IBX,Liberty,Liberty,IL
LBK,Liberty,Liberty,IN
IYB,Liberty,Liberty,KS
LY2,Liberty,Liberty,KY
9LI,Liberty,Liberty,ME
LHR,Liberty,Liberty,MI
LIB,Liberty,Liberty,MO
7IB,Liberty,Liberty,MS
LBI,Liberty,Liberty,NC
LJY,Liberty,Liberty,NY
LHP,Liberty,Liberty,OH
PL5,Liberty,Liberty,PA
LBY,Liberty,Liberty,SC
LBX,Liberty,Liberty,TX
LH8,Liberty Hill,Liberty Hill,TX
LH3,"Liberty Hill, Milam","Liberty Hill, Milam",TX
LTY,"Liberty Hill, Williamson","Liberty Hill, Williamson",TN
LLK,Liberty Lake,Liberty Lake,WA
L8T,Liberty Township,Liberty Township,OH
IBY,"Liberty, De Kalb","Liberty, De Kalb",TN
3TW,Libertytown,Libertytown,MD
5LV,Libertyville,Libertyville,IA
LBV,Libertyville,Libertyville,IL
LK6,Licking,Licking,MO
LOB,Lido Beach,Lido Beach,NY
XHM,Lightfoot,Lightfoot,VA
L2P,Lighthouse Point,Lighthouse Point,FL
5LM,Lignum,Lignum,VA
LGI,Ligonier,Ligonier,IN
LIG,Ligonier,Ligonier,PA
LIU,Lihue (Kauai),Lihue (Kauai),HI
LLG,Lilburn,Lilburn,GA
LV4,Lilesville,Lilesville,NC
IXA,Lillian,Lillian,AL
LLL,Lillington,Lillington,NC
LL5,Lilliwaup,Lilliwaup,WA
LY9,Lilly,Lilly,GA
LJM,Lima,Lima,NY
LIA,Lima,Lima,OH
7IM,Lima,Lima,PA
L5I,Lime Springs,Lime Springs,IA
LVD,Lime Village,Lime Village,AK
IJQ,Limerick,Limerick,ME
LMK,Limerick,Limerick,PA
LIZ,Limestone,Limestone,ME
LT7,Limestone,Limestone,TN
8LI,Limington,Limington,ME
LIC,Limon,Limon,CO
INN,Lincoln,Lincoln,AL
INC,Lincoln,Lincoln,AR
LLN,Lincoln,Lincoln,CA
LCL,Lincoln,Lincoln,IL
LQC,Lincoln,Lincoln,KS
LCQ,Lincoln,Lincoln,MA
LC7,Lincoln,Lincoln,ME
LL8,Lincoln,Lincoln,MO
IQN,Lincoln,Lincoln,MT
LNK,Lincoln,Lincoln,NE
NH5,Lincoln,Lincoln,NH
LCN,Lincoln,Lincoln,RI
LI5,Lincoln,Lincoln,WA
LCE,Lincoln Center,Lincoln Center,ME
YOC,Lincoln City,Lincoln City,OR
LIP,Lincoln Park,Lincoln Park,MI
LPJ,Lincoln Park,Lincoln Park,NJ
LPD,"Lincoln Park, Chicago","Lincoln Park, Chicago",IL
LRK,Lincoln Rock,Lincoln Rock,AK
3QZ,Lincoln University,Lincoln University,PA
LCO,Lincolnshire,Lincolnshire,IL
ZLC,Lincolnton,Lincolnton,GA
LCT,Lincolnton,Lincolnton,NC
8IL,Lincolnville,Lincolnville,ME
LCW,Lincolnwood,Lincolnwood,IL
ZLJ,Lincroft,Lincroft,NJ
YLD,Lind,Lind,WA
LDL,Lindale,Lindale,GA
LID,Lindale,Lindale,TX
LNA,Linden,Linden,AL
LYD,Linden,Linden,CA
LDJ,Linden,Linden,NJ
LDE,Linden,Linden,TN
LI3,Linden,Linden,TX
6ML,Linden,Linden,WV
DD6,Linden Hill,Linden Hill,NY
LH4,Lindenhurst,Lindenhurst,IL
LDH,Lindenhurst,Lindenhurst,NY
LW3,Lindenwold,Lindenwold,NJ
ZF9,Lindenwood,Lindenwood,IL
ZLN,Lindon,Lindon,UT
LSY,Lindsay,Lindsay,CA
LZK,Lindsay,Lindsay,NE
IDS,Lindsay,Lindsay,OK
ULU,Lindsay,Lindsay,TX
LDB,Lindsborg,Lindsborg,KS
LIE,Lindside,Lindside,WV
DTM,Lindstrom,Lindstrom,MN
LL6,Line Lexington,Line Lexington,PA
LIQ,Linesville,Linesville,PA
LNV,Lineville,Lineville,AL
LN4,Lineville,Lineville,IA
ZLF,Linfield,Linfield,PA
LI2,Lingle,Lingle,WY
KW3,Linkwood,Linkwood,MD
LNJ,Linn,Linn,MO
LQN,Linn,Linn,TX
QLF,Linn Creek,Linn Creek,MO
LQX,Linndale,Linndale,OH
LN5,Linnton,Linnton,OR
LLB,Lino Lakes,Lino Lakes,MN
LNM,Linthicum,Linthicum,MD
LTU,Linthicum Heights,Linthicum Heights,MD
JIT,Linton,Linton,IN
LN2,Linton,Linton,ND
LZE,Linville,Linville,VA
LW4,Linwood,Linwood,KS
U6D,Linwood,Linwood,MA
YLW,Linwood,Linwood,MI
LNZ,Linwood,Linwood,NC
IWC,Linwood,Linwood,NJ
LD4,Linwood,Linwood,NY
LIW,Linwood,Linwood,PA
LIN,Lionville,Lionville,PA
L7P,Lipscomb,Lipscomb,AL
9LS,Lisbon,Lisbon,CT
LZB,Lisbon,Lisbon,IA
LXB,Lisbon,Lisbon,ME
LJB,Lisbon,Lisbon,NH
IBN,Lisbon,Lisbon,NY
LZI,Lisbon,Lisbon,OH
LF3,Lisbon Falls,Lisbon Falls,ME
LJI,"Lisbon, Ransom","Lisbon, Ransom",ND
LSA,Lisle,Lisle,IL
LIS,Listerhill,Listerhill,AL
YCF,Litchfield,Litchfield,CT
XHZ,Litchfield,Litchfield,IL
L8F,Litchfield,Litchfield,ME
LTD,Litchfield,Litchfield,MI
LHF,Litchfield,Litchfield,MN
L9T,Litchfield,Litchfield,NH
IEL,Litchfield Park,Litchfield Park,AZ
ZLH,Lithia,Lithia,FL
LHS,Lithia Springs,Lithia Springs,GA
LIO,Lithonia,Lithonia,GA
LTI,Lititz,Lititz,PA
LCD,Little Canada,Little Canada,MN
LTC,Little Chute,Little Chute,WI
TMT,Little Compton,Little Compton,RI
L2D,Little Deer Isle,Little Deer Isle,ME
LE7,Little Elm,Little Elm,TX
L7E,Little Elm,Little Elm,TX
LFS,Little Falls,Little Falls,MN
LFJ,Little Falls,Little Falls,NJ
LLF,Little Falls,Little Falls,NY
LTF,Little Ferry,Little Ferry,NJ
LTG,Little Genesee,Little Genesee,NY
LHK,Little Hocking,Little Hocking,OH
LKF,Little Lake,Little Lake,CA
LMX,Little Mountain,Little Mountain,SC
WLN,Little Naukati,Little Naukati,AK
LYK,Little Neck/Queens/New York,Little Neck/Queens/New York,NY
LPW,Little Port Walter,Little Port Walter,AK
RWJ,Little River,Little River,CA
LR3,Little River,Little River,SC
LR6,Little River,Little River,TX
LIT,Little Rock,Little Rock,AR
EIR,Little Silver,Little Silver,NJ
L2S,Little Suamico,Little Suamico,WI
5LK,Little Torch Key,Little Torch Key,FL
L8Y,Little Valley,Little Valley,NY
LIF,Littlefield,Littlefield,TX
YLR,Littlerock,Littlerock,CA
TLW,Littlestown,Littlestown,PA
LTO,Littleton,Littleton,CO
LTN,Littleton,Littleton,MA
LT9,Littleton,Littleton,NC
LTL,Littleton,Littleton,NH
IIL,Littletown,Littletown,PA
LO2,Live Oak,Live Oak,CA
LOQ,Live Oak,Live Oak,FL
JLI,Lively,Lively,VA
LIV,Livengood,Livengood,AK
LVK,Livermore,Livermore,CA
KKY,Livermore,Livermore,KY
L4V,Livermore,Livermore,ME
LVF,Livermore Falls,Livermore Falls,ME
LPX,Liverpool,Liverpool,NY
LVP,Liverpool,Liverpool,PA
L8V,Liverpool,Liverpool,TX
LVT,Livingston,Livingston,AL
LGS,Livingston,Livingston,CA
LVO,Livingston,Livingston,LA
XHX,Livingston,Livingston,MI
LVM,Livingston,Livingston,MT
LVG,Livingston,Livingston,NJ
LVY,Livingston,Livingston,NY
LYV,Livingston,Livingston,TN
LIX,Livingston,Livingston,TX
LM4,Livingston Manor,Livingston Manor,NY
LVI,Livonia,Livonia,MI
V8I,Livonia,Livonia,NY
LZT,Lizton,Lizton,IN
LXQ,Llano,Llano,CA
LL2,Llano,Llano,TX
LQP,Loachapoka,Loachapoka,AL
LT4,Loan Tree,Loan Tree,CO
LHV,Lock Haven,Lock Haven,PA
LCK,Lockbourne,Lockbourne,OH
LF8,Lockeford,Lockeford,CA
LQH,Lockhart,Lockhart,TX
LKL,Lockland,Lockland,OH
LQY,Lockney,Lockney,TX
LOT,Lockport,Lockport,IL
LPT,Lockport,Lockport,LA
LOP,Lockport,Lockport,NY
LW9,Lockwood,Lockwood,CA
WOD,Lockwood,Lockwood,MO
4LN,Lockwood,Lockwood,NV
LH5,Loco Hills,Loco Hills,NM
XLT,Locust,Locust,NJ
LCZ,Locust Grove,Locust Grove,GA
XHN,Locust Grove,Locust Grove,OK
LHY,"Locust Hill, Middlesex","Locust Hill, Middlesex",VA
XHY,Locust Summit,Locust Summit,PA
LEY,Locust Valley,Locust Valley,NY
LTV,Locustville,Locustville,VA
XWX,Loda,Loda,IL
DPL,Lodgepole,Lodgepole,NE
LDI,Lodi,Lodi,CA
LOI,Lodi,Lodi,NJ
LO7,Lodi,Lodi,NY
LOC,Lodi,Lodi,OH
ILO,Lodi,Lodi,WI
L4G,Logan,Logan,AL
LG4,Logan,Logan,MT
OGN,Logan,Logan,OH
LGU,Logan,Logan,UT
OQN,Logan,Logan,WV
YLO,Logan Township,Logan Township,NJ
UZQ,"Logan, Edgar","Logan, Edgar",IL
LGP,Logansport,Logansport,IN
OGP,Logansport,Logansport,KY
LST,Logansport,Logansport,LA
LGE,Loganville,Loganville,GA
L3G,Loganville,Loganville,WI
7OH,Lohman,Lohman,MO
LHQ,Lohrville,Lohrville,IA
TZA,Loleta,Loleta,CA
OIT,Lolita,Lolita,TX
YOL,Lolo,Lolo,MT
LL3,Loma Linda,Loma Linda,CA
LOM,Lombard,Lombard,IL
LTA,Lometa,Lometa,TX
XHR,Lomira,Lomira,WI
LOA,Lomita,Lomita,CA
LPC,Lompoc,Lompoc,CA
L9N,London,London,AR
LOZ,London,London,KY
LDN,London,London,OH
L4O,London Mills,London Mills,IL
LOD,Londonderry,Londonderry,NH
OJY,Londonderry,Londonderry,PA
LD8,Londonderry,Londonderry,VT
JKO,Lone Jack,Lone Jack,MO
PWW,Lone Pine,Lone Pine,CA
LNR,Lone Rock,Lone Rock,WI
LSX,Lone Star,Lone Star,TX
LT5,Lone Tree,Lone Tree,CO
LNI,Lonely,Lonely,AK
L7G,Long Barn,Long Barn,CA
LGB,Long Beach,Long Beach,CA
LBH,Long Beach,Long Beach,MS
LB3,Long Beach,Long Beach,NJ
NGC,Long Beach,Long Beach,NY
YBH,Long Beach,Long Beach,WA
LCJ,Long Branch,Long Branch,NJ
DYP,Long Eddy,Long Eddy,NY
LG5,Long Green,Long Green,MD
LGG,Long Grove,Long Grove,IL
LIJ,Long Island,Long Island,AK
YGI,Long Island,Long Island,KS
OZD,Long Island,Long Island,ME
LI4,Long Island,Long Island,VA
XHO,Long Island City/Queens/New York,Long Island City/Queens/New York,NY
LLE,Long Lake,Long Lake,MN
LO3,Long Lake,Long Lake,NY
GQT,Long Mott,Long Mott,TX
L9D,Long Pond,Long Pond,PA
LLP,Long Prairie,Long Prairie,MN
LRC,Long Reach,Long Reach,WV
LGJ,Long Valley,Long Valley,NJ
L9K,Longboat Key,Longboat Key,FL
ZLW,Longmeadow,Longmeadow,MA
LNG,Longmont,Longmont,CO
UNJ,Longport,Longport,NJ
JNG,Longs,Longs,SC
UFV,Longview,Longview,CA
JLG,Longview,Longview,IL
ZLV,Longview,Longview,TX
LOG,Longview,Longview,WA
YZH,Longview Heights,Longview Heights,TX
GGG,Longview-Kilgore-Gladewater Apt,Longview-Kilgore-Gladewater Apt,TX
LO4,Longville,Longville,LA
LGW,Longwood,Longwood,FL
L44,Longwood,Longwood,NC
LOK,Lonoke,Lonoke,AR
9LD,Lonsdale,Lonsdale,AR
L8D,Lonsdale,Lonsdale,MN
LT3,Loogootee,Loogootee,IN
LM6,Lookout Mountain,Lookout Mountain,GA
ZEJ,Lookout Mountain,Lookout Mountain,TN
OXZ,Loomis,Loomis,CA
7OO,Loomis,Loomis,NE
2LO,Loop,Loop,TX
LO9,Loop Terminal,Loop Terminal,LA
3LC,Loose Creek,Loose Creek,MO
LJP,Lopatcong,Lopatcong,NJ
LPS,Lopez Island,Lopez Island,WA
LOR,Lorain,Lorain,OH
LSB,Lordsburg,Lordsburg,NM
LLO,Lordstown,Lordstown,OH
LUX,Loreauville,Loreauville,LA
N6L,Lorena,Lorena,TX
L5T,Lorenzo,Lorenzo,TX
TKY,Loretto,Loretto,KY
LR9,Loretto,Loretto,MN
QLT,Loretto,Loretto,PA
LT8,Loretto,Loretto,TN
L6D,Lorida,Lorida,FL
L9O,Lorimor,Lorimor,IA
WLR,Loring,Loring,AK
LRZ,Loris,Loris,SC
LR8,Lorraine,Lorraine,KS
LPV,Lorton,Lorton,VA
LAT,Los Alamitos,Los Alamitos,CA
XYL,Los Alamos,Los Alamos,CA
LAM,Los Alamos,Los Alamos,NM
LLT,Los Altos,Los Altos,CA
LAH,Los Altos Hills,Los Altos Hills,CA
LAX,Los Angeles,Los Angeles,CA
LSN,Los Banos,Los Banos,CA
OFS,Los Fresnos,Los Fresnos,TX
LXX,Los Gatos,Los Gatos,CA
LII,Los Indios,Los Indios,TX
LLU,Los Lunas,Los Lunas,NM
IOS,Los Molinos,Los Molinos,CA
LNE,Los Nietos,Los Nietos,CA
OVS,Los Olivos,Los Olivos,CA
OS9,Los Osos,Los Osos,CA
LHB,Lost Harbor,Lost Harbor,AK
TSO,Lost Hills,Lost Hills,CA
LSR,Lost River,Lost River,AK
UZT,Lostant,Lostant,IL
LHX,Lothian,Lothian,MD
LQT,Lott,Lott,TX
LU3,Lotus,Lotus,CA
N3L,Loudon,Loudon,NH
XHU,Loudon,Loudon,TN
QYL,Loudonville,Loudonville,NY
LUO,Loudonville,Loudonville,OH
OIJ,Louin,Louin,MS
KZY,Louisa,Louisa,KY
LOW,Louisa,Louisa,VA
UIJ,Louisburg,Louisburg,KS
UIM,Louisburg,Louisburg,MO
LFN,Louisburg,Louisburg,NC
LOU,Louise,Louise,TX
LUA,Louisiana,Louisiana,MO
LO8,Louisiana Offshore Oil Port (Loop),Louisiana Offshore Oil Port (Loop),LA
7LV,Louisville,Louisville,AL
LUE,Louisville,Louisville,CO
LUY,Louisville,Louisville,GA
ZF8,Louisville,Louisville,IL
L5V,Louisville,Louisville,KS
LUI,Louisville,Louisville,KY
LMS,Louisville,Louisville,MS
L3S,Louisville,Louisville,NE
LUV,Louisville,Louisville,OH
LOS,Louisville,Louisville,TN
LC2,Loup City,Loup City,NE
L9Y,Love Valley,Love Valley,NC
LVJ,Lovejoy,Lovejoy,GA
LLI,Lovelady,Lovelady,TX
LOV,Loveland,Loveland,CO
XHT,Loveland,Loveland,OH
VLJ,Lovell,Lovell,ME
LLV,Lovell,Lovell,WY
POY,Lovell-Powell Apt,Lovell-Powell Apt,WY
LOL,Lovelock,Lovelock,NV
QLI,Loves Park,Loves Park,IL
VTT,Lovettsville,Lovettsville,VA
L3V,Loving,Loving,NM
LV6,Lovingston,Lovingston,VA
IOI,Lovington,Lovington,IL
LOJ,Lovington,Lovington,NM
TOZ,Low Moor,Low Moor,VA
5LD,Lowden,Lowden,IA
7SD,Lowden,Lowden,WA
LWY,Lowell,Lowell,AR
LOE,Lowell,Lowell,MA
LPB,Lowell,Lowell,MI
OWE,Lowell,Lowell,NC
XLW,Lowell,Lowell,OH
LW6,Lowell,Lowell,OR
6WL,Lowell,Lowell,VT
LJW,Lowell,Lowell,WI
LWQ,"Lowell, Lake","Lowell, Lake",IN
JWV,Lowellville,Lowellville,OH
LB7,Lower Brule,Lower Brule,SD
9LL,Lower Lake,Lower Lake,CA
LW8,Lower Waterford,Lower Waterford,VT
LXP,Lowgap,Lowgap,NC
LLQ,Lowland,Lowland,TN
LQL,Lowmansville,Lowmansville,KY
ZG5,Lowmoor,Lowmoor,VA
JDB,Lowndesboro,Lowndesboro,AL
LWF,Lowville,Lowville,NY
LXC,Loxahatchee,Loxahatchee,FL
LXY,Loxley,Loxley,AL
LY7,Loyal,Loyal,WI
LY4,Loyalhanna,Loyalhanna,PA
TJL,Loyalton,Loyalton,CA
L7O,Loysville,Loysville,PA
LUN,Luana,Luana,IA
LBB,Lubbock,Lubbock,TX
LB2,Lubec,Lubec,ME
UCM,Lucama,Lucama,NC
VUC,Lucan,Lucan,MN
LCC,Lucas,Lucas,KS
LV9,Lucasville,Lucasville,OH
LCU,Lucedale,Lucedale,MS
XZC,Lucerne,Lucerne,CO
LCB,Lucerne Valley,Lucerne Valley,CA
LUC,Luck,Luck,WI
LU2,Luckey,Luckey,OH
LDM,Ludington,Ludington,MI
LLW,Ludlow,Ludlow,KY
LUW,Ludlow,Ludlow,MA
ULD,Ludlow,Ludlow,MS
UDW,Ludlow,Ludlow,VT
LFK,Lufkin,Lufkin,TX
LOF,Lugoff,Lugoff,SC
LUK,Luke,Luke,MD
LUD,Lukeville,Lukeville,AZ
YLU,Lula,Lula,GA
LYG,Luling,Luling,LA
ULG,Luling,Luling,TX
LUB,Lumber Bridge,Lumber Bridge,NC
QUQ,Lumber City,Lumber City,GA
LBS,Lumberton,Lumberton,MS
LBT,Lumberton,Lumberton,NC
LUM,Lumberton,Lumberton,NJ
LMB,Lumberton,Lumberton,TX
LKN,Lumpkin,Lumpkin,GA
LUG,Lunenburg,Lunenburg,MA
UEB,Lunenburg,Lunenburg,VT
LP2,Lupton,Lupton,MI
LP3,Lupton,Lupton,NC
UPY,Lupton City,Lupton City,TN
LRY,Luray,Luray,TN
LRA,Luray,Luray,VA
3LU,Lusby,Lusby,MD
LSK,Lusk,Lusk,WY
LUH,Lutcher,Lutcher,LA
LS9,Luther,Luther,MS
LU4,Luther,Luther,OK
L2B,Luthersburg,Luthersburg,PA
UTH,Luthersville,Luthersville,GA
LHE,Lutherville-Timonium,Lutherville-Timonium,MD
LU6,Lutsen,Lutsen,MN
LL4,"Luttrell, Union","Luttrell, Union",TN
LYZ,Lutts,Lutts,TN
LTZ,Lutz,Lutz,FL
LZW,Luverne,Luverne,AL
UVN,Luverne,Luverne,MN
XR9,Luxemburg,Luxemburg,WI
UZR,Luzerne,Luzerne,PA
L7Y,Lyden,Lyden,NM
LYR,Lyerly,Lyerly,GA
YFR,Lyford,Lyford,TX
YKE,Lykens,Lykens,PA
3WA,Lyle,Lyle,WA
QLY,Lyles,Lyles,TN
UQH,Lyman,Lyman,SC
LYE,Lyme,Lyme,CT
LMQ,Lyme,Lyme,NH
LYB,Lynbrook,Lynbrook,NY
8HC,Lynch,Lynch,KY
LYC,Lynchburg,Lynchburg,SC
LYX,Lynchburg,Lynchburg,TN
LYH,Lynchburg,Lynchburg,VA
LB6,Lyndeborough,Lyndeborough,NH
LYN,Lynden,Lynden,WA
LDT,Lyndhurst,Lyndhurst,NJ
QYN,Lyndhurst,Lyndhurst,OH
YHU,Lyndhurst,Lyndhurst,VA
YDN,Lyndon,Lyndon,KS
JYN,Lyndon,Lyndon,KY
7LY,Lyndon,Lyndon,VT
YND,Lyndon Station,Lyndon Station,WI
NYK,Lyndonville,Lyndonville,NY
LLX,Lyndonville,Lyndonville,VT
LYA,Lynn,Lynn,AL
L2N,Lynn,Lynn,AR
LYI,Lynn,Lynn,IN
LZN,Lynn,Lynn,MA
ZNN,Lynn,Lynn,NC
LYM,Lynn Haven,Lynn Haven,FL
7YT,Lynnfield,Lynnfield,MA
YVO,Lynnhaven Roads,Lynnhaven Roads,VA
LYL,Lynnville,Lynnville,IA
2LV,Lynnville,Lynnville,TN
LYF,Lynnwood,Lynnwood,WA
LYJ,Lynwood,Lynwood,CA
LYW,Lynwood,Lynwood,IL
9LY,Lyon,Lyon,MS
LYQ,Lyon Station,Lyon Station,PA
YNS,Lyons,Lyons,CO
YOS,Lyons,Lyons,GA
LYS,Lyons,Lyons,IL
LYO,Lyons,Lyons,KS
ZYO,Lyons,Lyons,MI
LQS,Lyons,Lyons,NE
LYY,Lyons,Lyons,NY
LOY,Lyons,Lyons,OH
LZY,Lyons,Lyons,OR
LXS,Lyons,Lyons,SD
YOI,Lyons,Lyons,WI
YSF,Lyons Falls,Lyons Falls,NY
LOH,Lyoth,Lyoth,CA
ZYA,Lysander,Lysander,NY
L5E,Lytle,Lytle,TX
LYT,Lytton,Lytton,IA
MWB,Mabank,Mabank,TX
QMB,Mabel,Mabel,PA
YMB,Mabelvale,Mabelvale,AR
MBX,Maben,Maben,MS
XIC,Mabie,Mabie,WV
UQL,Mableton,Mableton,GA
3SD,Mabscott,Mabscott,WV
ZAN,Mabton,Mabton,WA
ZTW,Macatawa,Macatawa,MI
MQ5,Macclenny,Macclenny,FL
AF3,MacDill AFB,MacDill AFB,FL
MKD,Macdoel,Macdoel,CA
XIG,Macedon,Macedon,NY
M9Z,Macedonia,Macedonia,IL
XIF,Macedonia,Macedonia,OH
MKP,Maceo,Maceo,KY
8U6,Machen,Machen,GA
MP5,Machesney Park,Machesney Park,IL
ACI,Machias,Machias,ME
9MP,Machiasport,Machiasport,ME
MCD,Mackinac Island,Mackinac Island,MI
KWZ,Mackinaw,Mackinaw,IL
KWY,Mackinaw City,Mackinaw City,MI
EJK,Macks Creek,Macks Creek,MO
KNF,Macks Inn,Macks Inn,ID
MQB,Macomb,Macomb,IL
OMB,Macomb,Macomb,MI
MB4,Macomb,Macomb,OK
MCN,Macon,Macon,GA
MO8,Macon,Macon,IL
MAC,Macon,Macon,MO
9MC,Macon,Macon,MS
MGB,Macungie,Macungie,PA
RXU,Mad River,Mad River,CA
MAD,Madawaska,Madawaska,ME
2MB,Madbury,Madbury,NH
DOC,Maddock,Maddock,ND
ME6,Madeira,Madeira,OH
EIF,Madeira Beach,Madeira Beach,FL
MDA,Madelia,Madelia,MN
MAE,Madera,Madera,CA
MIL,Madill,Madill,OK
MAZ,Madison,Madison,AL
MPE,Madison,Madison,CT
DIC,Madison,Madison,FL
MDS,Madison,Madison,GA
MZX,Madison,Madison,IL
MDN,Madison,Madison,IN
MYY,Madison,Madison,ME
MA8,Madison,Madison,MN
M3D,Madison,Madison,MO
MSM,Madison,Madison,MS
MDI,Madison,Madison,NC
MSB,Madison,Madison,NE
6SN,Madison,Madison,NH
QMJ,Madison,Madison,NJ
MO7,Madison,Madison,NY
AAL,Madison,Madison,OH
DQS,Madison,Madison,PA
MO9,Madison,Madison,SC
XMD,Madison,Madison,SD
MAO,Madison,Madison,TN
MS4,Madison,Madison,VA
MSN,Madison,Madison,WI
QMD,Madison,Madison,WV
MSH,Madison Heights,Madison Heights,MI
MH5,Madison Heights,Madison Heights,VA
YMD,Madison Park,Madison Park,WA
MDJ,Madison-Madras Apt,Madison-Madras Apt,OR
MVQ,Madisonville,Madisonville,KY
INV,Madisonville,Madisonville,LA
IOE,Madisonville,Madisonville,TN
DIX,Madisonville,Madisonville,TX
MDM,Madras,Madras,OR
MDJ,Madras-Madison Apt,Madras-Madison Apt,OR
UID,Madrid,Madrid,IA
MA6,Magalia,Magalia,CA
MZ5,Magazine,Magazine,AR
QME,Magee,Magee,MS
M7V,Maggie Valley,Maggie Valley,NC
MG7,Magma,Magma,AZ
XIU,Magna,Magna,UT
ZG3,Magness,Magness,AR
AGO,Magnolia,Magnolia,AR
M3G,Magnolia,Magnolia,KY
MAG,Magnolia,Magnolia,MA
M4Z,Magnolia,Magnolia,MN
MN8,Magnolia,Magnolia,MS
M6L,Magnolia,Magnolia,NC
OIA,Magnolia,Magnolia,OH
AGI,Magnolia,Magnolia,TX
MLP,Magnolia Park,Magnolia Park,CA
YLM,Mahanoy City,Mahanoy City,PA
3MH,Maher,Maher,CO
MQ4,Maher Terminal,Maher Terminal,NJ
MA5,Mahnomen,Mahnomen,MN
JMM,Mahomet,Mahomet,IL
MAJ,Mahopac,Mahopac,NY
MAT,Mahrt,Mahrt,AL
MM8,Mahtomedi,Mahtomedi,MN
MHW,Mahwah,Mahwah,NJ
MAI,Maida,Maida,ND
UQO,Maiden,Maiden,NC
MS3,Maidens,Maidens,VA
IBL,Maidsville,Maidsville,WV
IEI,Maineville,Maineville,OH
ML6,Mainland,Mainland,PA
ML3,Maitland,Maitland,FL
Z38,Maize,Maize,KS
MK7,Makanda,Makanda,IL
MK8,Makawao,Makawao,HI
UMJ,Malabar,Malabar,FL
MLD,Malad City,Malad City,ID
MGA,Malaga,Malaga,NJ
MG5,Malaga,Malaga,WA
MKF,Malakoff,Malakoff,TX
M24,Malcolm,Malcolm,NE
GMM,Malcom,Malcom,IA
XII,Malden,Malden,MA
MAW,Malden,Malden,MO
D88,Malden,Malden,WA
MAL,Malibu,Malibu,CA
MLN,Malin,Malin,OR
M3A,Malinta,Malinta,OH
M4A,Malmo,Malmo,NE
MM6,Malmstrom AFB,Malmstrom AFB,MT
NYM,Malone,Malone,NY
AOE,Malone,Malone,TX
XIT,Malott,Malott,WA
TQM,Malta,Malta,IL
MLK,Malta,Malta,MT
MLX,Malta,Malta,NY
ZGB,Malta,Malta,OH
AQJ,Maltby,Maltby,WA
VVM,Malvern,Malvern,AL
MV6,Malvern,Malvern,AR
3MV,Malvern,Malvern,IA
MVR,Malvern,Malvern,OH
MWN,Malvern,Malvern,PA
MA7,Malvern,Malvern,TX
UQJ,Mamaroneck,Mamaroneck,NY
ZMH,Mammoth,Mammoth,CA
MMH,Mammoth Lakes,Mammoth Lakes,CA
M3S,Mammoth Spring,Mammoth Spring,AR
MUX,Mamou,Mamou,LA
VMA,Man,Man,WV
AAW,Manahawkin,Manahawkin,NJ
M2K,Manakin,Manakin,VA
9MT,Manakin-Sabot,Manakin-Sabot,VA
MQN,Manalapan,Manalapan,FL
APZ,Manalapan,Manalapan,NJ
ZMQ,Manasquan,Manasquan,NJ
MX4,Manassa,Manassa,CO
XM2,Manassas,Manassas,GA
MNZ,Manassas,Manassas,VA
KMK,Manassas Park,Manassas Park,VA
MEE,Manatee,Manatee,FL
MWW,Manawa,Manawa,WI
MY2,Manayunk,Manayunk,PA
M9A,Mancelona,Mancelona,MI
M2U,Manchaug,Manchaug,MA
M3T,Manchester,Manchester,CA
MNE,Manchester,Manchester,CT
MHI,Manchester,Manchester,GA
MNX,Manchester,Manchester,IA
MCX,Manchester,Manchester,KY
ZRM,Manchester,Manchester,MA
ZMN,Manchester,Manchester,MD
MR7,Manchester,Manchester,ME
MPC,Manchester,Manchester,MI
MNY,Manchester,Manchester,MO
MHT,Manchester,Manchester,NH
NMJ,Manchester,Manchester,NJ
M7W,Manchester,Manchester,NJ
NKR,Manchester,Manchester,NY
NSK,Manchester,Manchester,OH
UMZ,Manchester,Manchester,OK
YMC,Manchester,Manchester,PA
AQS,Manchester,Manchester,TN
YMX,Manchester,Manchester,VT
MCR,Manchester,Manchester,WA
MNJ,Manchester Center,Manchester Center,VT
MCS,Mancos,Mancos,CO
NDN,Mandan,Mandan,ND
NDR,Mandarin,Mandarin,FL
MAB,Mandeville,Mandeville,LA
MH8,Manhasset,Manhasset,NY
HM8,Manhattan,Manhattan,IL
MHK,Manhattan,Manhattan,KS
2MH,Manhattan,Manhattan,MT
NXH,Manhattan,Manhattan,NV
MBQ,Manhattan Beach,Manhattan Beach,CA
MNH,Manhattan/New York,Manhattan/New York,NY
MHF,Manheim,Manheim,PA
ZMY,Manheim Center,Manheim Center,NY
MXA,Manila,Manila,AR
MBL,Manistee,Manistee,MI
ISQ,Manistique,Manistique,MI
ILT,Manito,Manito,IL
MS8,Manitou Springs,Manitou Springs,CO
IZW,Manitowish Waters,Manitowish Waters,WI
MTW,Manitowoc,Manitowoc,WI
MKT,Mankato,Mankato,MN
MLY,Manley Hot Springs,Manley Hot Springs,AK
AIU,Manlius,Manlius,NY
9ML,Manly,Manly,IA
YNF,Mannford,Mannford,OK
IA2,Manning,Manning,IA
IFG,Manning,Manning,ND
MNG,Manning,Manning,SC
MT7,Mannington,Mannington,NJ
QNG,Mannington,Mannington,WV
AIM,Mannington Mills,Mannington Mills,NJ
OMZ,Manns Choice,Manns Choice,PA
NSV,Mannsville,Mannsville,NY
KMO,Manokotak,Manokotak,AK
ZMA,Manor,Manor,GA
MZ9,Manor,Manor,PA
MAQ,Manor,Manor,TX
MRA,Manorville,Manorville,NY
MQ3,Manquin,Manquin,VA
9ME,Manset,Manset,ME
XMW,Mansfield,Mansfield,AR
MSF,Mansfield,Mansfield,GA
AFD,Mansfield,Mansfield,LA
MNS,Mansfield,Mansfield,MA
LFM,Mansfield,Mansfield,MO
MFD,Mansfield,Mansfield,OH
MAS,Mansfield,Mansfield,PA
S7F,Mansfield,Mansfield,SD
MFL,Mansfield,Mansfield,TX
MC8,Mansfield Center,Mansfield Center,CT
MON,Manson,Manson,IA
YMN,Manson,Manson,WA
NSU,Mansura,Mansura,LA
ATI,Mantachie,Mantachie,MS
MTA,Manteca,Manteca,CA
MTZ,Mantee,Mantee,MS
MTR,Manteno,Manteno,IL
MEO,Manteo,Manteo,NC
NTJ,Manti,Manti,UT
N6J,Mantoloking,Mantoloking,NJ
IZM,Manton,Manton,MI
HY3,Mantorville,Mantorville,MN
QMU,Mantua,Mantua,NJ
MT9,Mantua,Mantua,OH
MAV,Manvel,Manvel,TX
MWP,Manver,Manver,PA
JVI,Manville,Manville,NJ
AVR,Manville,Manville,RI
NMY,Many,Many,LA
F8M,Many Farms,Many Farms,AZ
M5Z,Manzanola,Manzanola,CO
ZPU,Maple Bluff,Maple Bluff,WI
MQQ,Maple City,Maple City,MI
MPG,Maple Grove,Maple Grove,IL
XMG,Maple Grove,Maple Grove,MN
MGZ,Maple Grove,Maple Grove,OH
MAP,Maple Heights,Maple Heights,OH
MPU,Maple Hill,Maple Hill,KS
MIM,Maple Island,Maple Island,MN
YWO,Maple Lake,Maple Lake,MN
MEP,Maple Park,Maple Park,IL
MP4,Maple Plain,Maple Plain,MN
XJA,Maple Shade,Maple Shade,NJ
MV7,Maple Valley,Maple Valley,WA
AJV,Maplesville,Maplesville,AL
XIS,Mapleton,Mapleton,IL
MPM,Mapleton,Mapleton,ME
XUY,Mapleton,Mapleton,MN
NDK,Mapleton,Mapleton,ND
M4P,Mapleton,Mapleton,OR
NZX,Mapleton,Mapleton,TX
M9T,Mapleton,Mapleton,UT
MPX,Mapleville,Mapleville,RI
NPQ,Maplewood,Maplewood,MN
MW2,Maplewood,Maplewood,MO
MPW,Maplewood,Maplewood,NJ
MEK,Mappsville,Mappsville,VA
MQO,Maquoketa,Maquoketa,IA
MVA,Mar Vista,Mar Vista,CA
MZJ,Marana,Marana,AZ
MTH,Marathon,Marathon,FL
OM9,Marathon,Marathon,IA
NYA,Marathon,Marathon,NY
M7T,Marathon,Marathon,TX
MHH,Marathon,Marathon,WI
MX2,Marble,Marble,CO
ARQ,Marble,Marble,NC
NN9,Marble,Marble,PA
MYH,Marble Canyon,Marble Canyon,AZ
M4C,Marble City,Marble City,OK
MFA,Marble Falls,Marble Falls,TX
ZMB,Marble Hill,Marble Hill,GA
M55,Marble Hill,Marble Hill,MO
4MH,Marblehead,Marblehead,IL
MH2,Marblehead,Marblehead,MA
HD9,Marblehead,Marblehead,OH
MOV,Marceline,Marceline,MO
MU6,Marcellus,Marcellus,MI
ZLS,Marcellus,Marcellus,NY
RSY,March Air Reserve Base,March Air Reserve Base,CA
MRK,Marco Island,Marco Island,FL
MAH,Marcus Hook,Marcus Hook,PA
ZAY,Marcy,Marcy,NY
MI8,Mare Island,Mare Island,CA
MGO,Marengo,Marengo,IA
REG,Marengo,Marengo,IL
AEG,Marengo,Marengo,IN
M2A,Marengo,Marengo,OH
MRF,Marfa,Marfa,TX
ZEU,Margaretville,Margaretville,NY
MGT,Margate,Margate,FL
RTE,Marguerite Bay,Marguerite Bay,AK
ISK,Maria Stein,Maria Stein,OH
RIA,Marianna,Marianna,AR
MNF,Marianna,Marianna,FL
EPC,Maricopa,Maricopa,AZ
AIC,Maricopa,Maricopa,CA
MRI,Mariemont,Mariemont,OH
RL6,Marienville,Marienville,PA
IET,Marietta,Marietta,FL
MGE,Marietta,Marietta,GA
T6T,Marietta,Marietta,IL
RTT,Marietta,Marietta,OH
MIR,Marietta,Marietta,OK
MPD,Marietta,Marietta,PA
RTA,Marietta,Marietta,SC
DXM,Marin City,Marin City,CA
MAK,Marina,Marina,CA
MDX,Marina del Rey,Marina del Rey,CA
MOY,Marinette,Marinette,WI
MGU,Maringouin,Maringouin,LA
PU8,Marion,Marion,AL
MQM,Marion,Marion,AR
MMX,Marion,Marion,IA
MWA,Marion,Marion,IL
MZZ,Marion,Marion,IN
9MN,Marion,Marion,KS
IJN,Marion,Marion,KY
MN2,Marion,Marion,LA
QAM,Marion,Marion,MA
M2R,Marion,Marion,MI
MIN,Marion,Marion,NC
MXB,Marion,Marion,NY
MNN,Marion,Marion,OH
XJC,Marion,Marion,PA
MSR,Marion,Marion,SC
M4R,Marion,Marion,SD
MA9,Marion,Marion,TX
XJD,Marion,Marion,VA
IMA,Marion,Marion,WI
MVF,Marionville,Marionville,MO
MP8,Mariposa,Mariposa,CA
JMA,Marissa,Marissa,IL
AWK,Mark,Mark,IL
AKT,Marked Tree,Marked Tree,AR
MKQ,Markesan,Markesan,WI
MKM,Markham,Markham,IL
MKH,Markham,Markham,TX
MK5,Markham,Markham,VA
MQL,Markle,Markle,IN
VFH,Markleeville,Markleeville,CA
QMK,Markleville,Markleville,IN
MMS,Marks,Marks,MS
ZEK,Marksville,Marksville,LA
MBB,Marlboro,Marlboro,NJ
MBZ,Marlboro,Marlboro,NY
7MA,Marlboro,Marlboro,VT
MXG,Marlboro (Marlborough),Marlboro (Marlborough),MA
UUG,Marlborough,Marlborough,CT
MGX,Marlborough,Marlborough,NH
MB2,"Marlborough, Middlesex","Marlborough, Middlesex",MA
MQH,Marlette,Marlette,MI
ML2,Marlin,Marlin,PA
M9L,Marlin,Marlin,TX
M4L,Marlinton,Marlinton,WV
8MR,Marlow,Marlow,NH
AOW,Marlow,Marlow,OK
MWE,Marlow Heights,Marlow Heights,MD
MJT,Marlton,Marlton,NJ
ZRU,Marmaduke,Marmaduke,AR
M26,Marne,Marne,IA
QMM,Marne,Marne,MI
MUR,Maroa,Maroa,IL
MQT,Marquette,Marquette,MI
QTT,Marquette,Marquette,NE
QEZ,Marquez,Marquez,TX
MAR,Marrero,Marrero,LA
MWZ,Marrowbone,Marrowbone,KY
XJB,Mars,Mars,PA
MX5,Mars Hill,Mars Hill,ME
YMH,Mars Hill,Mars Hill,NC
MR2,Marseilles,Marseilles,IL
ZEX,Marseilles,Marseilles,OH
M5H,Marshall,Marshall,AK
KTM,Marshall,Marshall,AR
QMH,Marshall,Marshall,CA
ML8,Marshall,Marshall,IL
MHG,Marshall,Marshall,MI
MML,Marshall,Marshall,MN
MHL,Marshall,Marshall,MO
NMA,Marshall,Marshall,NC
XRH,Marshall,Marshall,OK
ASL,Marshall,Marshall,TX
MQ9,Marshall,Marshall,VA
QML,Marshall,Marshall,WI
SL7,Marshallton,Marshallton,DE
MIW,Marshalltown,Marshalltown,IA
M22,Marshallville,Marshallville,GA
MFB,Marshfield,Marshfield,MA
M46,Marshfield,Marshfield,ME
MF8,Marshfield,Marshfield,MO
8FL,Marshfield,Marshfield,VT
MFI,Marshfield,Marshfield,WI
MHD,Marshville,Marshville,NC
MSG,Marsing,Marsing,ID
9MS,Marston,Marston,MO
M4S,Marston,Marston,NC
XJE,Martel,Martel,OH
MVY,Martha's Vineyard,Martha's Vineyard,MA
AHX,Marthasville,Marthasville,MO
ZAR,Martin,Martin,KY
MAN,Martin,Martin,MI
QYG,Martin,Martin,SC
MMT,Martin,Martin,TN
MTN,Martin Mariet/Baltimore,Martin Mariet/Baltimore,MD
ZRT,Martindale,Martindale,TX
MRZ,Martinez,Martinez,CA
RTI,Martinez,Martinez,GA
MQP,Martins Creek,Martins Creek,PA
MFY,Martins Ferry,Martins Ferry,OH
MB7,Martinsburg,Martinsburg,OH
AIR,Martinsburg,Martinsburg,PA
MRB,Martinsburg,Martinsburg,WV
IIE,Martinsville,Martinsville,IL
MXS,Martinsville,Martinsville,IN
MV8,Martinsville,Martinsville,NJ
MTV,Martinsville,Martinsville,VA
AMV,Marvell,Marvell,AR
ZVX,Marvin,Marvin,TN
MYT,Mary Esther,Mary Esther,FL
ZJW,Maryland,Maryland,LA
ZJV,Maryland City,Maryland City,MD
MHY,Maryland Heights,Maryland Heights,MO
MY4,Maryneal,Maryneal,TX
MYV,Marysville,Marysville,CA
MYE,Marysville,Marysville,KS
MVV,Marysville,Marysville,MI
MRV,Marysville,Marysville,OH
MYP,Marysville,Marysville,PA
MYS,Marysville,Marysville,WA
VLP,Maryville,Maryville,IL
YIB,Maryville,Maryville,IL
MVD,Maryville,Maryville,MO
MRL,Maryville,Maryville,TN
9DI,Masardis,Masardis,ME
MSA,Masaryktown,Masaryktown,FL
AOT,Mascot,Mascot,TN
MO5,Mascotte,Mascotte,FL
MSK,Mascoutah,Mascoutah,IL
UCH,Mashantucket,Mashantucket,CT
ME7,Mashpee,Mashpee,MA
MWJ,Mason,Mason,MI
UXE,Mason,Mason,OH
QON,Mason,Mason,TN
YAQ,Mason,Mason,TX
MCW,Mason City,Mason City,IA
M2C,Mason City,Mason City,IL
ONQ,"Mason, Bayfield","Mason, Bayfield",WI
QER,Masontown,Masontown,PA
VXI,Masontown,Masontown,WV
MI5,Masonville,Masonville,IA
MPB,Maspeth,Maspeth,NY
AQU,Massapequa,Massapequa,NY
MSS,Massena,Massena,NY
QMZ,Massey,Massey,MD
XJF,Massillon,Massillon,OH
ZTC,Mastic,Mastic,NY
MZ7,Mastic Beach,Mastic Beach,NY
MSU,Masury,Masury,OH
MD2,Matador,Matador,TX
MGI,Matagorda Island,Matagorda Island,TX
MTU,Matanuska,Matanuska,AK
TAW,Matawan,Matawan,NJ
M9W,Matewan,Matewan,WV
THC,Mather,Mather,CA
MJW,Mathews,Mathews,LA
ZMI,Mathis,Mathis,TX
MI6,Mathiston,Mathiston,MS
M4T,Matson,Matson,MO
MTQ,Mattapoisett,Mattapoisett,MA
KMJ,Mattaponi,Mattaponi,VA
WXJ,Mattawa,Mattawa,WA
6KT,Mattawamkeag,Mattawamkeag,ME
MNW,Mattawan,Mattawan,MI
AES,Matteson,Matteson,IL
H33,Matthews,Matthews,IN
MW9,Matthews,Matthews,MO
MUA,Matthews,Matthews,NC
XUK,Mattituck,Mattituck,NY
MTO,Mattoon,Mattoon,IL
KMA,Mattoon,Mattoon,WI
MTD,Mattydale,Mattydale,NY
MP2,Mauckport,Mauckport,IN
MAU,Mauldin,Mauldin,SC
MMY,Maumee,Maumee,OH
MLE,Maumelle,Maumelle,AR
UCW,Mauricetown,Mauricetown,NJ
NJS,Mauriceville,Mauriceville,TX
YCT,Maury City,Maury City,TN
TSX,Mauston,Mauston,WI
MXM,Max Meadows,Max Meadows,VA
MXE,Maxton,Maxton,NC
XWL,Maxwell,Maxwell,AL
AXW,Maxwell,Maxwell,CA
WX3,Maxwell,Maxwell,IA
XW3,Maxwell,Maxwell,IN
M3X,Maxwell,Maxwell,NE
MWU,Maxwell,Maxwell,OK
Y2M,May,May,TX
MYK,May Creek,May Creek,AK
MYQ,Maybrook,Maybrook,NY
M9Y,Mayer,Mayer,AZ
YMM,Mayer,Mayer,MN
M2Y,Mayersville,Mayersville,MS
YEI,Mayetta,Mayetta,KS
MY8,Mayfield,Mayfield,ID
MAY,Mayfield,Mayfield,KY
M9F,Mayfield,Mayfield,OH
MFP,Mayfield,Mayfield,PA
M3H,Mayfield Heights,Mayfield Heights,OH
MF7,"Mayfield, Butler","Mayfield, Butler",OH
AYF,"Mayfield, Cuyahoga","Mayfield, Cuyahoga",OH
M8F,Mayflower,Mayflower,AR
MH3,Mayhew,Mayhew,MS
ML9,Maylene,Maylene,AL
UMY,Maynard,Maynard,MA
MYB,Maynard,Maynard,MN
YVF,Maynardville,Maynardville,TN
MAA,Mayo,Mayo,FL
MY6,Mayo,Mayo,SC
MYO,Mayodan,Mayodan,NC
YEH,Maypearl,Maypearl,TX
NRB,Mayport,Mayport,FL
MYJ,Mays Landing,Mays Landing,NJ
YVV,Maysville,Maysville,GA
MVU,Maysville,Maysville,KY
YSL,Maysville,Maysville,OK
YSI,Maysville,Maysville,WV
M3L,Mayville,Mayville,MI
MA4,Mayville,Mayville,ND
AY7,Mayville,Mayville,NY
MYI,Mayville,Mayville,WI
MYA,Maywood,Maywood,CA
M3W,Maywood,Maywood,NE
MYW,Maywood,Maywood,NJ
MZK,Maywood Park,Maywood Park,OR
MQF,"Maywood, Albany","Maywood, Albany",NY
MWQ,Maywood/Chicago,Maywood/Chicago,IL
MZV,Mazomanie,Mazomanie,WI
MZF,Mazon,Mazon,IL
M2J,Mc David,Mc David,FL
IZN,Mc Shan,Mc Shan,AL
MCV,McAdenville,McAdenville,NC
MCA,McAdoo,McAdoo,PA
MLC,McAlester,McAlester,OK
MA2,McAlisterville,McAlisterville,PA
TXC,McAllen,McAllen,TX
MFE,McAllen-Mission Apt,McAllen-Mission Apt,TX
LPN,McAlpin,McAlpin,FL
MCU,McArthur,McArthur,OH
KMZ,McBain,McBain,MI
XIE,McBee,McBee,SC
MBI,McBride,McBride,MO
MYL,McCall,McCall,ID
MKX,McCalla,McCalla,AL
MPN,McCamey,McCamey,TX
CA5,McCanna,McCanna,ND
NVM,McCarran,McCarran,NV
MXY,McCarthy,McCarthy,AK
MFS,McChord Air Force Base,McChord Air Force Base,WA
VCZ,McClave,McClave,CO
QMW,McCleary,McCleary,WA
NKF,McClellan,McClellan,CA
MC2,McClellan Air Force Base,McClellan Air Force Base,CA
MP6,McClellan Place,McClellan Place,CA
M3C,Mcclellandtown,Mcclellandtown,PA
V9V,Mcclellanville,Mcclellanville,SC
OJC,Mccloud,Mccloud,CA
JMU,McClure,McClure,OH
VMC,McClure,McClure,PA
C7U,Mcclusky,Mcclusky,ND
MCB,McComb,McComb,MS
XXZ,McCombs,McCombs,OH
ZXY,Mcconnells,Mcconnells,SC
MNB,McConnellsburg,McConnellsburg,PA
ZXW,McConnellsville,McConnellsville,NY
MVZ,McConnelsville,McConnelsville,OH
MCO,McCook,McCook,IL
MCK,McCook,McCook,NE
OIK,McCormick,McCormick,SC
QQM,McCoy,McCoy,CO
MCC,McCrory,McCrory,AR
MD3,McDade,McDade,TX
MDT,McDermott,McDermott,OH
MDP,McDonald,McDonald,PA
DGD,McDonald,McDonald,TN
DOD,"McDonald, Muskingum","McDonald, Muskingum",OH
MD8,"McDonald, Trumbull","McDonald, Trumbull",OH
MCH,McDonough,McDonough,GA
9DH,Mcdonough,Mcdonough,NY
DJW,McDowell,McDowell,WV
LHC,McElhattan,McElhattan,PA
ZWM,McEwen,McEwen,TN
MCF,McFarland,McFarland,CA
MF6,McFarland,McFarland,WI
MZ3,Mcgaheysville,Mcgaheysville,VA
MWK,McGaw Park,McGaw Park,IL
GEH,McGehee,McGehee,AR
MCG,McGrath,McGrath,AK
M64,Mcgraw,Mcgraw,NY
MG2,McGregor,McGregor,IA
MG3,McGregor,McGregor,MN
MG4,McGregor,McGregor,TX
MHB,McHenry,McHenry,IL
M2H,McHenry,McHenry,MD
MZI,McIntosh,McIntosh,AL
M25,McIntosh,McIntosh,GA
5TH,McIntosh,McIntosh,SD
MCQ,McIntyre,McIntyre,GA
KMD,Mckean,Mckean,PA
MKJ,McKees Rocks,McKees Rocks,PA
MKR,McKeesport,McKeesport,PA
MKN,McKenney,McKenney,VA
MK2,McKenzie,McKenzie,AL
KZE,Mckenzie,Mckenzie,ND
UQX,McKenzie,McKenzie,TN
MLA,McKinley Park,McKinley Park,AK
KNY,McKinleyville,McKinleyville,CA
MCT,McKinney,McKinney,TX
MK4,Mckittrick,Mckittrick,CA
XQM,"McLean/Washington, D.C.","McLean/Washington, D.C.",VA
IMQ,McLeansboro,McLeansboro,IL
QMC,McLeansville,McLeansville,NC
C3U,Mclouth,Mclouth,KS
EHJ,McMechen,McMechen,WV
MMW,McMillin,McMillin,WA
MMC,McMinnville,McMinnville,OR
RNC,McMinnville,McMinnville,TN
MCM,McMurray,McMurray,PA
MRX,McNary,McNary,OR
JIL,McNeil,McNeil,TX
MPR,McPherson,McPherson,KS
QNY,McQueeney,McQueeney,TX
MQW,McRae,McRae,GA
HYT,McSherrystown,McSherrystown,PA
MVT,McVeytown,McVeytown,PA
DCM,McWilliams,McWilliams,AL
M9E,Mead,Mead,CO
MD4,Mead,Mead,NE
M2E,Mead,Mead,OK
ME8,Mead,Mead,WA
4MA,Meade,Meade,KS
M6B,Meadow Bridge,Meadow Bridge,WV
MWD,Meadow Lands,Meadow Lands,PA
JJQ,Meadows of Dan,Meadows of Dan,VA
EOP,Meadows Place,Meadows Place,TX
MEJ,Meadville,Meadville,PA
QMS,Means,Means,KY
M3I,Meansville,Meansville,GA
MBN,Mebane,Mebane,NC
MEX,Mecca,Mecca,CA
KMC,Mecca,Mecca,IN
EAZ,Mechanic Falls,Mechanic Falls,ME
HCG,Mechanicsburg,Mechanicsburg,IL
MEG,Mechanicsburg,Mechanicsburg,PA
ECI,"Mechanicsburg, Beaver","Mechanicsburg, Beaver",PA
MEC,Mechanicsville,Mechanicsville,VA
MHV,Mechanicville,Mechanicville,NY
UMQ,Mecosta,Mecosta,MI
9MB,Meddybemps,Meddybemps,ME
MDC,Medfield,Medfield,MA
MFC,Medford,Medford,MA
ME4,Medford,Medford,MN
UQN,Medford,Medford,NJ
MDE,Medford,Medford,NY
3MD,Medford,Medford,OK
MFR,Medford,Medford,OR
MDF,Medford,Medford,WI
MDR,Medfra,Medfra,AK
XIJ,Media,Media,PA
MP7,Mediapolis,Mediapolis,IA
VMB,Medicine Bow,Medicine Bow,WY
JMI,Medicine Lodge,Medicine Lodge,KS
NMZ,Medina,Medina,MN
DQM,Medina,Medina,ND
MDK,Medina,Medina,NY
MDQ,Medina,Medina,OH
DIN,Medina,Medina,TX
VMX,Medina,Medina,WA
EQH,Medinah,Medinah,IL
MDY,Medley,Medley,FL
MN3,Medon,Medon,TN
MD6,Medora,Medora,KS
MY9,Medway,Medway,MA
M8A,Medway,Medway,ME
DWF,Medway,Medway,OH
MRU,Meeker,Meeker,CO
MK3,Meeker,Meeker,OK
EM8,Meeteetse,Meeteetse,WY
JJK,Megargel,Megargel,TX
32M,Meggett,Meggett,SC
MEH,Mehoopany,Mehoopany,PA
QIG,Meigs,Meigs,GA
MYU,Mekoryuk,Mekoryuk,AK
MKB,Melba,Melba,ID
MQJ,Melbourne,Melbourne,AR
MLB,Melbourne,Melbourne,FL
ZJG,Melbourne,Melbourne,IA
MBE,Melbourne Beach,Melbourne Beach,FL
MFV,Melfa,Melfa,VA
VMJ,Melissa,Melissa,TX
FG4,Melissa,Melissa,WV
ZML,Mellen,Mellen,WI
M34,Mellenville,Mellenville,NY
DMW,Mellwood,Mellwood,AR
MLO,Melrose,Melrose,MA
MMZ,Melrose,Melrose,MN
M5L,Melrose,Melrose,NY
MO2,Melrose,Melrose,TN
MRP,Melrose Park,Melrose Park,IL
EKU,Melrose Park,Melrose Park,PA
ZMV,Melville,Melville,NY
ZVM,Melvin,Melvin,IL
YJN,Melvin,Melvin,TX
9VL,Melvin Village,Melvin Village,NH
MGF,Melvindale,Melvindale,MI
ZGD,Memphis,Memphis,FL
8MI,Memphis,Memphis,IN
OMQ,Memphis,Memphis,MI
EJS,Memphis,Memphis,MO
EI2,Memphis,Memphis,MS
MEM,Memphis,Memphis,TN
MTX,Memphis,Memphis,TX
AE4,Mena,Mena,AR
XXG,Menahga,Menahga,MN
NAD,Menands,Menands,NY
MEZ,Menasha,Menasha,WI
QMQ,Mendenhall,Mendenhall,MS
ZEY,Mendham,Mendham,NJ
MND,Mendocino,Mendocino,CA
M6E,Mendon,Mendon,IL
NDO,Mendon,Mendon,MA
JJJ,Mendon,Mendon,MI
ENU,Mendon,Mendon,MO
M8N,Mendon,Mendon,NY
M2O,Mendon,Mendon,UT
ZMC,Mendota,Mendota,CA
MEN,Mendota,Mendota,IL
DTB,Mendota,Mendota,TX
DO7,Mendota,Mendota,VA
MDG,Mendota Heights,Mendota Heights,MN
MN5,Menemsha,Menemsha,MA
EFE,Menifee,Menifee,CA
MNL,Menlo,Menlo,GA
5LO,Menlo,Menlo,IA
MKU,Menlo Park,Menlo Park,CA
MO6,Menno,Menno,SD
ZME,Meno,Meno,OK
MNM,Menominee,Menominee,MI
MMF,Menomonee Falls,Menomonee Falls,WI
MMM,Menomonie,Menomonie,WI
MX9,Mentmore,Mentmore,NM
MT6,Mentone,Mentone,AL
MZQ,Mentone,Mentone,CA
NNE,Mentone,Mentone,IN
MX3,Mentone,Mentone,TX
ZTO,Mentor,Mentor,MN
MEA,Mentor,Mentor,OH
MQU,Mequon,Mequon,WI
ZXE,Mer Rouge,Mer Rouge,LA
MXP,Meraux,Meraux,LA
MCE,Merced,Merced,CA
MRS,Mercedes,Mercedes,TX
MZ2,Mercer,Mercer,ME
EZC,Mercer,Mercer,MO
MQX,Mercer,Mercer,PA
DMC,Mercer,Mercer,WI
MQZ,Mercer Island,Mercer Island,WA
MBP,Mercersburg,Mercersburg,PA
MVS,Mercerville,Mercerville,NJ
M7E,Merchantville,Merchantville,NJ
DRA,Mercury,Mercury,NV
MD5,Meredith,Meredith,NH
ME5,Meredith,Meredith,NY
OIS,Meredosia,Meredosia,IL
MRD,Meriden,Meriden,CT
MN7,Meriden,Meriden,KS
EIQ,Meriden,Meriden,MN
MZA,Meridian,Meridian,CA
MJA,Meridian,Meridian,ID
MEI,Meridian,Meridian,MS
M3R,Meridian,Meridian,TX
MLZ,Meridianville,Meridianville,AL
IJO,Merino,Merino,CO
JEK,Merkel,Merkel,TX
MNU,Mermentau,Mermentau,LA
KXM,Merom,Merom,IN
MEW,Merriam,Merriam,KS
MER,Merrick,Merrick,NY
MZR,Merrifield,Merrifield,MN
VM4,Merrifield,Merrifield,VA
9MR,Merrill,Merrill,IA
MMD,Merrill,Merrill,MI
VMR,Merrill,Merrill,OR
RRL,Merrill,Merrill,WI
MEL,Merrillville,Merrillville,IN
MM2,Merrimac,Merrimac,MA
RM8,Merrimac,Merrimac,WI
MRM,Merrimack,Merrimack,NH
MBF,Merritt Island,Merritt Island,FL
IWN,Merrittstown,Merrittstown,PA
MH7,Merry Hill,Merry Hill,NC
M7S,Mershon,Mershon,GA
M7N,Merton,Merton,WI
ERT,Mertzon,Mertzon,TX
MZP,Mertztown,Mertztown,PA
MQA,Mesa,Mesa,AR
MSC,Mesa,Mesa,AZ
JME,Mesa,Mesa,CO
EZS,Mesa,Mesa,WA
ZPN,Meshoppen,Meshoppen,PA
VSK,Mesick,Mesick,MI
MSX,Mesilla Park,Mesilla Park,NM
ME9,Mesopotamia,Mesopotamia,OH
MQS,Mesquite,Mesquite,NM
MFH,Mesquite,Mesquite,NV
MSQ,Mesquite,Mesquite,TX
MZB,Meta,Meta,MO
MTE,Metairie,Metairie,LA
MTF,Metaline Falls,Metaline Falls,WA
EOA,Metamora,Metamora,IL
MM3,Metamora,Metamora,MI
EMF,Metamora,Metamora,OH
MZN,Methuen,Methuen,MA
MTM,Metlakatla,Metlakatla,AK
2MT,Metolius,Metolius,OR
MET,Metropolis,Metropolis,IL
MT2,Mettawa,Mettawa,IL
TTR,Metter,Metter,GA
M8T,Mettler,Mettler,CA
MEU,Metuchen,Metuchen,NJ
MTY,Metzger,Metzger,OR
MAX,Mexia,Mexia,TX
XXX,Mexico,Mexico,ME
MXI,Mexico,Mexico,MO
ZGJ,Mexico Beach,Mexico Beach,FL
WMK,Meyers Chuck,Meyers Chuck,AK
MYD,Meyersdale,Meyersdale,PA
4MI,Miami,Miami,AZ
MIA,Miami,Miami,FL
MIO,Miami,Miami,OK
IMV,Miami,Miami,TX
IYH,Miami Beach,Miami Beach,FL
JDM,Miami Downtown Heliport Airport,Miami Downtown Heliport Airport,FL
ZMG,Miami Gardens,Miami Gardens,FL
MMK,Miami Lakes,Miami Lakes,FL
KKV,Miami River,Miami River,FL
M4I,Miami Shores,Miami Shores,FL
MIZ,Miami Springs,Miami Springs,FL
IAM,Miamisburg,Miamisburg,OH
IMW,Miamitown,Miamitown,OH
MAM,Miamiville,Miamiville,OH
ICM,Mica,Mica,WA
ICA,Micanopy,Micanopy,FL
M3V,Micaville,Micaville,NC
MI7,Michael,Michael,IL
MG8,Michigamme,Michigamme,MI
IGX,Michigan,Michigan,ND
MNC,Michigan Center,Michigan Center,MI
MGC,Michigan City,Michigan City,IN
KMH,Michigantown,Michigantown,IN
XIQ,Mickleton,Mickleton,NJ
IQO,Mico,Mico,TX
MI9,Midas,Midas,NV
IFH,Middle Falls,Middle Falls,NY
MGL,Middle Granville,Middle Granville,NY
M9G,Middle Grove,Middle Grove,NY
ZIX,Middle Island,Middle Island,NY
7MP,Middle Point,Middle Point,OH
MDV,Middle River,Middle River,MD
MVG,Middle Village,Middle Village,NY
MID,Middleboro,Middleboro,MA
M4B,Middlebourne,Middlebourne,WV
XXH,Middlebranch,Middlebranch,OH
MB8,Middleburg,Middleburg,FL
HQ4,Middleburg,Middleburg,NC
LRG,Middleburg,Middleburg,PA
D7D,Middleburg,Middleburg,TN
MG9,Middleburg,Middleburg,VA
MBV,Middleburg Heights,Middleburg Heights,OH
DBU,"Middleburg, Logan","Middleburg, Logan",OH
M2D,Middlebury,Middlebury,CT
MDU,Middlebury,Middlebury,IN
MBU,Middlebury,Middlebury,VT
URY,Middlebury Center,Middlebury Center,PA
XXD,Middlefield,Middlefield,CT
3DF,Middlefield,Middlefield,MA
QMI,Middlefield,Middlefield,OH
M3P,Middleport,Middleport,NY
MIP,Middleport,Middleport,OH
MBR,Middlesboro,Middlesboro,KY
IDD,Middlesex,Middlesex,NC
MIS,Middlesex,Middlesex,NJ
ID9,Middleton,Middleton,ID
MT3,Middleton,Middleton,IL
MYN,Middleton,Middleton,MA
DDT,Middleton,Middleton,MI
YYV,Middleton,Middleton,PA
MJP,Middleton,Middleton,TN
MDW,Middleton,Middleton,WI
MDO,Middleton Island,Middleton Island,AK
DLW,Middletown,Middletown,CA
XIN,Middletown,Middletown,CT
MIU,Middletown,Middletown,DE
M76,Middletown,Middletown,IA
JDD,Middletown,Middletown,IN
M44,Middletown,Middletown,MD
ILQ,Middletown,Middletown,MO
MIJ,Middletown,Middletown,NJ
MIY,Middletown,Middletown,NY
MWO,Middletown,Middletown,OH
UQT,Middletown,Middletown,PA
YMT,Middletown,Middletown,RI
MWV,Middletown,Middletown,VA
7MS,Middletown Springs,Middletown Springs,VT
DDN,"Middletown, Allen","Middletown, Allen",IN
UQK,"Middletown, Frederick","Middletown, Frederick",MD
DD3,"Middletown, Shelby","Middletown, Shelby",IN
MVK,Middleville,Middleville,MI
DDY,Middleway,Middleway,WV
IFE,Midfield,Midfield,AL
XFW,Midfield,Midfield,TX
MK9,Midkiff,Midkiff,TX
MJD,Midland,Midland,GA
ILD,Midland,Midland,MI
IAL,Midland,Midland,NC
M4D,Midland,Midland,OH
ZID,Midland,Midland,PA
XAD,Midland,Midland,SD
MAF,Midland,Midland,TX
YML,Midland,Midland,VA
MDD,Midland Airpark,Midland Airpark,TX
IDY,Midland City,Midland City,AL
MDL,Midland Park,Midland Park,NJ
MBS,Midland-Bay City-Saginaw Apt,Midland-Bay City-Saginaw Apt,MI
MLH,Midlothian,Midlothian,IL
MIB,Midlothian,Midlothian,TX
MED,Midlothian,Midlothian,VA
M9P,Midpines,Midpines,CA
IDV,Midvale,Midvale,OH
MZC,Midvale,Midvale,UT
M5E,Midville,Midville,GA
IWY,Midway,Midway,AR
M8W,Midway,Midway,CA
MYF,Midway,Midway,FL
IWA,Midway,Midway,GA
DBD,Midway,Midway,IL
M23,Midway,Midway,KY
MWY,Midway,Midway,TN
M7Y,Midway,Midway,UT
MWC,Midway City,Midway City,CA
M2P,Midway Park,Midway Park,NC
QMY,"Midway, Liberty","Midway, Liberty",GA
IDW,Midwest City,Midwest City,OK
IFB,Mifflinburg,Mifflinburg,PA
M2I,Mifflintown,Mifflintown,PA
MFN,Mifflinville,Mifflinville,PA
ML4,Milaca,Milaca,MN
ML7,Milan,Milan,GA
MIQ,Milan,Milan,IL
NMM,Milan,Milan,IN
YIM,Milan,Milan,KS
UQZ,Milan,Milan,MI
OML,Milan,Milan,MO
9MI,Milan,Milan,NH
MN9,Milan,Milan,NM
7ML,Milan,Milan,NY
LIM,Milan,Milan,OH
ZIM,Milan,Milan,PA
MXN,Milan,Milan,TN
MBK,Milbank,Milbank,SD
MLQ,Milbridge,Milbridge,ME
M2B,Milburn,Milburn,OK
M4F,Mildford,Mildford,MA
JMD,Mildred,Mildred,PA
YMI,Miles City,Miles City,FL
MLS,Miles City,Miles City,MT
UQY,Milesburg,Milesburg,PA
IVZ,Milesville,Milesville,SD
MFX,Milford,Milford,CT
MEQ,Milford,Milford,DE
MFJ,Milford,Milford,IA
MFF,Milford,Milford,IL
MII,Milford,Milford,IN
MFK,Milford,Milford,MA
MFO,Milford,Milford,ME
MF5,Milford,Milford,MI
KMF,Milford,Milford,NE
MFW,Milford,Milford,NH
MFT,Milford,Milford,NJ
QFD,Milford,Milford,NY
MRQ,Milford,Milford,OH
MFQ,Milford,Milford,PA
XIK,Milford,Milford,TX
MLF,Milford,Milford,UT
QAO,Milford,Milford,VA
FKC,Milford Center,Milford Center,OH
M4M,Milford Mill,Milford Mill,MD
MM7,Mililani Town,Mililani Town,HI
ICI,Mill City,Mill City,NV
ZMK,Mill Creek,Mill Creek,OK
MC3,Mill Creek,Mill Creek,PA
MKW,Mill Creek,Mill Creek,WA
MHP,Mill Hall,Mill Hall,PA
XRG,Mill Spring,Mill Spring,MO
TMJ,Mill Spring,Mill Spring,NC
VYV,Mill Valley,Mill Valley,CA
WM4,Milladore,Milladore,WI
MBA,Millbrae,Millbrae,CA
MBJ,Millbrook,Millbrook,AL
ZOO,Millbrook,Millbrook,NY
XIR,Millburn,Millburn,NJ
MBT,Millbury,Millbury,MA
XID,Millbury,Millbury,OH
5MD,Milldale,Milldale,CT
MLJ,Milledgeville,Milledgeville,GA
QLB,Milledgeville,Milledgeville,IL
MI4,Millen,Millen,GA
M9R,Miller,Miller,MO
IL2,Miller,Miller,SD
IPL,Miller Place,Miller Place,NY
ZQS,Millersburg,Millersburg,IN
ILB,Millersburg,Millersburg,KY
MLV,Millersburg,Millersburg,OH
MUG,Millersburg,Millersburg,PA
ILR,Millersport,Millersport,OH
QJT,Millerstown,Millerstown,PA
9MV,Millersview,Millersview,TX
MVB,Millersville,Millersville,MD
IIF,Millersville,Millersville,OH
ISE,Millersville,Millersville,PA
MT4,Millerton,Millerton,NY
OZB,Millheim,Millheim,PA
T9X,Millican,Millican,TX
5MK,Milliken,Milliken,CO
MTL,Millington,Millington,MD
M9I,Millington,Millington,MI
MGY,Millington,Millington,NJ
MZD,Millington,Millington,TN
MLT,Millinocket,Millinocket,ME
MS2,Millis,Millis,MA
IMY,Millmont,Millmont,PA
IPR,Millport,Millport,AL
M3Y,Millry,Millry,AL
JML,Mills,Mills,WY
MS9,Mills River,Mills River,NC
MZ8,Millsap,Millsap,TX
MBD,Millsboro,Millsboro,DE
KYA,Millsdale,Millsdale,IL
MS7,Millstadt,Millstadt,IL
ISZ,Millston,Millston,WI
IWH,Millstone,Millstone,NJ
MP9,Millstone Township,Millstone Township,NJ
MMJ,Milltown,Milltown,NJ
MM5,Milltown,Milltown,WI
3LV,Millvale,Millvale,PA
V6M,Millville,Millville,IN
V8V,Millville,Millville,MA
VLZ,Millville,Millville,NJ
MIV,Millville,Millville,NJ
MV2,Millville,Millville,PA
MVI,Millville,Millville,RI
IOO,Millwood,Millwood,KY
MW7,Millwood,Millwood,NY
ZEZ,Millwood,Millwood,VA
MW4,Millwood,Millwood,WV
MN4,Milner,Milner,GA
MXD,Milner,Milner,ID
JMO,Milo,Milo,ME
MPT,Milpitas,Milpitas,CA
YMY,Milroy,Milroy,IN
MZE,Milroy,Milroy,PA
MLW,Milton,Milton,DE
NSE,Milton,Milton,FL
M3N,Milton,Milton,GA
MXW,Milton,Milton,IA
M8O,Milton,Milton,KY
MXL,Milton,Milton,MA
IJL,Milton,Milton,NH
MZG,Milton,Milton,NY
MIC,Milton,Milton,PA
MT5,Milton,Milton,VT
8RE,Milton,Milton,WA
M8I,Milton,Milton,WI
ZNM,Milton,Milton,WV
M2M,Milton Mills,Milton Mills,NH
M8M,Miltona,Miltona,MN
MZH,Milton-Freewater,Milton-Freewater,OR
VL9,Milville,Milville,NJ
MKE,Milwaukee,Milwaukee,WI
MWX,Milwaukie,Milwaukie,OR
IMB,Mimbres,Mimbres,NM
MS6,Mims,Mims,FL
MXK,Minatare,Minatare,NE
MHM,Minchumina,Minchumina,AK
NC7,Minco,Minco,OK
MYX,Minden,Minden,LA
MN6,Minden,Minden,NE
MEV,Minden,Minden,NV
3MN,Minden,Minden,TX
MCY,Minden City,Minden City,MI
DHO,Mindoro,Mindoro,WI
MHZ,Mine Hill,Mine Hill,NJ
MNA,Mineola,Mineola,NY
MIX,Mineola,Mineola,TX
NRZ,Miner,Miner,MO
C87,Mineral,Mineral,CA
EYA,Mineral,Mineral,TX
IEA,Mineral,Mineral,VA
M5B,Mineral Bluff,Mineral Bluff,GA
MC4,Mineral City,Mineral City,OH
M3M,Mineral Point,Mineral Point,MO
MP3,"Mineral Point, Iowa","Mineral Point, Iowa",WI
4AL,Mineral Ridge,Mineral Ridge,OH
M5S,Mineral Springs,Mineral Springs,AR
IPU,Mineral Springs,Mineral Springs,NC
YY3,Mineral Springs,Mineral Springs,PA
W37,Mineral Wells,Mineral Wells,MS
MWL,Mineral Wells,Mineral Wells,TX
IWF,Mineral Wells,Mineral Wells,WV
MW5,Mineralwells,Mineralwells,WV
MVP,Minersville,Minersville,PA
M88,Minersville,Minersville,UT
MNV,Minerva,Minerva,OH
XIV,Mineville,Mineville,NY
IQG,Mingo,Mingo,IA
MIG,Mingo,Mingo,KS
XIM,Mingo Junction,Mingo Junction,OH
M7G,Mingus,Mingus,TX
MD9,Minidoka,Minidoka,ID
IPS,Minneapolis,Minneapolis,KS
MES,Minneapolis,Minneapolis,MN
M5N,Minneapolis,Minneapolis,NC
MSP,Minneapolis/St Paul Apt,Minneapolis/St Paul Apt,MN
MHA,Minnehaha,Minnehaha,WA
M9N,Minneola,Minneola,FL
9MA,Minneola,Minneola,KS
IJT,Minneota,Minneota,MN
M84,Minnesota City,Minnesota City,MN
MKA,Minnetonka,Minnetonka,MN
MX8,Minnie,Minnie,KY
ARV,Minocqua,Minocqua,WI
WMG,Minong,Minong,WI
M4K,Minonk,Minonk,IL
IKA,Minooka,Minooka,IL
8OT,Minot,Minot,ME
MOT,Minot,Minot,ND
2MI,Minotola,Minotola,NJ
MZO,Minster,Minster,OH
TLI,Mint Hill,Mint Hill,NC
MNT,Minto,Minto,AK
QMT,Minto,Minto,ND
M65,Minturn,Minturn,CO
MI2,Mio,Mio,MI
IQU,Miquon,Miquon,PA
MIK,Mira Loma,Mira Loma,CA
MLM,Mira Mesa,Mira Mesa,CA
M89,Miracle,Miracle,KY
MMR,Miramar,Miramar,FL
IBC,Miramar Beach,Miramar Beach,FL
NJK,Miranda,Miranda,CA
IRL,Mirror Lake,Mirror Lake,NH
NCE,Misenheimer,Misenheimer,NC
MCJ,Mishawaka,Mishawaka,IN
JMZ,Mishicot,Mishicot,WI
MSI,Mission,Mission,KS
4MS,Mission,Mission,SD
ZMX,Mission,Mission,TX
5SM,Mission Hill,Mission Hill,SD
MJH,Mission Hills,Mission Hills,CA
M6V,"Mission Valley,San Diego","Mission Valley,San Diego",CA
MJI,Mission Viejo,Mission Viejo,CA
MFE,Mission-McAllen Apt,Mission-McAllen Apt,TX
MSO,Missoula,Missoula,MT
URI,Missouri City,Missouri City,MO
MC5,Missouri City,Missouri City,TX
IFV,Missouri Valley,Missouri Valley,IA
M5I,Miston,Miston,TN
M2L,Mitchell,Mitchell,AL
MHC,Mitchell,Mitchell,IN
MC9,Mitchell,Mitchell,MS
MIH,Mitchell,Mitchell,NE
MHE,Mitchell,Mitchell,SD
ITX,Mitchellville,Mitchellville,IA
IHE,Mitchellville,Mitchellville,MD
XIZ,Mize,Mize,KY
CNY,Moab,Moab,UT
OAP,Moapa,Moapa,NV
VIZ,Moatsville,Moatsville,WV
MBY,Moberly,Moberly,MO
MOB,Mobile,Mobile,AL
MBG,Mobridge,Mobridge,SD
MKV,Mocksville,Mocksville,NC
MEY,Modena,Modena,PA
OJX,Modena,Modena,WI
MOD,Modesto,Modesto,CA
M98,Modoc,Modoc,IN
MA3,Moffat,Moffat,CO
FFJ,Moffett,Moffett,OK
MEF,Moffett Field,Moffett Field,CA
MGD,Mogadore,Mogadore,OH
3MO,Mohall,Mohall,ND
MY7,Mohave Valley,Mohave Valley,AZ
M67,Mohawk,Mohawk,NY
OH9,Mohegan Lake,Mohegan Lake,NY
ZOH,Mohnton,Mohnton,PA
OH7,Mohrsville,Mohrsville,PA
MOJ,Mojave,Mojave,CA
M7K,Mokane,Mokane,MO
IMK,Mokena,Mokena,IL
MOL,Molalla,Molalla,OR
M47,Molena,Molena,GA
MLI,Moline,Moline,IL
7MO,Molt,Molt,MO
MME,Momence,Momence,IL
4MU,Mona,Mona,UT
MNP,Monaca,Monaca,PA
MIF,Monahans,Monahans,TX
M4V,Monaville,Monaville,WV
MNK,Moncks Corner,Moncks Corner,SC
MQ2,Monclova,Monclova,OH
MCP,Moncure,Moncure,NC
ODI,Mondovi,Mondovi,WI
QZE,Monee,Monee,IL
QJU,Monessen,Monessen,PA
MQG,Moneta,Moneta,VA
TTF,Monett,Monett,KS
MMO,Monett,Monett,MO
M6T,Monetta,Monetta,SC
QTE,Monette,Monette,AR
OES,Money,Money,MS
2KN,Monkton,Monkton,MD
7MK,Monkton,Monkton,VT
OMH,Monmouth,Monmouth,IA
MNI,Monmouth,Monmouth,IL
MOH,Monmouth,Monmouth,ME
OO9,Monmouth,Monmouth,OR
M9O,Monmouth Beach,Monmouth Beach,NJ
MJU,Monmouth Junction,Monmouth Junction,NJ
OON,Monon,Monon,IN
MXJ,Monona,Monona,IA
IMO,Monona,Monona,WI
MXX,Monongahela,Monongahela,PA
MOM,Monroe,Monroe,CT
MOE,Monroe,Monroe,GA
NRQ,Monroe,Monroe,IA
INQ,Monroe,Monroe,IN
MLU,Monroe,Monroe,LA
9OE,Monroe,Monroe,ME
MOI,Monroe,Monroe,MI
MNR,Monroe,Monroe,NC
M4X,Monroe,Monroe,NH
OWH,Monroe,Monroe,NJ
QMX,Monroe,Monroe,NJ
VMO,Monroe,Monroe,NY
NRO,Monroe,Monroe,OH
OVN,Monroe,Monroe,OR
XZ9,Monroe,Monroe,TN
NRX,Monroe,Monroe,VA
MOW,Monroe,Monroe,WA
MWI,Monroe,Monroe,WI
VOB,Monroe Bridge,Monroe Bridge,MA
KRC,Monroe City,Monroe City,MO
MPQ,Monroe Park,Monroe Park,NC
ONR,Monroe Township,Monroe Township,NJ
OOE,"Monroe, Tippecanoe","Monroe, Tippecanoe",IN
MVC,Monroeville,Monroeville,AL
9MO,Monroeville,Monroeville,IN
QXO,Monroeville,Monroeville,NJ
O8M,Monroeville,Monroeville,OH
VML,Monroeville,Monroeville,PA
XIY,Monrovia,Monrovia,CA
ON5,Monrovia,Monrovia,IN
ZMR,Monrovia,Monrovia,MD
MSE,Monsey,Monsey,NY
MZS,Monson,Monson,MA
6MS,Monson,Monson,ME
M5A,Mont Alto,Mont Alto,PA
MTG,Mont Belvieu,Mont Belvieu,TX
TV7,Mont Vernon,Mont Vernon,NH
SIY,Montague,Montague,CA
M2G,Montague,Montague,MA
TGQ,Montague,Montague,MI
7UE,Montague,Montague,NJ
JTA,Montana City,Montana City,MT
OQT,Montara,Montara,CA
MTP,Montauk,Montauk,NY
MZT,Montclair,Montclair,CA
MLR,Montclair,Montclair,NJ
MXZ,Monte Alto,Monte Alto,TX
C4F,Monte Rio,Monte Rio,CA
VMZ,Monte Vista,Monte Vista,CO
2MO,Monteagle,Monteagle,TN
MTB,Montebello,Montebello,CA
MB6,Montebello,Montebello,NY
ZMO,Montecito,Montecito,CA
M4O,Montello,Montello,PA
OLO,Montello,Montello,WI
MY3,Monterey,Monterey,CA
3MR,Monterey,Monterey,MA
MZY,Monterey,Monterey,TN
YTX,Monterey,Monterey,VA
MZU,Monterey Park,Monterey Park,CA
MRY,Monterey-Carmel Apt,Monterey-Carmel Apt,CA
MZW,Montesano,Montesano,WA
MVO,Montevallo,Montevallo,AL
MVE,Montevideo,Montevideo,MN
MOZ,Montezuma,Montezuma,GA
YMZ,Montezuma,Montezuma,IA
MZM,Montezuma,Montezuma,IN
TZM,Montezuma,Montezuma,KS
XQZ,Montfort,Montfort,WI
MGM,Montgomery,Montgomery,AL
XIL,Montgomery,Montgomery,IL
OGM,Montgomery,Montgomery,IN
3MG,Montgomery,Montgomery,LA
MGH,Montgomery,Montgomery,MN
MGJ,Montgomery,Montgomery,NY
NGY,Montgomery,Montgomery,OH
QMG,Montgomery,Montgomery,PA
YGY,Montgomery,Montgomery,TN
MG6,Montgomery,Montgomery,TX
7MG,Montgomery,Montgomery,VT
OTE,Montgomery,Montgomery,WV
GZY,Montgomery Center,Montgomery Center,VT
M4G,Montgomery City,Montgomery City,MO
NMV,Montgomery Village,Montgomery Village,MD
UXG,Montgomeryville,Montgomeryville,PA
MOQ,Monticello,Monticello,AR
VMQ,Monticello,Monticello,FL
MQC,Monticello,Monticello,GA
MXO,Monticello,Monticello,IA
MQD,Monticello,Monticello,IL
OIO,Monticello,Monticello,IN
MOC,Monticello,Monticello,KY
M8L,Monticello,Monticello,ME
OTC,Monticello,Monticello,MN
MCZ,Monticello,Monticello,MS
MSV,Monticello,Monticello,NY
MXC,Monticello,Monticello,UT
IEO,Monticello,Monticello,WI
ZGI,Montmorenci,Montmorenci,IN
URF,Montour Falls,Montour Falls,NY
MBC,Montoursville,Montoursville,PA
IUW,Montpelier,Montpelier,ID
OPQ,Montpelier,Montpelier,IN
MMP,Montpelier,Montpelier,OH
XIX,Montpelier,Montpelier,VA
MPI,Montpelier,Montpelier,VT
MPV,Montpelier-Barre Apt,Montpelier-Barre Apt,VT
MT8,Montreal,Montreal,MO
M2T,Montreal,Montreal,OH
OZ9,Montrose,Montrose,AL
MBH,Montrose,Montrose,CA
MTJ,Montrose,Montrose,CO
4MO,Montrose,Montrose,IA
ME3,Montrose,Montrose,MN
QMR,Montrose,Montrose,PA
KMX,Montross,Montross,VA
QMV,Montvale,Montvale,NJ
M8V,Montvale,Montvale,VA
MBM,Montville,Montville,CT
MDB,Montville,Montville,NJ
ZPQ,Montz,Montz,LA
MEB,Monument,Monument,CO
JUM,Monument,Monument,KS
GMV,Monument Valley Gldngs,Monument Valley Gldngs,UT
MU2,Moodus,Moodus,CT
MD7,Moody,Moody,AL
OOY,Moody,Moody,TX
MO3,Mooers,Mooers,NY
M2F,Mooers Forks,Mooers Forks,NY
NIP,Moon,Moon,PA
M7P,Moon Township,Moon Township,PA
MOO,Moonachie/New Jersey,Moonachie/New Jersey,NJ
QMP,Moonstown,Moonstown,PA
OOF,Moore,Moore,OK
MBW,Moore,Moore,SC
QMF,Moore Haven,Moore Haven,FL
MF2,Moorefield,Moorefield,KY
MF3,Moorefield,Moorefield,WV
OED,Mooreland,Mooreland,OK
MQE,Moores Mill,Moores Mill,NY
OBO,Mooresboro,Mooresboro,NC
OUB,Mooresburg,Mooresburg,TN
MRJ,Moorestown,Moorestown,NJ
OOR,Moorestown,Moorestown,PA
MYZ,Mooresville,Mooresville,IN
2MV,Mooresville,Mooresville,MO
XJK,Mooresville,Mooresville,NC
M3O,Mooresville,Mooresville,TN
XIH,Moorhead,Moorhead,MN
MPF,Moorlands,Moorlands,WA
MQK,Moorpark,Moorpark,CA
MSZ,Moose Pass,Moose Pass,AK
UXB,Moosic,Moosic,PA
OOU,Moosup,Moosup,CT
MJM,Mora,Mora,MN
MMA,Mora,Mora,NM
QMO,Moraga,Moraga,CA
MRE,Moraine,Moraine,OH
MX7,Moran,Moran,WY
MJS,Morattico,Morattico,VA
QOR,Moravia,Moravia,IA
VIJ,Moravia,Moravia,NY
MF4,Moravian Falls,Moravian Falls,NC
MHR,Morehead,Morehead,KY
MRH,Morehead City,Morehead City,NC
YRE,Morehouse,Morehouse,MO
9OH,Moreland Hills,Moreland Hills,OH
ONJ,Morenci,Morenci,AZ
MQR,Morenci,Morenci,MI
MV4,Moreno Valley,Moreno Valley,CA
M9V,Moretown,Moretown,VT
NGM,Morgan,Morgan,GA
MRG,Morgan,Morgan,MT
MR9,Morgan,Morgan,PA
GGM,Morgan,Morgan,UT
7MR,Morgan,Morgan,VT
MGN,Morgan City,Morgan City,AL
LMO,Morgan City,Morgan City,LA
PTN,Morgan City-Patterson Apt,Morgan City-Patterson Apt,LA
MJV,Morgan Hill,Morgan Hill,CA
2MP,Morgan Point,Morgan Point,TX
QGF,Morganfield,Morganfield,KY
MPP,Morgans Point,Morgans Point,TX
O99,Morganton,Morganton,GA
MRN,Morganton,Morganton,NC
MGG,Morgantown,Morgantown,KY
MJZ,Morgantown,Morgantown,NC
MGP,Morgantown,Morgantown,PA
MWG,Morgantown,Morgantown,TN
MGW,Morgantown,Morgantown,WV
VJM,Morganville,Morganville,NJ
MY5,Moriarty,Moriarty,NM
ZH6,Moriches,Moriches,NJ
2MR,Moriches,Moriches,NY
JGM,Morley,Morley,MO
OYO,Moro,Moro,AR
O4O,Moro,Moro,IL
XOO,Moro,Moro,OR
OOC,Morocco,Morocco,IN
MR6,Moroni,Moroni,UT
MJC,Morral,Morral,OH
XWQ,Morrice,Morrice,MI
RQR,Morrill,Morrill,ME
MOK,Morrill,Morrill,NE
MPJ,Morrilton,Morrilton,AR
XRI,Morris,Morris,AL
MR4,Morris,Morris,CT
MSW,Morris,Morris,IL
MR3,Morris,Morris,LA
MOX,Morris,Morris,MN
IQS,Morris,Morris,PA
MPA,Morris Plains,Morris Plains,NJ
MJE,Morrison,Morrison,CO
MMQ,Morrison,Morrison,IL
MJF,Morrison,Morrison,TN
M5V,Morrisonville,Morrisonville,IL
6MT,Morriston,Morriston,FL
MJG,Morristown,Morristown,IN
MW8,Morristown,Morristown,MN
MMU,Morristown,Morristown,NJ
MRT,Morristown,Morristown,NY
ITW,Morristown,Morristown,OH
MOR,Morristown,Morristown,TN
XZM,Morrisville,Morrisville,NC
MV9,Morrisville,Morrisville,NJ
MZL,Morrisville,Morrisville,NY
XIO,Morrisville,Morrisville,PA
ORS,Morrisville,Morrisville,VT
MJK,Morro Bay,Morro Bay,CA
MRW,Morrow,Morrow,GA
MW6,Morrow,Morrow,OH
4MT,Morse,Morse,TX
MB3,Morse Bluff,Morse Bluff,NE
MTI,Morton,Morton,IL
JMN,Morton,Morton,MN
MNQ,Morton,Morton,MS
JZN,Morton,Morton,PA
ZMT,Morton,Morton,TX
OT3,Morton,Morton,WA
MGV,Morton Grove,Morton Grove,IL
MJJ,Mortons Gap,Mortons Gap,KY
OQV,Morven,Morven,NC
MW3,Moscow,Moscow,IA
MJL,Moscow,Moscow,ID
ZGC,Moscow,Moscow,KS
QMA,Moscow,Moscow,PA
9MW,Moscow,Moscow,TN
M7C,Moscow,Moscow,TX
MM4,Moscow Mills,Moscow Mills,MO
M9S,Mosel,Mosel,WI
OEL,Moselle,Moselle,MS
KMY,Moser Bay,Moser Bay,AK
MWH,Moses Lake,Moses Lake,WA
MOS,Moses Point,Moses Point,AK
EIB,Mosheim,Mosheim,TN
YMR,Mosier,Mosier,OR
INX,Mosinee,Mosinee,WI
MJN,Moss,Moss,TN
ZGA,Moss Beach,Moss Beach,CA
MLG,Moss Landing,Moss Landing,CA
MOG,Moss Point,Moss Point,MS
MVJ,Mossville,Mossville,IL
89M,Mossyrock,Mossyrock,WA
MOF,Motley,Motley,MN
MLL,Mottville,Mottville,MI
MUW,Moulton,Moulton,AL
X3L,Moulton,Moulton,TX
QUG,Moultonborough,Moultonborough,NH
MGR,Moultrie,Moultrie,GA
OUD,Mound,Mound,MN
4MC,Mound City,Mound City,IL
M9C,Mound City,Mound City,MO
XZS,Mound House,Mound House,NV
MDZ,Moundridge,Moundridge,KS
7Q9,Mounds,Mounds,IL
OUK,Mounds,Mounds,OK
MJO,Mounds View,Mounds View,MN
MFZ,Moundsville,Moundsville,WV
MOA,Moundville,Moundville,AL
ND5,Moundville,Moundville,MO
NQU,Mount Airy,Mount Airy,GA
M8Y,Mount Airy,Mount Airy,LA
MYM,Mount Airy,Mount Airy,MD
MKY,Mount Airy,Mount Airy,NC
OMO,Mount Angel,Mount Angel,OR
UNM,Mount Arlington,Mount Arlington,NJ
OUA,Mount Ayr,Mount Ayr,IA
MJR,Mount Berry,Mount Berry,GA
MXT,Mount Bethel,Mount Bethel,PA
MB5,Mount Bethel,Mount Bethel,PA
TBK,Mount Braddock,Mount Braddock,PA
MC6,Mount Carmel,Mount Carmel,IL
MTK,Mount Carmel,Mount Carmel,PA
KRL,Mount Carroll,Mount Carroll,IL
MTC,Mount Clemens,Mount Clemens,MI
MWR,Mount Crawford,Mount Crawford,VA
DZT,Mount Desert,Mount Desert,ME
MUD,Mount Dora,Mount Dora,FL
ME2,Mount Eaton,Mount Eaton,OH
M3E,Mount Eden,Mount Eden,KY
IUE,Mount Erie,Mount Erie,IL
M3F,Mount Freedom,Mount Freedom,NJ
MGQ,Mount Gilead,Mount Gilead,NC
UGO,Mount Gilead,Mount Gilead,OH
M5G,Mount Gretna,Mount Gretna,PA
TBO,Mount Hebron,Mount Hebron,MD
NHR,Mount Hermon,Mount Hermon,CA
MH6,Mount Holly,Mount Holly,AR
MHX,Mount Holly,Mount Holly,NC
LLY,Mount Holly,Mount Holly,NJ
UQS,Mount Holly,Mount Holly,SC
7MH,Mount Holly,Mount Holly,VT
QHS,Mount Holly Springs,Mount Holly Springs,PA
UHE,Mount Hope,Mount Hope,AL
M7H,Mount Hope,Mount Hope,KS
MH9,Mount Hope,Mount Hope,OH
ULZ,Mount Hope,Mount Hope,WV
MH4,Mount Horeb,Mount Horeb,WI
UIA,Mount Ida,Mount Ida,AR
UQV,Mount Jackson,Mount Jackson,VA
OJW,Mount Jewett,Mount Jewett,PA
MJ2,Mount Joy,Mount Joy,PA
MJY,Mount Joy,Mount Joy,PA
MJB,Mount Juliet,Mount Juliet,TN
MKS,Mount Kisco,Mount Kisco,NY
LUJ,Mount Laurel,Mount Laurel,NJ
MCL,Mount McKinley,Mount McKinley,AK
OUM,Mount Meigs,Mount Meigs,AL
MXR,Mount Morris,Mount Morris,IL
MMB,Mount Morris,Mount Morris,MI
OUO,Mount Morris,Mount Morris,NY
UNS,Mount Morris,Mount Morris,PA
QNB,Mount Nebo,Mount Nebo,WV
FVS,Mount Olive,Mount Olive,MS
MNO,Mount Olive,Mount Olive,NC
MQV,Mount Olive,Mount Olive,NJ
MXQ,Mount Orab,Mount Orab,OH
PY4,Mount Perry,Mount Perry,OH
MPY,Mount Pleasant,Mount Pleasant,FL
MPZ,Mount Pleasant,Mount Pleasant,IA
MOP,Mount Pleasant,Mount Pleasant,MI
MTT,Mount Pleasant,Mount Pleasant,PA
MPH,Mount Pleasant,Mount Pleasant,SC
MPL,Mount Pleasant,Mount Pleasant,TN
MPS,Mount Pleasant,Mount Pleasant,TX
MSD,Mount Pleasant,Mount Pleasant,UT
UPN,Mount Pleasant,Mount Pleasant,WI
UPI,Mount Pleasant Mills,Mount Pleasant Mills,PA
UPA,"Mount Pleasant, Cabarrus","Mount Pleasant, Cabarrus",NC
MPO,Mount Pocono,Mount Pocono,PA
MUP,Mount Prospect,Mount Prospect,IL
MPK,Mount Pulaski,Mount Pulaski,IL
9MY,Mount Royal,Mount Royal,NJ
5MS,Mount Saint Francis,Mount Saint Francis,IN
M5T,Mount Savage,Mount Savage,MD
MHS,Mount Shasta,Mount Shasta,CA
JUI,Mount Sinai,Mount Sinai,NY
GTM,Mount Sterling,Mount Sterling,IL
MGK,Mount Sterling,Mount Sterling,KY
YMS,Mount Sterling,Mount Sterling,OH
M75,Mount Storm,Mount Storm,WV
SU3,Mount Summit,Mount Summit,IN
OUU,Mount Ulla,Mount Ulla,NC
MUU,Mount Union,Mount Union,PA
ONU,"Mount Union, Huntingdon","Mount Union, Huntingdon",PA
UUE,Mount Upton,Mount Upton,NY
UVO,Mount Vernon,Mount Vernon,AL
MXF,Mount Vernon,Mount Vernon,IA
MVN,Mount Vernon,Mount Vernon,IL
OVO,Mount Vernon,Mount Vernon,IN
MXH,Mount Vernon,Mount Vernon,IN
MXV,Mount Vernon,Mount Vernon,KY
UEO,Mount Vernon,Mount Vernon,ME
OUV,Mount Vernon,Mount Vernon,MO
MVH,Mount Vernon,Mount Vernon,NY
YMV,Mount Vernon,Mount Vernon,NY
MWT,Mount Vernon,Mount Vernon,OH
M2V,Mount Vernon,Mount Vernon,OH
MV3,Mount Vernon,Mount Vernon,TX
MVX,Mount Vernon,Mount Vernon,TX
MVW,Mount Vernon,Mount Vernon,WA
UMX,Mount Washington,Mount Washington,KY
MWS,Mount Wilson,Mount Wilson,CA
MWF,Mount Wolf,Mount Wolf,PA
UTZ,Mount Zion,Mount Zion,IL
MU4,Mountain,Mountain,WI
M77,Mountain Brook,Mountain Brook,AL
CZJ,Mountain Center,Mountain Center,CA
TKM,Mountain City,Mountain City,GA
MFM,Mountain City,Mountain City,TN
TGM,Mountain Green,Mountain Green,UT
VMV,Mountain Grove,Mountain Grove,MO
WMH,Mountain Home,Mountain Home,AR
MUO,Mountain Home,Mountain Home,ID
MHU,Mountain Home,Mountain Home,NC
MUM,Mountain Home,Mountain Home,TN
HPQ,Mountain House,Mountain House,CA
UII,Mountain Iron,Mountain Iron,MN
ML5,Mountain Lake,Mountain Lake,MN
UTK,Mountain Lake Park,Mountain Lake Park,MD
ULS,Mountain Lakes,Mountain Lakes,NJ
MTS,Mountain Pass,Mountain Pass,CA
M6O,Mountain Ranch,Mountain Ranch,CA
MU5,Mountain Rest,Mountain Rest,SC
MUV,Mountain Top,Mountain Top,PA
MUL,Mountain View,Mountain View,AL
VAJ,Mountain View,Mountain View,AR
NUQ,Mountain View,Mountain View,CA
MUK,Mountain View,Mountain View,GA
5MV,Mountain View,Mountain View,HI
UIP,Mountain View,Mountain View,MO
MOU,Mountain Village,Mountain Village,AK
MSJ,Mountainside,Mountainside,NJ
MMV,Mountainville,Mountainville,NJ
HHF,Mountainville,Mountainville,NY
XJI,Mountlake Terrace,Mountlake Terrace,WA
ZMM,Mounts Mills,Mounts Mills,NJ
TVU,Mountville,Mountville,GA
XJH,Mountville,Mountville,PA
UTV,Mountville,Mountville,SC
MO4,Mouth of Wilson,Mouth of Wilson,VA
MC7,Mouthcard,Mouthcard,KY
M5O,Moville,Moville,IA
YMQ,Moweaqua,Moweaqua,IL
XXE,Moxee City,Moxee City,WA
IPG,Moyie Springs,Moyie Springs,ID
M4Y,Moyock,Moyock,NC
MST,Muenster,Muenster,TX
H98,Muhlenberg,Muhlenberg,PA
MKI,Mukilteo,Mukilteo,WA
MKZ,Mukwonago,Mukwonago,WI
EYQ,Mulberry,Mulberry,AR
MUF,Mulberry,Mulberry,FL
MU9,Muldoon,Muldoon,TX
ZMW,Muldrow,Muldrow,OK
MUH,Muleshoe,Muleshoe,TX
UGM,Mulga,Mulga,AL
MU7,Mulino,Mulino,OR
MHN,Mullen,Mullen,NE
MU3,Mullens,Mullens,WV
MHJ,Mullica Hill,Mullica Hill,NJ
RMU,Mulliken,Mulliken,MI
MXU,Mullins,Mullins,SC
VNE,Mulvane,Mulvane,KS
TM9,Mumford,Mumford,TX
MUB,Muncie,Muncie,IL
MIE,Muncie,Muncie,IN
UNE,Muncie,Muncie,KS
MUN,Muncy,Muncy,PA
MUJ,Mundelein,Mundelein,IL
UOB,Munford,Munford,AL
M7F,Munford,Munford,TN
UNF,Munfordville,Munfordville,KY
UEM,Munger,Munger,MI
M8D,Munich,Munich,ND
MGS,Munising,Munising,MI
UNV,Munnsville,Munnsville,NY
MF9,Munroe Falls,Munroe Falls,OH
MUQ,Munster,Munster,IN
MUS,Murchison,Murchison,TX
MR5,Murdock,Murdock,IL
UDK,Murdock,Murdock,MN
YMK,Murdock,Murdock,NE
FB3,Murfreesboro,Murfreesboro,AR
MUC,Murfreesboro,Murfreesboro,NC
MFU,Murfreesboro,Murfreesboro,TN
ZMU,Murphy,Murphy,NC
URP,Murphy,Murphy,OR
MU8,Murphy,Murphy,TX
MS5,Murphys,Murphys,CA
M9U,Murphysboro,Murphysboro,IL
QRU,Murray,Murray,IA
CEY,Murray,Murray,KY
7MU,Murray,Murray,NE
MUY,Murray,Murray,UT
MRR,Murray Hill,Murray Hill,NJ
WQ2,Murraysville,Murraysville,WV
GGQ,Murrayville,Murrayville,GA
RT3,Murrells Inlet,Murrells Inlet,SC
MHQ,Murrieta,Murrieta,CA
XYS,Murrysville,Murrysville,PA
MMG,Murtaugh,Murtaugh,ID
MUT,Muscatine,Muscatine,IA
USH,Muscle Shoals,Muscle Shoals,AL
MSL,Muscle Shoals-Florence Apt,Muscle Shoals-Florence Apt,AL
MUZ,Muscoda,Muscoda,WI
USG,Muskego,Muskego,WI
MKG,Muskegon,Muskegon,MI
5MO,Muskegon Heights,Muskegon Heights,MI
MKO,Muskogee,Muskogee,OK
UMU,Mustang,Mustang,OK
M7R,Mustang Ridge,Mustang Ridge,TX
YKC,Myakka City,Myakka City,FL
DYF,Myers Flat,Myers Flat,CA
YES,Myerstown,Myerstown,PA
MV5,Myersville,Myersville,MD
XJL,Myrtle,Myrtle,MS
MYR,Myrtle Beach,Myrtle Beach,SC
YTK,Myrtle Creek,Myrtle Creek,OR
GY7,Myrtle Grove,Myrtle Grove,FL
MYG,Myrtle Grove,Myrtle Grove,LA
MFG,Myrtle Point,Myrtle Point,OR
MYC,Mystic,Mystic,CT
M7O,Myton,Myton,UT
NJB,Nabb,Nabb,IN
YNA,Naches,Naches,WA
NAC,Naco,Naco,AZ
OCH,Nacogdoches,Nacogdoches,TX
KQV,Nags Head,Nags Head,NC
N5H,Nahant,Nahant,MA
NHA,Naheola,Naheola,AL
NNH,Nahunta,Nahunta,GA
NNK,Naknek,Naknek,AK
NOL,Nakolik River,Nakolik River,AK
NPA,Nampa,Nampa,ID
NNO,Nanticoke,Nanticoke,MD
NNC,Nanticoke,Nanticoke,PA
ACK,Nantucket,Nantucket,MA
NAE,Nanuet,Nanuet,NY
APC,Napa,Napa,CA
WNA,Napakiak,Napakiak,AK
NH8,Napanoch,Napanoch,NY
PKA,Napaskiak,Napaskiak,AK
NPV,Naperville,Naperville,IL
APF,Naples,Naples,FL
N6P,Naples,Naples,IL
YUD,Naples,Naples,ME
NPL,Naples,Naples,NC
NPK,Naples,Naples,NY
NPJ,Naples,Naples,TX
NX5,Napoleon,Napoleon,ND
NAL,Napoleon,Napoleon,OH
NVW,Napoleonville,Napoleonville,LA
NAI,Nappanee,Nappanee,IN
NJ3,Naranja,Naranja,FL
N84,Narberth,Narberth,PA
NGU,Narragansett,Narragansett,RI
NAB,Narrows,Narrows,VA
NGB,Narrowsburg,Narrowsburg,NY
NVO,Narvon,Narvon,PA
WZQ,Narvon,Narvon,PA
P2A,Nas Pensacola,Nas Pensacola,FL
NNB,Nash,Nash,TX
NHC,"Nash, Ellis","Nash, Ellis",TX
7AS,Nashotah,Nashotah,WI
N2P,Nashport,Nashport,OH
N2S,Nashua,Nashua,IA
ASH,Nashua,Nashua,NH
ZNV,Nashville,Nashville,AR
N5V,Nashville,Nashville,CA
NSH,Nashville,Nashville,GA
NXV,Nashville,Nashville,IL
NJH,Nashville,Nashville,IN
NIF,Nashville,Nashville,KS
VQV,Nashville,Nashville,MI
NAS,Nashville,Nashville,NC
NJV,Nashville,Nashville,OH
BNA,Nashville,Nashville,TN
DHW,Nashwauk,Nashwauk,MN
NS5,Nasonville,Nasonville,RI
NYU,Nassau,Nassau,NY
N2B,Nassau Bay,Nassau Bay,TX
N8W,Nassawadox,Nassawadox,VA
HEZ,Natchez,Natchez,MS
NTH,Natchitoches,Natchitoches,LA
N2H,Nathrop,Nathrop,CO
NAK,Natick,Natick,MA
DCA,National Apt/Washington,National Apt/Washington,DC
NLN,National City,National City,CA
NCI,National City,National City,IL
NC2,National City,National City,MI
NTL,National Gardens,National Gardens,FL
TJA,Natoma,Natoma,KS
NRM,Natrium,Natrium,WV
NAH,Natrona Heights,Natrona Heights,PA
NAT,Natural Bridge,Natural Bridge,NY
NLH,Natural Bridge,Natural Bridge,VA
HPC,Natural Bridge Station,Natural Bridge Station,VA
NGK,Naugatuck,Naugatuck,CT
NKI,Naukiti,Naukiti,AK
NAV,Nauvoo,Nauvoo,AL
NV7,Nauvoo,Nauvoo,IL
NVA,Navarre,Navarre,FL
NVF,Navarre,Navarre,OH
VSA,Navasota,Navasota,TX
NIJ,Nawiliwili,Nawiliwili,HI
NAZ,Nazareth,Nazareth,PA
NEB,Neah Bay,Neah Bay,WA
7NO,Nebo,Nebo,KY
EBO,"Nebo, McDowell","Nebo, McDowell",NC
NBK,Nebraska City,Nebraska City,NE
NEJ,Necedah,Necedah,WI
NEC,Neche,Neche,ND
KHS,Neches,Neches,TX
NDD,Nederland,Nederland,CO
NDX,Nederland,Nederland,TX
8DE,Needham,Needham,AL
NEE,Needham,Needham,MA
NDM,Needham Heights,Needham Heights,MA
EED,Needles,Needles,CA
NZQ,Needmore,Needmore,PA
NVE,Needville,Needville,TX
NMO,Neelys,Neelys,MO
UXK,Neenah,Neenah,WI
NB4,Neets Bay,Neets Bay,AK
NEG,Negley,Negley,OH
IEW,Neillsville,Neillsville,WI
KOE,Nekoosa,Nekoosa,WI
4NE,Neligh,Neligh,NE
NS8,Nellis Air Force Base,Nellis Air Force Base,NV
N4L,Nellysford,Nellysford,VA
QSO,Nelson,Nelson,CA
NON,Nelson,Nelson,GA
NZL,Nelson,Nelson,NE
N8L,Nelson,Nelson,NH
QNL,Nelson,Nelson,WI
NLG,Nelson Lagoon,Nelson Lagoon,AK
NOQ,Nelsonia,Nelsonia,VA
NNV,Nelsonville,Nelsonville,OH
NSJ,"Nelsonville, Portage","Nelsonville, Portage",WI
NKM,Nemo,Nemo,SD
ENN,Nenana,Nenana,AK
NDA,Neodesha,Neodesha,KS
NE2,Neoga,Neoga,IL
EOS,Neosho,Neosho,MO
NE9,Neosho,Neosho,MS
NPH,Nephi,Nephi,UT
N8P,Neponset,Neponset,IL
9NT,Neptune,Neptune,NJ
NPB,Neptune Beach,Neptune Beach,FL
NPC,Neptune City,Neptune City,NJ
OZX,Nerstrand,Nerstrand,MN
NXZ,Nesbit,Nesbit,MS
NES,Nesconset,Nesconset,NY
NE3,Nescopeck,Nescopeck,PA
NSN,Neshanic Station,Neshanic Station,NJ
NZT,Nesmith,Nesmith,SC
N2M,Nespelem,Nespelem,WA
NSQ,Nesquehoning,Nesquehoning,PA
NCJ,Ness City,Ness City,KS
NEQ,Netcong,Netcong,NJ
NTO,Nettleton,Nettleton,MS
NVN,Nevada,Nevada,IA
NVD,Nevada,Nevada,MO
NVT,Nevada,Nevada,TX
NFC,Nevada City,Nevada City,CA
NVI,Neville Island,Neville Island,PA
ZVI,Nevis,Nevis,MN
NWA,New Albany,New Albany,IN
NAM,New Albany,New Albany,MS
QWB,New Albany,New Albany,OH
NJA,New Albany,New Albany,PA
N4W,New Albin,New Albin,IA
NA3,New Alexandria,New Alexandria,PA
AU4,New Auburn,New Auburn,MN
NUB,New Auburn,New Auburn,WI
N7G,New Augusta,New Augusta,IN
NA2,New Augusta,New Augusta,MS
NDI,New Baden,New Baden,IL
NBT,New Baltimore,New Baltimore,MI
NB9,New Baltimore,New Baltimore,PA
NB8,New Baltimore,New Baltimore,VA
EFC,New Bedford,New Bedford,IL
NBD,New Bedford,New Bedford,MA
EWB,New Bedford-Fall River Apt,New Bedford-Fall River Apt,MA
8LL,New Berlin,New Berlin,IL
NBR,New Berlin,New Berlin,NY
NUY,New Berlin,New Berlin,PA
NBB,New Berlin,New Berlin,WI
EWN,New Bern,New Bern,NC
NEH,New Bethlehem,New Bethlehem,PA
NBL,New Bloomfield,New Bloomfield,MO
7NB,New Bloomington,New Bloomington,OH
NBW,New Boston,New Boston,MI
NW8,New Boston,New Boston,MO
B5T,New Boston,New Boston,NH
NBX,New Boston,New Boston,TX
6RE,New Braintree,New Braintree,MA
NHB,New Braunfels,New Braunfels,TX
UXI,New Bremen,New Bremen,OH
NBI,New Brighton,New Brighton,MN
NET,New Brighton,New Brighton,PA
NWT,New Britain,New Britain,CT
NXB,New Britain,New Britain,PA
BW5,New Brockton,New Brockton,AL
NBJ,New Brunswick,New Brunswick,NJ
NB3,New Buffalo,New Buffalo,MI
NB6,New Buffalo,New Buffalo,PA
NWC,New Canaan,New Canaan,CT
NCY,New Caney,New Caney,TX
NC3,New Carlisle,New Carlisle,IN
NER,New Carlisle,New Carlisle,OH
NCA,New Carrollton,New Carrollton,MD
NSX,New Castle,New Castle,CO
NCD,New Castle,New Castle,DE
NQS,New Castle,New Castle,IN
JWC,New Castle,New Castle,KY
6CW,New Castle,New Castle,NH
NCP,New Castle,New Castle,PA
NW9,New Castle,New Castle,VA
NVP,New Centerville,New Centerville,PA
NXC,New Century,New Century,KS
NCN,New Chenega,New Chenega,AK
NUH,New Church,New Church,VA
NJY,New City,New City,NY
2TX,New Colony,New Colony,TX
ZWC,New Columbia,New Columbia,PA
ONZ,New Concord,New Concord,OH
CN6,New Connecticut,New Connecticut,NY
NWD,New Cumberland,New Cumberland,PA
NCU,New Cumberland,New Cumberland,WV
NYV,New Cuyama,New Cuyama,CA
NXD,New Deal,New Deal,TX
8ND,New Durham,New Durham,NH
NXG,New Eagle,New Eagle,PA
NGP,New Egypt,New Egypt,NJ
NZC,New Ellenton,New Ellenton,SC
NP7,New Enterprise,New Enterprise,PA
4NJ,New Era,New Era,MI
FUU,New Fairfield,New Fairfield,CT
NFO,New Florence,New Florence,MO
NFQ,New Florence,New Florence,PA
NFN,New Franken,New Franken,WI
NFG,New Franklin,New Franklin,MO
NFR,New Freedom,New Freedom,PA
IWG,New Galilee,New Galilee,PA
NG8,New Geneva,New Geneva,PA
NG6,New Germany,New Germany,MN
NXS,New Glarus,New Glarus,WI
NOU,New Gloucester,New Gloucester,ME
G22,New Gretna,New Gretna,NJ
N6H,New Hamburg,New Hamburg,NY
EHH,New Hampshire,New Hampshire,OH
NIM,New Hampton,New Hampton,IA
P6W,New Hampton,New Hampton,NH
N9H,New Hampton,New Hampton,NY
NJM,New Harmony,New Harmony,IN
NHT,New Hartford,New Hartford,CT
QND,New Hartford,New Hartford,NY
HVN,New Haven,New Haven,CT
NVQ,New Haven,New Haven,IL
NEV,New Haven,New Haven,IN
NH2,New Haven,New Haven,MO
NH3,New Haven,New Haven,NC
7NH,New Haven,New Haven,VT
YNH,New Haven,New Haven,WV
NHJ,New Hill,New Hill,NC
NH7,New Holland,New Holland,OH
UXL,New Holland,New Holland,PA
NWE,New Holstein,New Holstein,WI
2H4,New Hope,New Hope,KY
NHO,New Hope,New Hope,MN
NHI,New Hope,New Hope,PA
N4H,New Hope,New Hope,TN
NHN,New Hudson,New Hudson,MI
NHY,New Hyde Park,New Hyde Park,NY
ARA,New Iberia,New Iberia,LA
QNN,New Ipswich,New Ipswich,NH
NWJ,New Johnsonville,New Johnsonville,TN
NKP,New Kensington,New Kensington,PA
NKG,New Kingston,New Kingston,NY
NEF,New Kingstown,New Kingstown,PA
NKX,New Knoxville,New Knoxville,OH
KGK,New Koliganek,New Koliganek,AK
NL4,New Lebanon,New Lebanon,OH
NOX,New Lenox,New Lenox,IL
NLX,New Lexington,New Lexington,OH
NLR,New Liberty,New Liberty,IA
NLI,New Lisbon,New Lisbon,WI
NLO,New London,New London,CT
NML,New London,New London,IA
NQV,New London,New London,MO
NXA,New London,New London,NC
6WN,New London,New London,NH
NED,New London,New London,OH
NW7,New London,New London,PA
NLD,New London,New London,WI
NL2,New Londonderry,New Londonderry,NH
GON,New London-Groton Apt,New London-Groton Apt,CT
XNW,New Madrid,New Madrid,MO
NMT,New Market,New Market,AL
NM5,New Market,New Market,IA
NM8,New Market,New Market,MD
NJP,New Market,New Market,TN
N8M,New Marlborough,New Marlborough,MA
NSF,New Marshfield,New Marshfield,OH
NM2,New Martinsville,New Martinsville,WV
NM6,New Meadows,New Meadows,ID
NZE,New Melle,New Melle,MO
NMI,New Miami,New Miami,OH
NM3,New Middletown,New Middletown,IN
N6M,New Middletown,New Middletown,OH
NEM,New Milford,New Milford,CT
NMF,New Milford,New Milford,NJ
NMD,New Milford,New Milford,PA
MSY,New Orleans,New Orleans,LA
NXF,New Oxford,New Oxford,PA
IN5,New Palestine,New Palestine,IN
NEZ,New Paltz,New Paltz,NY
NPI,New Paris,New Paris,IN
NP8,New Paris,New Paris,OH
NP9,New Pekin,New Pekin,IN
PHD,New Philadelphia,New Philadelphia,OH
NPP,New Philadelphia,New Philadelphia,PA
ZGX,New Plymouth,New Plymouth,ID
QZN,New Point,New Point,VA
NRH,New Port Richey,New Port Richey,FL
EPL,New Portland,New Portland,ME
NWP,New Prague,New Prague,MN
NP2,New Preston,New Preston,CT
NPS,New Prospect,New Prospect,SC
NPG,New Providence,New Providence,IA
NPX,New Providence,New Providence,NJ
NVC,New Providence,New Providence,PA
8QJ,New Richmond,New Richmond,IN
QRQ,New Richmond,New Richmond,OH
RNH,New Richmond,New Richmond,WI
N4R,New Ringgold,New Ringgold,PA
NZR,New River,New River,AZ
N3R,New Roads,New Roads,LA
UXO,New Rochelle,New Rochelle,NY
NZS,New Salem,New Salem,IL
6NW,New Salem,New Salem,MA
NQY,New Salem,New Salem,ND
NWS,New Salem,New Salem,PA
NS2,New Salisbury,New Salisbury,IN
NNZ,New Sharon,New Sharon,ME
NSB,New Smyrna Beach,New Smyrna Beach,FL
NST,New Stanton,New Stanton,PA
NRW,New Strawn,New Strawn,KS
KNW,New Stuyahok,New Stuyahok,AK
NUF,New Summerfield,New Summerfield,TX
N9E,New Sweden,New Sweden,ME
NWW,New Tazewell,New Tazewell,TN
OZW,New Town,New Town,ND
N5T,New Tripoli,New Tripoli,PA
XJS,New Troy,New Troy,MI
ULM,New Ulm,New Ulm,MN
RUM,New Ulm,New Ulm,TX
N2V,New Vernon,New Vernon,NJ
QIA,New Vienna,New Vienna,IA
NVH,New Vienna,New Vienna,OH
N9V,New Vineyard,New Vineyard,ME
EUV,New Virginia,New Virginia,IA
NYW,New Washington,New Washington,IN
9NW,New Washington,New Washington,OH
ERF,New Waterford,New Waterford,OH
NWV,New Waverly,New Waverly,TX
NWQ,New Weston,New Weston,OH
NEU,New Wilmington,New Wilmington,PA
NWM,New Windsor,New Windsor,MD
NWI,New Windsor,New Windsor,NY
NYC,New York,New York,NY
T5X,New York,New York,TX
NYQ,New York Mills,New York Mills,MN
Z2E,New York Mills,New York Mills,NY
NDW,Newald,Newald,WI
N2K,Newark,Newark,AR
NKQ,Newark,Newark,CA
NWK,Newark,Newark,DE
NKW,Newark,Newark,IL
ZNA,Newark,Newark,MO
EWR,Newark,Newark,NJ
NNY,Newark,Newark,NY
NEK,Newark,Newark,OH
NRK,Newark,Newark,TX
NUV,Newark Valley,Newark Valley,NY
NWO,Newaygo,Newaygo,MI
NUG,Newberg,Newberg,OR
NBE,Newbern,Newbern,TN
V4B,Newbern,Newbern,VA
NBF,Newberry,Newberry,FL
WY5,Newberry,Newberry,IN
NBZ,Newberry,Newberry,SC
NYS,Newberry Springs,Newberry Springs,CA
E8N,Newborn,Newborn,GA
NB7,Newburg,Newburg,MD
NWR,Newburg,Newburg,OH
XJT,Newburgh,Newburgh,IN
SWF,Newburgh,Newburgh,NY
JNW,Newburgh Heights,Newburgh Heights,OH
ZGK,Newbury,Newbury,MA
8NW,Newbury,Newbury,NH
NEY,Newbury,Newbury,OH
7NW,Newbury,Newbury,VT
NVK,Newbury Park,Newbury Park,CA
ZMP,Newburyport,Newburyport,MA
NUC,Newcastle,Newcastle,CA
AWS,Newcastle,Newcastle,ME
NC6,Newcastle,Newcastle,OK
YNC,Newcastle,Newcastle,UT
NKC,Newcastle,Newcastle,WA
ECS,Newcastle,Newcastle,WY
NCB,Newcomb,Newcomb,TN
NXQ,Newcomerstown,Newcomerstown,OH
5NW,Newdale,Newdale,ID
4IU,Newell,Newell,IA
NL6,Newell,Newell,PA
NVG,Newell,Newell,WV
NLT,Newellton,Newellton,LA
NFE,Newfane,Newfane,NY
7NE,Newfane,Newfane,VT
N9W,Newfield,Newfield,ME
NWF,Newfield,Newfield,NJ
NFD,Newfield,Newfield,NY
NEI,Newfields,Newfields,NH
NFY,Newfoundland,Newfoundland,NJ
NW6,Newhall,Newhall,CA
NWG,Newington,Newington,CT
NWZ,Newington,Newington,NH
NQG,Newington,Newington,VA
NR6,Newkirk,Newkirk,OH
9KI,Newkirk,Newkirk,OK
NMW,Newman,Newman,CA
NAG,Newman Grove,Newman Grove,NE
NL7,Newman Lake,Newman Lake,WA
UWN,Newmanstown,Newmanstown,PA
KT9,Newmarket,Newmarket,MD
NMK,Newmarket,Newmarket,NH
W4O,Newmarket,Newmarket,VA
NAN,Newnan,Newnan,GA
NPN,Newport,Newport,AR
ZNP,Newport,Newport,CA
NPD,Newport,Newport,DE
NPF,Newport,Newport,IN
XJU,Newport,Newport,KY
NOZ,Newport,Newport,ME
NEP,Newport,Newport,MI
NPM,Newport,Newport,MN
NP4,Newport,Newport,NC
NWH,Newport,Newport,NH
P5W,Newport,Newport,OH
NPO,Newport,Newport,OR
NPT,Newport,Newport,RI
NPR,Newport,Newport,TN
VAP,Newport,Newport,VA
EFK,Newport,Newport,VT
NP6,Newport,Newport,WA
JNP,Newport Beach,Newport Beach,CA
QPQ,Newport Coast,Newport Coast,CA
NNS,Newport News,Newport News,VA
PHF,Newport News-Hampton-Williamsburg Apt,Newport News-Hampton-Williamsburg Apt,VA
NRP,"Newport, Perry","Newport, Perry",PA
QNE,Newportville,Newportville,PA
8RY,Newry,Newry,ME
NQR,Newry,Newry,PA
WWT,Newtok,Newtok,AK
2N2,Newton,Newton,AL
NEO,Newton,Newton,GA
TNU,Newton,Newton,IA
NMQ,Newton,Newton,IL
EWK,Newton,Newton,KS
NTN,Newton,Newton,MA
NTM,Newton,Newton,MS
OXP,Newton,Newton,NC
NWU,Newton,Newton,NH
NWN,Newton,Newton,NJ
NXW,Newton,Newton,TX
QKW,Newton,Newton,WI
N2C,Newton Centre,Newton Centre,MA
NFS,Newton Falls,Newton Falls,NY
ZNF,Newton Falls,Newton Falls,OH
NGV,Newton Grove,Newton Grove,NC
TGX,Newton Highlands,Newton Highlands,MA
NFM,Newton Upper Falls,Newton Upper Falls,MA
NN4,Newtonville,Newtonville,IN
NNF,Newtonville,Newtonville,MA
NN5,Newtonville,Newtonville,NY
NTC,Newtown,Newtown,CT
NXE,Newtown,Newtown,IN
UOU,Newtown,Newtown,MO
NWX,Newtown,Newtown,OH
NTW,Newtown,Newtown,PA
NTQ,Newtown Square,Newtown Square,PA
ZNE,Newville,Newville,PA
NZP,Nezperce,Nezperce,ID
NGW,Niagara,Niagara,WI
IAG,Niagara Falls,Niagara Falls,NY
NZU,Niangua,Niangua,MO
NII,Niantic,Niantic,CT
NIE,Niblack,Niblack,AK
QNX,Nibley,Nibley,UT
NC8,Nicasio,Nicasio,CA
NCQ,Nice,Nice,CA
NT3,Nicetown,Nicetown,PA
NIV,Niceville,Niceville,FL
NKV,Nichen Cove,Nichen Cove,AK
NCK,Nicholasville,Nicholasville,KY
ICH,Nicholls,Nicholls,GA
SN9,Nichols,Nichols,NY
NCL,Nichols,Nichols,SC
IHU,Nichols,Nichols,WI
NH6,Nichols Hills,Nichols Hills,OK
NS3,"Nichols, Tioga","Nichols, Tioga",NY
NI8,Nicholson,Nicholson,MS
NI7,Nicholson,Nicholson,PA
NV3,Nickelsville,Nickelsville,VA
NQL,Nicollet,Nicollet,MN
NIH,Nighthawk,Nighthawk,WA
NME,Nightmute,Nightmute,AK
NQK,Nikishka,Nikishka,AK
NIK,Nikiski,Nikiski,AK
NIB,Nikolai,Nikolai,AK
IKO,Nikolski,Nikolski,AK
NNQ,Niland,Niland,CA
NIZ,Niles,Niles,CA
NIL,Niles,Niles,IL
NLE,Niles,Niles,MI
NLS,Niles,Niles,OH
N3F,Nine Mile Falls,Nine Mile Falls,WA
NIY,Ninety Six,Ninety Six,SC
N2E,Nineveh,Nineveh,IN
NIN,Ninilchik,Ninilchik,AK
NN3,Ninnekah,Ninnekah,OK
N5B,Niobrara,Niobrara,NE
NIA,Niota,Niota,TN
NIO,Nipomo,Nipomo,CA
NP5,Nipton,Nipton,CA
IYF,Niskayuna,Niskayuna,NY
NIT,Nitro,Nitro,WV
N2W,Niwot,Niwot,CO
NXI,Nixa,Nixa,MO
NIX,Nixon,Nixon,PA
X8N,Nixon,Nixon,TX
NK3,Noank,Noank,CT
WTK,Noatak,Noatak,AK
NO9,Noble,Noble,IL
OBL,Noble,Noble,OK
8NO,Nobleboro,Nobleboro,ME
NVB,Noblesville,Noblesville,IN
NTX,Nocona,Nocona,TX
NOE,Noel,Noel,MO
OLS,Nogales,Nogales,AZ
QNV,Nokesville,Nokesville,VA
NQM,Nokomis,Nokomis,FL
NLZ,Nolan,Nolan,TX
NVX,Nolanville,Nolanville,TX
NZV,Nolensville,Nolensville,TN
OME,Nome,Nome,AK
NMX,Nome,Nome,TX
NNL,Nondalton,Nondalton,AK
KKE,Nooksack,Nooksack,WA
NOO,Noonan,Noonan,ND
ORV,Noorvik,Noorvik,AK
OIU,Nora Springs,Nora Springs,IA
NQO,Norco,Norco,CA
NCM,Norco,Norco,LA
UXN,Norcross,Norcross,GA
NS9,Norcross,Norcross,MN
NCX,Norcross,Norcross,VA
NDQ,Norden,Norden,CA
NFF,Norfolk,Norfolk,CT
NFJ,Norfolk,Norfolk,MA
OFK,Norfolk,Norfolk,NE
NFK,Norfolk,Norfolk,NY
ORF,Norfolk,Norfolk,VA
OOJ,Norfork,Norfork,AR
NRL,Norlina,Norlina,NC
DMV,Norma,Norma,NJ
NOM,Normal,Normal,IL
4OR,Normalville,Normalville,PA
NMN,Norman,Norman,AR
NI2,Norman,Norman,IN
OUN,Norman,Norman,OK
NZM,Norman Park,Norman Park,GA
5UN,Normandy,Normandy,MO
NXK,Normandy,Normandy,TN
NMG,Normangee,Normangee,TX
NFA,Norphlet,Norphlet,AR
NRF,Norridge,Norridge,IL
OWK,Norridgewock,Norridgewock,ME
OZS,Norris,Norris,IL
NR9,Norris,Norris,SC
NIQ,Norris,Norris,TN
UXQ,Norristown,Norristown,PA
NRR,North,North,NY
NOR,North,North,SC
NAA,North Abington,North Abington,MA
NA9,North Adams,North Adams,MA
XJM,North Andover,North Andover,MA
NHS,North Anson,North Anson,ME
JRB,North Arab,North Arab,AL
NJT,North Arlington,North Arlington,NJ
NTT,North Attleboro,North Attleboro,MA
NAU,North Augusta,North Augusta,SC
NOA,North Aurora,North Aurora,IL
NBY,North Babylon,North Babylon,NY
NBH,North Baltimore,North Baltimore,OH
5NB,North Barrington,North Barrington,IL
NBV,North Bay Shore,North Bay Shore,NY
N99,North Bay Village,North Bay Village,FL
N4B,North Beach,North Beach,MD
NLM,North Bellmore,North Bellmore,NY
NID,North Bend,North Bend,NE
NND,North Bend,North Bend,OH
OTH,North Bend,North Bend,OR
ND9,North Bend,North Bend,PA
NOB,North Bend,North Bend,WA
NTB,North Bennington,North Bennington,VT
NBN,North Bergen,North Bergen,NJ
NBM,North Berwick,North Berwick,ME
TDJ,North Bethesda,North Bethesda,MD
NBA,North Billerica,North Billerica,MA
G8H,North Birmingham,North Birmingham,AL
RHB,North Blenheim,North Blenheim,NY
RTM,North Bloomfield,North Bloomfield,OH
9NB,North Bonneville,North Bonneville,WA
FHB,North Branch,North Branch,MI
NB2,North Branch,North Branch,MN
XJN,North Branch,North Branch,NJ
NB5,North Branch,North Branch,TX
NBC,North Branford,North Branford,CT
NBP,North Brookfield,North Brookfield,MA
NBS,North Brunswick,North Brunswick,NJ
2CW,North Caldwell,North Caldwell,NJ
N7C,North Canaan,North Canaan,CT
NQN,North Canton,North Canton,CT
UXJ,North Canton,North Canton,OH
NTS,North Charleston,North Charleston,SC
NCH,North Charlotte,North Charlotte,NC
NCF,North Chelmsford,North Chelmsford,MA
NTA,North Chicago,North Chicago,IL
N8C,North Chili,North Chili,NY
NXY,North City,North City,WA
NCR,North Clarendon,North Clarendon,VT
NC4,North College Hill,North College Hill,OH
NRN,North Collins,North Collins,NY
NC5,North Conway,North Conway,NH
NCV,North Cove,North Cove,NC
2NC,North Creek,North Creek,NY
NDB,North Dartmouth,North Dartmouth,MA
NDG,North Dighton,North Dighton,MA
NAP,North East,North East,MD
NTE,North East,North East,PA
EN9,North Eastham,North Eastham,MA
NFH,North Falmouth,North Falmouth,MA
IFU,North Ferrisburgh,North Ferrisburgh,VT
88C,North Fork,North Fork,CA
N8F,North Fort Myers,North Fort Myers,FL
TFA,North Franklin,North Franklin,CT
NFW,North Freedom,North Freedom,WI
NGR,North Grafton,North Grafton,MA
NBG,North Granby,North Granby,CT
ZGN,North Grosvenor Dale,North Grosvenor Dale,CT
NH9,North Haledon,North Haledon,NJ
JNH,North Hampton,North Hampton,NH
NHQ,North Hartland,North Hartland,VT
NOH,North Haven,North Haven,CT
9NV,North Haven,North Haven,ME
NV8,North Haven,North Haven,NY
6TH,North Hero,North Hero,VT
NDC,North Highlands,North Highlands,CA
NHH,North Hills,North Hills,CA
NHD,North Hollywood,North Hollywood,CA
NH4,North Hoosick,North Hoosick,NY
N2R,North Houston,North Houston,TX
NHU,North Huntingdon,North Huntingdon,PA
NJ2,North Jackson,North Jackson,OH
9JV,North Java,North Java,NY
JVA,North Java,North Java,WY
IVJ,North Judson,North Judson,IN
NKY,North Kansas City,North Kansas City,MO
NK6,North Kingston Beach,North Kingston Beach,RI
NKT,North Kingstown,North Kingstown,RI
NKE,North Kingsville,North Kingsville,OH
NVS,North Las Vegas,North Las Vegas,NV
RW4,North Lauderdale,North Lauderdale,FL
NLY,North Lawrence,North Lawrence,NY
NLB,North Lawrence,North Lawrence,OH
NLU,North Lewisburg,North Lewisburg,OH
NRY,North Liberty,North Liberty,IA
NL9,North Liberty,North Liberty,IN
THY,North Liberty,North Liberty,OH
NLA,North Lima,North Lima,OH
N9T,North Lindenhurst,North Lindenhurst,NY
NLW,North Little Rock,North Little Rock,AR
NOJ,North Logan,North Logan,UT
NL3,North Long Beach,North Long Beach,CA
NLQ,North Loup,North Loup,NE
NOS,North Manchester,North Manchester,IN
NKA,North Mankato,North Mankato,MN
NM7,North Merrick,North Merrick,NY
QNM,North Miami,North Miami,FL
ZGV,North Miami Beach,North Miami Beach,FL
PN9,North Middleton,North Middleton,PA
UHO,North Monmouth,North Monmouth,ME
M9K,North Muskegon,North Muskegon,MI
NMB,North Myrtle Beach,North Myrtle Beach,SC
NNW,North Newton,North Newton,KS
N9R,North Oaks,North Oaks,MN
YGD,North Ogden,North Ogden,UT
NOD,North Olmsted,North Olmsted,OH
NO2,North Oxford,North Oxford,MA
PBN,North Palm Beach,North Palm Beach,FL
RTP,North Palm Springs,North Palm Springs,CA
N4P,North Pekin,North Pekin,IL
NMP,North Pembroke,North Pembroke,MA
ND8,North Plainfield,North Plainfield,NJ
NPY,North Plains,North Plains,OR
LBF,North Platte,North Platte,NE
NTP,North Pole,North Pole,AK
NHF,North Port,North Port,FL
NPZ,North Potomac,North Potomac,MD
NDH,North Powder,North Powder,OR
NPE,North Prairie,North Prairie,WI
NP3,North Providence,North Providence,RI
XRO,North Randall,North Randall,OH
NRG,North Reading,North Reading,MA
NOI,North Richland Hills,North Richland Hills,TX
NJR,North Ridgeville,North Ridgeville,OH
OIR,North River,North River,NY
NRU,North Riverside,North Riverside,IL
NQZ,North Rose,North Rose,NY
ZNR,North Royalton,North Royalton,OH
NY5,North Salem,North Salem,NY
NSL,North Salt Lake,North Salt Lake,UT
NSA,North Santee,North Santee,SC
NCT,North Scituate,North Scituate,MA
JTU,North Scituate,North Scituate,RI
NSD,North Shore,North Shore,CA
NSC,North Sioux City,North Sioux City,SD
NSM,North Smithfield,North Smithfield,RI
NSP,North Springfield,North Springfield,VT
NO3,North Stonington,North Stonington,CT
8DN,North Stratford,North Stratford,NH
NSI,North Syracuse,North Syracuse,NY
NTZ,North Tazewell,North Tazewell,VA
XJQ,North Tonawanda,North Tonawanda,NY
NTY,North Troy,North Troy,VT
M2N,North Truro,North Truro,MA
NHV,North Vassalboro,North Vassalboro,ME
NVZ,North Venice,North Venice,IL
NVY,North Vernon,North Vernon,IN
ZJY,North Versailles,North Versailles,PA
NFT,North Wales,North Wales,PA
NJW,North Walpole,North Walpole,NH
WN3,North Webster,North Webster,IN
NWY,North Weymouth,North Weymouth,MA
NXU,North White Plains,North White Plains,NY
NW2,North Wildwood,North Wildwood,NJ
NWB,North Wilkesboro,North Wilkesboro,NC
NW3,North Windham,North Windham,CT
NVJ,North Windham,North Windham,ME
YNO,North Woodstock,North Woodstock,NH
NMU,North Yarmouth,North Yarmouth,ME
NHM,Northampton,Northampton,MA
QNH,Northampton,Northampton,PA
NBO,Northborough,Northborough,MA
NTG,Northbridge,Northbridge,MA
OBK,Northbrook,Northbrook,IL
OHC,Northeast Cape,Northeast Cape,AK
EJB,Northern Cambria,Northern Cambria,PA
XJO,Northfield,Northfield,IL
NF8,Northfield,Northfield,MA
NRE,Northfield,Northfield,MN
QQF,Northfield,Northfield,NH
NHL,Northfield,Northfield,NJ
QNF,Northfield,Northfield,OH
NTF,Northfield,Northfield,VT
NT2,Northford,Northford,CT
NKZ,Northfork,Northfork,WV
NGT,Northgate,Northgate,ND
NGL,Northglenn,Northglenn,CO
NTI,Northlake,Northlake,IL
9NL,Northlake,Northlake,TX
NM4,Northmoor,Northmoor,MO
NHP,Northport,Northport,AL
ZZH,Northport,Northport,MI
NQP,Northport,Northport,NY
NRJ,Northridge,Northridge,CA
NJX,Northstar,Northstar,CA
NUM,Northumberland,Northumberland,PA
NVL,Northvale,Northvale,NJ
NTV,Northville,Northville,MI
NVR,Northville (Riverhead),Northville (Riverhead),NY
ORT,Northway,Northway,AK
NZD,Northwood,Northwood,IA
WO6,Northwood,Northwood,ND
N5W,Northwood,Northwood,NH
NW4,"Northwood, Logan","Northwood, Logan",OH
NHW,"Northwood, Wood","Northwood, Wood",OH
NT8,Norton,Norton,KS
NNM,Norton,Norton,MA
NOG,Norton,Norton,VA
NRT,Norton,Norton,VT
NTR,Norton Shores,Norton Shores,MI
NNU,"Norton, Summit","Norton, Summit",OH
NV2,Nortonville,Nortonville,KS
OJV,Nortonville,Nortonville,KY
NAQ,Norwalk,Norwalk,CA
ORQ,Norwalk,Norwalk,CT
NKJ,Norwalk,Norwalk,IA
XJR,Norwalk,Norwalk,OH
NJO,Norway,Norway,IA
N4Y,Norway,Norway,ME
NZO,Norway,Norway,MI
NOW,Norwell,Norwell,MA
NOC,Norwich,Norwich,CT
NW5,Norwich,Norwich,KS
OIC,Norwich,Norwich,NY
NQW,Norwich,Norwich,VT
OWD,Norwood,Norwood,MA
YNW,Norwood,Norwood,MN
NXO,Norwood,Norwood,NC
NRD,Norwood,Norwood,NJ
ZNO,Norwood,Norwood,NY
NDY,Norwood,Norwood,OH
NXL,Norwood,Norwood,PA
TXQ,Noti,Noti,OR
NT7,Nottingham,Nottingham,MD
NT4,Nottingham,Nottingham,NH
NHG,Nottingham,Nottingham,PA
NT9,Notus,Notus,ID
XJP,Nova,Nova,OH
NOT,Novato,Novato,CA
OVV,Novelty,Novelty,MO
ZGW,Novelty,Novelty,OH
NOV,Novi,Novi,MI
NTK,Nowata,Nowata,OK
NXP,Noxapater,Noxapater,MS
NOY,Noyes,Noyes,MN
NUA,Nucla,Nucla,CO
NUE,Nuevo,Nuevo,CA
NUI,Nuiqsut,Nuiqsut,AK
NUL,Nulato,Nulato,AK
NUP,Nunapitchuk,Nunapitchuk,AK
NXN,Nunda,Nunda,NY
NZ9,Nunica,Nunica,MI
VUN,Nunn,Nunn,CO
NLL,Nunnelly,Nunnelly,TN
NFU,Nursery,Nursery,TX
NUT,Nutley,Nutley,NJ
VGK,Nutting Lake,Nutting Lake,MA
ZNC,Nyac,Nyac,AK
NYX,Nyack,Nyack,NY
YEZ,Nye,Nye,MT
NSZ,Nyssa,Nyssa,OR
QA8,Oak,Oak,NE
OKP,Oak,Oak,PA
OB2,Oak Bluffs,Oak Bluffs,MA
QHO,Oak Brook,Oak Brook,IL
OCK,Oak Creek,Oak Creek,CO
OAC,Oak Creek,Oak Creek,WI
OFR,Oak Forest,Oak Forest,IL
QOG,Oak Grove,Oak Grove,IL
OGK,Oak Grove,Oak Grove,LA
IKG,Oak Grove,Oak Grove,MO
OGR,Oak Grove,Oak Grove,OR
AKJ,Oak Grove,Oak Grove,VA
OHO,Oak Harbor,Oak Harbor,OH
ODW,Oak Harbor,Oak Harbor,WA
OQH,Oak Hill,Oak Hill,FL
FKH,Oak Hill,Oak Hill,NY
OAH,Oak Hill,Oak Hill,OH
KHJ,Oak Hill,Oak Hill,WV
OAV,"Oak Hill, Fairfax","Oak Hill, Fairfax",VA
OHL,"Oak Hill, Pittsylvania","Oak Hill, Pittsylvania",VA
OJH,Oak Hills,Oak Hills,CA
OAI,Oak Island,Oak Island,NC
OKI,Oak Island,Oak Island,NJ
OKL,Oak Lawn,Oak Lawn,IL
Q8P,Oak Park,Oak Park,CA
QOP,Oak Park,Oak Park,IL
OPJ,Oak Park Heights,Oak Park Heights,MN
OPC,"Oak Park, Oakland","Oak Park, Oakland",MI
KOI,Oak Point,Oak Point,TX
OR4,Oak Ridge,Oak Ridge,NC
ORE,Oak Ridge,Oak Ridge,NJ
OKR,Oak Ridge,Oak Ridge,TN
O3A,Oak Ridge North,Oak Ridge North,TX
OFW,Oak View,Oak View,CA
YOB,Oakboro,Oakboro,NC
OT2,Oakbrook Terrace,Oakbrook Terrace,IL
OKQ,Oakdale,Oakdale,CA
M8E,Oakdale,Oakdale,CT
ODH,Oakdale,Oakdale,IL
ODA,Oakdale,Oakdale,LA
OKE,Oakdale,Oakdale,MN
OQD,Oakdale,Oakdale,NY
UXR,Oakdale,Oakdale,PA
ODD,"Oakdale, Morgan","Oakdale, Morgan",TN
JYU,Oakes,Oakes,ND
KSE,Oakesdale,Oakesdale,WA
GKF,Oakfield,Oakfield,ME
OK2,Oakfield,Oakfield,NY
KFL,Oakfield,Oakfield,TN
OKF,Oakfield,Oakfield,WI
K9F,Oakford,Oakford,IN
HK5,Oakham,Oakham,MA
OHU,Oakhurst,Oakhurst,CA
OKH,Oakhurst,Oakhurst,NJ
OAK,Oakland,Oakland,CA
OQA,Oakland,Oakland,FL
OLI,Oakland,Oakland,IA
OUF,Oakland,Oakland,IL
O4K,Oakland,Oakland,KY
Z2G,Oakland,Oakland,LA
OBT,Oakland,Oakland,MD
OKD,Oakland,Oakland,ME
OQC,Oakland,Oakland,MS
XKB,Oakland,Oakland,NJ
KND,Oakland,Oakland,OR
OV5,Oakland,Oakland,PA
DN8,Oakland,Oakland,RI
KAD,Oakland,Oakland,TN
OK3,Oakland,Oakland,TX
ZOC,Oakland City,Oakland City,IN
O5G,Oakland Gardens,Oakland Gardens,NY
OXK,Oakland Mills,Oakland Mills,MD
OP2,"Oakland Park, Broward","Oakland Park, Broward",FL
IM5,Oaklandon,Oaklandon,IN
OQY,Oakley,Oakley,CA
OI2,Oakley,Oakley,ID
KLY,Oakley,Oakley,IL
OQK,Oakley,Oakley,KS
OK4,Oakley,Oakley,MI
OK8,Oakley,Oakley,UT
OXM,Oakman,Oakman,AL
UXS,Oakmont,Oakmont,PA
OQR,Oakridge,Oakridge,OR
OAS,Oaks,Oaks,PA
OKU,Oakton,Oakton,VA
OTN,Oaktown,Oaktown,IN
OVY,Oakville,Oakville,CA
OKV,Oakville,Oakville,CT
V6L,Oakville,Oakville,KY
OPV,Oakville,Oakville,WA
OKW,Oakwood,Oakwood,GA
O2A,Oakwood,Oakwood,OH
OW5,Oakwood,Oakwood,TX
ZOV,Oakwood Village,Oakwood Village,OH
OAW,"Oakwood, Buchanan","Oakwood, Buchanan",VA
OWU,"Oakwood, Oakland","Oakwood, Oakland",MI
OKG,"Oakwood, Paulding","Oakwood, Paulding",OH
OXX,Oasis,Oasis,CA
OMX,Oatman,Oatman,AZ
XOR,Oberlin,Oberlin,OH
OBE,Obetz,Obetz,OH
OBI,Obion,Obion,TN
O6G,Oblong,Oblong,IL
OIN,O'brien,O'brien,FL
OCF,Ocala,Ocala,FL
O9C,Occidental,Occidental,CA
OCY,Ocean,Ocean,NJ
OB3,Ocean Beach,Ocean Beach,CA
OCE,Ocean City,Ocean City,MD
OEC,Ocean City,Ocean City,NJ
OAM,Ocean Gate,Ocean Gate,NJ
OBH,Ocean Isle Beach,Ocean Isle Beach,NC
OCA,Ocean Reef,Ocean Reef,FL
OS8,Ocean Shores,Ocean Shores,WA
OSP,Ocean Springs,Ocean Springs,MS
OCX,Ocean View,Ocean View,DE
OIW,Ocean View,Ocean View,NJ
NTU,Oceana,Oceana,VA
OCI,Oceanic,Oceanic,AK
VQC,Oceano,Oceano,CA
OCP,Oceanport,Oceanport,NJ
OCN,Oceanside,Oceanside,CA
XJX,Oceanside,Oceanside,NY
OC5,Oceanview,Oceanview,NJ
ONW,Oceanway,Oceanway,FL
C7H,Ochelata,Ochelata,OK
OCG,Ochlocknee,Ochlocknee,GA
OC8,Ochopee,Ochopee,FL
OLA,Ocilla,Ocilla,GA
OCM,Ocoee,Ocoee,FL
OC7,Ocoee,Ocoee,TN
OZE,"Ocoee, Polk","Ocoee, Polk",TN
OCO,Oconomowoc,Oconomowoc,WI
OCQ,Oconto,Oconto,WI
XJV,Oconto Falls,Oconto Falls,WI
5OT,Odebolt,Odebolt,IA
ODE,Odell,Odell,OR
ODM,Odem,Odem,TX
ODN,Odenton,Odenton,MD
QOD,Odenville,Odenville,AL
ZGY,Odessa,Odessa,DE
ODF,Odessa,Odessa,FL
O82,Odessa,Odessa,MN
ODG,Odessa,Odessa,MO
ZOA,Odessa,Odessa,NE
ODS,Odessa,Odessa,NY
OSD,Odessa,Odessa,TX
KQI,Odessa,Odessa,WA
QVJ,Odon,Odon,IN
ODO,O'donnell,O'donnell,TX
OLW,Oelwein,Oelwein,IA
OFA,O'Fallon,O'Fallon,IL
OFL,O'Fallon,O'Fallon,MO
OAB,Offshore Ambrose,Offshore Ambrose,
OCT,Offshore Corpus Christi,Offshore Corpus Christi,
OF8,Offutt,Offutt,NE
OGA,Ogallala,Ogallala,NE
OGO,Ogden,Ogden,IA
OGZ,Ogden,Ogden,IL
A2X,Ogden,Ogden,NC
OGD,Ogden,Ogden,UT
OGU,Ogdensburg,Ogdensburg,NJ
OGS,Ogdensburg,Ogdensburg,NY
OG2,Ogdensburg,Ogdensburg,WI
OGF,Ogilvie,Ogilvie,MN
OGY,Oglesby,Oglesby,IL
OHQ,Oglethorpe,Oglethorpe,GA
YOQ,Ogunquit,Ogunquit,ME
ORD,O'Hare Apt/Chicago,O'Hare Apt/Chicago,IL
OHH,Ohatchee,Ohatchee,AL
OH3,Ohio,Ohio,IL
OHB,Ohio,Ohio,PA
Q32,Ohio City,Ohio City,CO
ZE2,Ohio City,Ohio City,OH
OHY,Ohiopyle,Ohiopyle,PA
OHV,Ohioview,Ohioview,PA
OYX,Ohkay Owingeh,Ohkay Owingeh,NM
OTY,Oil City,Oil City,LA
OIL,Oil City,Oil City,PA
ODC,Oildale,Oildale,CA
IUN,Oilton,Oilton,OK
ITB,Oilton,Oilton,TX
OVB,Oilville,Oilville,VA
OJA,Ojai,Ojai,CA
OHP,Okahumpka,Okahumpka,FL
O4G,Okanogan,Okanogan,WA
ZHE,Okarche,Okarche,OK
QXW,Okawville,Okawville,IL
OZU,Okeana,Okeana,OH
OKB,Okeechobee,Okeechobee,FL
OLT,Okeelanta,Okeelanta,FL
OKN,Okeene,Okeene,OK
OMJ,Okemah,Okemah,OK
OKX,Okemos,Okemos,MI
OKO,Oklahoma,Oklahoma,TX
OKC,Oklahoma City,Oklahoma City,OK
OKJ,Oklawaha,Oklawaha,FL
OKM,Okmulgee,Okmulgee,OK
O2K,Okoboji,Okoboji,IA
OKA,Okolona,Okolona,MS
OKZ,Okolona,Okolona,OH
O3L,Ola,Ola,AR
ZE3,Olancha,Olancha,CA
OXT,Olanta,Olanta,PA
FIZ,Olar,Olar,SC
OZT,Olathe,Olathe,CO
OLB,Olathe,Olathe,KS
OHA,Olathia,Olathia,MO
OPG,Old Bethpage,Old Bethpage,NY
ODR,Old Bridge,Old Bridge,NJ
DXX,Old Brookville,Old Brookville,NY
OC6,Old Chatham,Old Chatham,NY
XJZ,Old Forge,Old Forge,PA
OFT,Old Fort,Old Fort,NC
OFO,Old Fort,Old Fort,OH
OFJ,Old Fort,Old Fort,TN
O7G,Old Glory,Old Glory,TX
OGW,Old Greenwich,Old Greenwich,CT
OLH,Old Harbor,Old Harbor,AK
OHI,Old Hickory,Old Hickory,AR
XKA,Old Hickory,Old Hickory,TN
OLL,Old Lyme,Old Lyme,CT
OZI,Old Monroe,Old Monroe,MO
LDC,Old Ocean,Old Ocean,TX
OO2,Old Orchard Beach,Old Orchard Beach,ME
DKH,Old Rock Hill,Old Rock Hill,GA
OSY,Old Saybrook,Old Saybrook,CT
OPN,Old Tappan,Old Tappan,NJ
OLD,Old Town,Old Town,ME
OW9,Old Westbury,Old Westbury,NY
OH2,Oldham,Oldham,SD
ABA,Oldsmar,Oldsmar,FL
OXE,Oldtown,Oldtown,MD
OLE,Olean,Olean,NY
OL2,Oleum,Oleum,CA
3LY,Oley,Oley,PA
KOY,Olga Bay,Olga Bay,AK
OXL,Olin,Olin,NC
OIE,Olive,Olive,CA
OQB,Olive Branch,Olive Branch,IL
OLV,Olive Branch,Olive Branch,MS
OHF,Olive Hill,Olive Hill,KY
OVH,Olivehurst,Olivehurst,CA
O7L,Olivet,Olivet,MI
ZOT,Olivette,Olivette,MO
OIV,Olivia,Olivia,MN
OMG,Olmito,Olmito,TX
OZM,Olmsted,Olmsted,IL
YOF,Olmsted Falls,Olmsted Falls,OH
OLY,Olney,Olney,IL
OEY,Olney,Olney,MD
OJN,Olney,Olney,MT
ONY,Olney,Olney,TX
OFU,Olsburg,Olsburg,KS
QOT,Olton,Olton,TX
OEJ,Olustee,Olustee,FL
OLM,Olympia,Olympia,WA
OAN,Olympia Fields,Olympia Fields,IL
ZOY,Olympic Valley,Olympic Valley,CA
QOA,Olyphant,Olyphant,PA
OH8,Omaha,Omaha,AR
OM3,Omaha,Omaha,IL
OMA,Omaha,Omaha,NE
OMK,Omak,Omak,WA
9OM,Omega,Omega,GA
O5M,Omena,Omena,MI
OM2,Omro,Omro,WI
ON3,Ona,Ona,FL
OA7,Ona,Ona,WV
KGA,Onaga,Onaga,KS
O9K,Onalaska,Onalaska,TX
OAA,Onalaska,Onalaska,WA
ZOK,Onalaska,Onalaska,WI
ZNI,Onamia,Onamia,MN
ON2,Onarga,Onarga,IL
IA3,Onawa,Onawa,IA
OW2,Onaway,Onaway,MI
ONE,Oneco,Oneco,FL
OND,Oneida,Oneida,NY
OYI,Oneida,Oneida,TN
ONI,Oneida,Oneida,WI
ONL,O'Neill,O'Neill,NE
ONK,Onekama,Onekama,MI
ONF,Oneonta,Oneonta,AL
ONH,Oneonta,Oneonta,NY
OID,Onida,Onida,SD
ONN,Onion Bay,Onion Bay,AK
ONP,Ono,Ono,PA
OGQ,Onondaga,Onondaga,NY
ONS,Onset,Onset,MA
OTD,Onsted,Onsted,MI
ONT,Ontario,Ontario,CA
OTF,Ontario,Ontario,NY
OT5,Ontario,Ontario,OH
ONO,Ontario,Ontario,OR
W7I,Ontario,Ontario,WI
ONG,Ontonagon,Ontonagon,MI
OO3,Oologah,Oologah,OK
ZOW,Ooltewah,Ooltewah,TN
OSU,Oostburg,Oostburg,WI
OPK,Opa Locka,Opa Locka,FL
OP8,Opal,Opal,WY
OPI,Opelika,Opelika,AL
OPL,Opelousas,Opelousas,LA
OPH,Opheim,Opheim,MT
OPA,Opp,Opp,AL
ORA,Oradell,Oradell,NJ
O2R,Oran,Oran,MO
JOR,Orange,Orange,CA
ORB,Orange,Orange,CT
OGJ,Orange,Orange,FL
OAF,Orange,Orange,MA
JNJ,Orange,Orange,NJ
2OV,Orange,Orange,OH
ORG,Orange,Orange,TX
OGE,Orange,Orange,VA
OGX,Orange,Orange,VT
OBC,Orange Beach,Orange Beach,AL
OGC,Orange City,Orange City,FL
OC2,Orange City,Orange City,IA
OCC,Orange Cove,Orange Cove,CA
ORP,Orange Park,Orange Park,FL
OBG,Orangeburg,Orangeburg,NY
OGB,Orangeburg,Orangeburg,SC
OEV,Orangevale,Orangevale,CA
OAG,Orangeville,Orangeville,IL
OV2,Orangeville,Orangeville,PA
OGV,Orangeville,Orangeville,UT
OSZ,Orca,Orca,AK
XJY,Orcas,Orcas,WA
OR5,Orchard,Orchard,IA
OCD,Orchard,Orchard,NE
OQP,Orchard Beach,Orchard Beach,MD
OHK,Orchard Lake,Orchard Lake,MI
OPY,Orchard Park,Orchard Park,NY
OCJ,Orchards,Orchards,WA
8MN,Orcutt,Orcutt,CA
OJR,Ord,Ord,NE
ORY,Ordbend,Ordbend,CA
ODY,Ordinary,Ordinary,VA
9OC,Ore City,Ore City,TX
XKD,Orefield,Orefield,PA
OGI,Oregon,Oregon,IL
OEG,Oregon,Oregon,OH
OR9,Oregon,Oregon,WI
ORC,Oregon City,Oregon City,OR
OJG,Oregon House,Oregon House,CA
ODJ,Oreland,Oreland,PA
OEU,Orem,Orem,UT
ORU,Orestes,Orestes,IN
OF2,Orford,Orford,NH
OQE,Orick,Orick,CA
O8R,Orient,Orient,ME
4CA,Orinda,Orinda,CA
OR2,Orion,Orion,IL
O6N,Orion,Orion,MI
OKY,Oriskany,Oriskany,NY
OFY,Oriskany Falls,Oriskany Falls,NY
OR3,Orla,Orla,TX
ORN,Orland,Orland,CA
OLJ,Orland,Orland,IN
ODX,Orland,Orland,ME
XKC,Orland Park,Orland Park,IL
ORL,Orlando,Orlando,FL
OFZ,Orleans,Orleans,CA
ORZ,Orleans,Orleans,IN
OLN,Orleans,Orleans,MA
ORJ,Orleans,Orleans,VT
QOL,Orlinda,Orlinda,TN
ODB,Ormond Beach,Ormond Beach,FL
OOQ,Oro Grande,Oro Grande,CA
OVU,Oro Valley,Oro Valley,AZ
OFG,Orofino,Orofino,ID
ZOG,Orogrande,Orogrande,NM
YDO,Orondo,Orondo,WA
2OR,Orono,Orono,ME
R3N,Orono,Orono,MN
OO8,Oronoco,Oronoco,MN
ORO,Orosi,Orosi,CA
OVE,Oroville,Oroville,CA
OVW,Oroville,Oroville,WA
IHK,Orrick,Orrick,MO
OR7,Orrington,Orrington,ME
OWN,Orrstown,Orrstown,PA
OTP,Orrtanna,Orrtanna,PA
ORR,Orrville,Orrville,OH
XKE,Orting,Orting,WA
OOI,Ortonville,Ortonville,MI
OEQ,Orwell,Orwell,OH
ORW,Orwell,Orwell,VT
OWP,Orwigsburg,Orwigsburg,PA
OAE,Osage,Osage,IA
OG8,Osage,Osage,WY
OSB,Osage Beach,Osage Beach,MO
OC9,Osage City,Osage City,KS
OB4,Osborne,Osborne,KS
OJB,Osburn,Osburn,ID
S4M,Oscar,Oscar,MO
OSA,Osceola,Osceola,AR
OCL,Osceola,Osceola,IA
M2S,Osceola,Osceola,MO
OEO,Osceola,Osceola,WI
OC3,Osco,Osco,IL
OSC,Oscoda,Oscoda,MI
YZD,Osgood,Osgood,IN
OKS,Oshkosh,Oshkosh,NE
OSH,Oshkosh,Oshkosh,WI
OOA,Oskaloosa,Oskaloosa,IA
OS3,Oskaloosa,Oskaloosa,KS
OSL,Oslo,Oslo,MN
ODQ,Osmond,Osmond,NE
OS2,Osseo,Osseo,MI
OXS,Osseo,Osseo,MN
OZZ,Osseo,Osseo,WI
O2S,Ossian,Ossian,IN
KZK,Ossineke,Ossineke,MI
OSS,Ossining,Ossining,NY
N8H,Ossipee,Ossipee,NH
OE2,Osteen,Osteen,FL
OV3,Osterville,Osterville,MA
OEH,Osthemo,Osthemo,MI
ORX,Ostrander,Ostrander,OH
OST,Ostrica,Ostrica,LA
OSG,Oswego,Oswego,IL
OSW,Oswego,Oswego,NY
OYM,Otay Mesa,Otay Mesa,CA
OQG,Otego,Otego,NY
XKF,Othello,Othello,WA
O5T,Otis,Otis,CO
TJI,Otis,Otis,KS
8SI,Otis,Otis,MA
OOW,Otis Orchards,Otis Orchards,WA
OZV,Otisville,Otisville,MI
TSE,Otisville,Otisville,NY
TGH,Otsego,Otsego,MI
UY7,Otsego,Otsego,MN
OTW,Ottawa,Ottawa,IL
OTR,Ottawa,Ottawa,KS
W8T,Ottawa,Ottawa,MN
OTQ,Ottawa,Ottawa,OH
OTL,Ottawa Lake,Ottawa Lake,MI
IXO,Otter River,Otter River,MA
O2T,Otterbein,Otterbein,IN
OIM,Otterville,Otterville,MO
I8C,Otto,Otto,NC
OTO,Otto,Otto,NM
TOV,Ottoville,Ottoville,OH
OSV,Ottsville,Ottsville,PA
OTM,Ottumwa,Ottumwa,IA
OVZ,Otwell,Otwell,AR
OUR,Ouray,Ouray,CO
3VC,Outlook,Outlook,WA
KOZ,Ouzinkie,Ouzinkie,AK
VFK,Oven Fork,Oven Fork,KY
VEK,Overbrook,Overbrook,KS
3QW,Overgaard,Overgaard,AZ
OVD,Overland,Overland,MO
OVL,Overland Park,Overland Park,KS
OVR,Overpeck,Overpeck,OH
OV9,Overton,Overton,NE
OV4,Overton,Overton,TX
GHJ,"Overton, Clark","Overton, Clark",NV
OD2,Ovid,Ovid,ID
ZG4,Ovid,Ovid,MI
VID,Ovid,Ovid,NY
ZOD,Oviedo,Oviedo,FL
OVP,Ovilla,Ovilla,TX
OW3,Owasso,Owasso,OK
OWA,Owatonna,Owatonna,MN
OWG,Owego,Owego,NY
ZOE,Owen,Owen,WI
ODL,Owendale,Owendale,MI
OQS,Owens Cross Roads,Owens Cross Roads,AL
OWB,Owensboro,Owensboro,KY
OWJ,Owensville,Owensville,IN
OWV,Owensville,Owensville,MO
QOW,Owenton,Owenton,KY
OW7,Owings,Owings,MD
OWI,Owings Mills,Owings Mills,MD
O2W,Owingsville,Owingsville,KY
2OH,Owls Head,Owls Head,ME
OWO,Owosso,Owosso,MI
OXO,Oxford,Oxford,AL
OXC,Oxford,Oxford,CT
OFD,Oxford,Oxford,FL
OXG,Oxford,Oxford,GA
OXA,Oxford,Oxford,IA
OFC,Oxford,Oxford,IN
OXB,Oxford,Oxford,MA
OXU,Oxford,Oxford,MD
OX2,Oxford,Oxford,ME
OFM,Oxford,Oxford,MI
UOX,Oxford,Oxford,MS
OXF,Oxford,Oxford,NC
OSF,Oxford,Oxford,NE
OXW,Oxford,Oxford,NJ
OX3,Oxford,Oxford,NY
OXD,Oxford,Oxford,OH
ZXO,Oxford,Oxford,PA
OFQ,Oxford,Oxford,WI
OXY,Oxly,Oxly,MO
OXN,Oxnard,Oxnard,CA
OXR,Oxnard-Ventura Apt,Oxnard-Ventura Apt,CA
OXH,Oxon Hill,Oxon Hill,MD
OYB,Oyster Bay,Oyster Bay,NY
YRC,Oyster Creek,Oyster Creek,TX
OZR,Ozark,Ozark,AL
OZK,Ozark,Ozark,AR
ORK,Ozark,Ozark,MO
OZA,Ozona,Ozona,TX
Z6O,Ozone,Ozone,AR
OZO,Ozone Park/Queens/New York,Ozone Park/Queens/New York,NY
ZPO,Pablo,Pablo,MT
PBT,Pabst,Pabst,GA
PCZ,Pace,Pace,FL
ZE4,Pacheco,Pacheco,CA
PCW,Pachuta,Pachuta,MS
AC3,Pacific,Pacific,MO
PF8,Pacific,Pacific,WA
PFC,Pacific City,Pacific City,OR
ICG,Pacific Grove,Pacific Grove,CA
PJ8,Pacific Junction,Pacific Junction,IA
PPH,Pacific Palisades,Pacific Palisades,CA
PFQ,Pacifica,Pacifica,CA
PBK,Pack Creek,Pack Creek,AK
PUQ,Pacoima,Pacoima,CA
ZG9,Pacolet,Pacolet,SC
PCY,Paden City,Paden City,WV
PAH,Paducah,Paducah,KY
XKG,Paducah,Paducah,TX
PFA,Paf Warren,Paf Warren,AK
PGA,Page,Page,AZ
PGE,Pagedale,Pagedale,MO
PQR,Pageland,Pageland,SC
PGO,Pagosa Springs,Pagosa Springs,CO
PHK,Pahokee,Pahokee,FL
PQV,Pahrump,Pahrump,NV
ZQ3,Paicines,Paicines,CA
PMU,Paimiut,Paimiut,AK
XXQ,Paincourtville,Paincourtville,LA
PVZ,Painesville,Painesville,OH
P5R,Paint Rock,Paint Rock,AL
PWY,Painted Post,Painted Post,NY
PE9,Painter,Painter,VA
PCE,Painter Creek,Painter Creek,AK
PAI,Paintsville,Paintsville,KY
PY6,Paisley,Paisley,FL
AJO,Pajaro,Pajaro,CA
JPL,Pala,Pala,CA
PSX,Palacios,Palacios,TX
PLE,Palatine,Palatine,IL
PBE,Palatine Bridge,Palatine Bridge,NY
PLT,Palatka,Palatka,FL
PV8,Palenville,Palenville,NY
P5M,Palermo,Palermo,ME
P3S,Palestine,Palestine,AR
ZH4,Palestine,Palestine,IL
PSN,Palestine,Palestine,TX
PDZ,Palisade,Palisade,CO
PDJ,Palisade,Palisade,MN
PDE,Palisade,Palisade,NJ
IAS,Palisades,Palisades,NY
PSA,Palisades Park,Palisades Park,NJ
PQM,Palm,Palm,PA
PBY,Palm Bay,Palm Bay,FL
PAB,Palm Beach,Palm Beach,FL
PMG,Palm Beach Gardens,Palm Beach Gardens,FL
PMI,Palm City,Palm City,FL
PLM,Palm Coast,Palm Coast,FL
PMD,Palm Desert,Palm Desert,CA
XKI,Palm Harbor,Palm Harbor,FL
PSP,Palm Springs,Palm Springs,CA
P2S,Palm Springs,Palm Springs,FL
QPL,Palmdale,Palmdale,CA
ZPF,Palmdale,Palmdale,FL
PAQ,Palmer,Palmer,AK
PI8,Palmer,Palmer,IA
PMX,Palmer,Palmer,MA
PL2,Palmer,Palmer,PA
TPU,Palmer,Palmer,TN
GPA,Palmer,Palmer,TX
PE4,Palmer Lake,Palmer Lake,CO
PLA,Palmerton,Palmerton,PA
PMZ,Palmertown,Palmertown,PA
PMT,Palmetto,Palmetto,FL
PFP,Palmetto,Palmetto,GA
P64,Palmetto Bay,Palmetto Bay,FL
PQE,"Palmetto, Bossier","Palmetto, Bossier",LA
PFM,"Palmetto, Saint Landry","Palmetto, Saint Landry",LA
7PV,Palmview,Palmview,TX
PYA,Palmyra,Palmyra,IN
8MY,Palmyra,Palmyra,ME
XPM,Palmyra,Palmyra,MI
PMR,Palmyra,Palmyra,MO
PBJ,Palmyra,Palmyra,NJ
PZQ,Palmyra,Palmyra,NY
PYY,Palmyra,Palmyra,PA
PA7,Palmyra,Palmyra,VA
ZPY,Palmyra,Palmyra,WI
5PA,Palo,Palo,IA
PAO,Palo Alto,Palo Alto,CA
FQO,Palo Cedro,Palo Cedro,CA
PGZ,Palo Pinto,Palo Pinto,TX
PXF,Palomar Mountain,Palomar Mountain,CA
P9H,Palos Heights,Palos Heights,IL
PH5,Palos Hills,Palos Hills,IL
PP2,Palos Park,Palos Park,IL
PVP,Palos Verdes Estates,Palos Verdes Estates,CA
PZU,Palouse,Palouse,WA
PPA,Pampa,Pampa,TX
PPJ,Pamplico,Pamplico,SC
QPM,Pamplin,Pamplin,VA
PN2,Pana,Pana,IL
XPC,Panaca,Panaca,NV
4PA,Panama,Panama,CA
P99,Panama,Panama,IA
5PO,Panama,Panama,OK
PFN,Panama City,Panama City,FL
ZQV,Panama City Beach,Panama City Beach,FL
PKO,Pandora,Pandora,OH
PNU,Panguitch,Panguitch,UT
PHY,"Panhandle, Carson","Panhandle, Carson",TX
PH4,"Panhandle, Cass","Panhandle, Cass",TX
P77,Panora,Panora,IA
PHQ,Panorama City,Panorama City,CA
TEG,Pantego,Pantego,NC
TCG,Pantego,Pantego,TX
IPO,Paoli,Paoli,IN
VPI,Paoli,Paoli,OK
AOL,Paoli,Paoli,PA
WPO,Paonia,Paonia,CO
IOX,Papillion,Papillion,NE
PHU,Parachute,Parachute,CO
PD9,Paradise,Paradise,CA
P9R,Paradise,Paradise,KS
3PL,Paradise,Paradise,PA
VPD,Paradise,Paradise,TX
PDV,Paradise Valley,Paradise Valley,AZ
P2V,Paradise Valley,Paradise Valley,NV
QPG,Paragon,Paragon,IN
PGR,Paragould,Paragould,AR
PMQ,Paramount,Paramount,CA
PRM,Paramus,Paramus,NJ
PZM,Parchment,Parchment,MI
PDF,Pardeeville,Pardeeville,WI
PS5,Paris,Paris,AR
PRP,Paris,Paris,IL
PZT,Paris,Paris,KY
P7S,Paris,Paris,ME
PHT,Paris,Paris,TN
PRX,Paris,Paris,TX
P3H,Parish,Parish,FL
PSU,Parish,Parish,NY
KPZ,Park,Park,KS
PKC,Park City,Park City,IL
PC9,Park City,Park City,KS
PC6,Park City,Park City,KY
PAC,Park City,Park City,UT
PKF,Park Falls,Park Falls,WI
PFO,Park Forest,Park Forest,IL
PH6,Park Hill,Park Hill,OK
PKH,Park Hills,Park Hills,MO
PKJ,Park Junction,Park Junction,PA
PKD,Park Rapids,Park Rapids,MN
PKG,Park Ridge,Park Ridge,IL
9PR,Park Ridge,Park Ridge,NJ
AAZ,Parker,Parker,AZ
ZKR,Parker,Parker,CO
P6K,Parker,Parker,SD
PK9,Parker,Parker,VA
PKW,Parker,Parker,WA
PKR,Parker Ford,Parker Ford,PA
PA4,Parkers Lake,Parkers Lake,KY
PKB,Parkersburg,Parkersburg,WV
PKP,Parkesburg,Parkesburg,PA
P8D,Parkfield,Parkfield,CA
P7K,Parkland,Parkland,FL
KM9,Parkman,Parkman,OH
PRK,Parkridge,Parkridge,NJ
PKZ,Parkrose,Parkrose,OR
KPK,Parks,Parks,AK
PK3,Parks,Parks,AZ
PKY,Parksley,Parksley,VA
AKS,Parkston,Parkston,SD
4RK,Parkton,Parkton,MD
PKT,Parkton,Parkton,NC
PK4,Parkville,Parkville,MD
KLE,Parkville,Parkville,MO
PW2,Parkwater-Spokane,Parkwater-Spokane,WA
PGW,Parkwood,Parkwood,PA
PAR,Parlier,Parlier,CA
PUJ,Parlin,Parlin,NJ
QPA,Parma,Parma,ID
PAM,Parma,Parma,MI
QRA,Parma,Parma,MO
PBH,Parma,Parma,OH
UVP,Parnassus,Parnassus,PA
PN7,Parnell,Parnell,IA
PXA,Paron,Paron,AR
PWB,Parowan,Parowan,UT
XKL,Parris Island,Parris Island,SC
RRH,Parrish,Parrish,AL
8RW,Parrish,Parrish,FL
ZTS,Parrottsville,Parrottsville,TN
P4A,Parshall,Parshall,CO
PPY,Parsippany,Parsippany,NJ
PPF,Parsons,Parsons,KS
PSZ,Parsons,Parsons,TN
PWV,Parsons,Parsons,WV
PG9,Parsonsburg,Parsonsburg,MD
9PA,Parsonsfield,Parsonsfield,ME
PSD,Pasadena,Pasadena,CA
YPC,Pasadena,Pasadena,MD
PAS,Pasadena,Pasadena,TX
PGL,Pascagoula,Pascagoula,MS
PSC,Pasco,Pasco,WA
PXC,Pascoag,Pascoag,RI
PRB,Paso Robles,Paso Robles,CA
PCM,Pass Christian,Pass Christian,MS
P8A,Passadumkeag,Passadumkeag,ME
PSE,Passaic,Passaic,NJ
AKL,Pataskala,Pataskala,OH
PCP,Patchogue,Patchogue,NY
5LT,Patel,Patel,MS
XKT,Pateros,Pateros,WA
PAT,Paterson,Paterson,NJ
PWG,Paterson,Paterson,WA
P5K,Patoka,Patoka,IL
PXK,Patoka,Patoka,IN
PQB,Paton,Paton,IA
PZK,Patrick,Patrick,NV
JKR,Patrick Springs,Patrick Springs,VA
QPI,Patriot,Patriot,OH
PQZ,Patten,Patten,ME
P7A,Patterson,Patterson,AR
PCQ,Patterson,Patterson,CA
GPO,Patterson,Patterson,GA
ZPA,Patterson,Patterson,LA
PNQ,Patterson,Patterson,NC
PAN,Patterson,Patterson,NY
PT2,Patterson,Patterson,WA
PTN,Patterson-Morgan City Apt,Patterson-Morgan City Apt,LA
DPS,Pattison,Pattison,TX
VQW,Patton,Patton,CA
JZP,Patton,Patton,MO
IQP,Pattonsburg,Pattonsburg,MO
NHK,Patuxent River,Patuxent River,MD
PAZ,Paul,Paul,ID
PD6,Paulden,Paulden,AZ
PAD,Paulding,Paulding,OH
PUE,Pauline,Pauline,KS
ZUI,Pauline,Pauline,SC
9AU,Paullina,Paullina,IA
KPH,Pauloff Harbor,Pauloff Harbor,AK
PVJ,Pauls Valley,Pauls Valley,OK
PAU,Paulsboro,Paulsboro,NJ
UVY,Pauma Valley,Pauma Valley,CA
P49,Pavilion,Pavilion,NY
P22,Pavo,Pavo,GA
PW3,Paw Creek,Paw Creek,NC
PPW,Paw Paw,Paw Paw,MI
UXT,Paw Paw,Paw Paw,WV
PWP,Pawcatuck,Pawcatuck,CT
PWH,Pawhuska,Pawhuska,OK
PJW,Pawlet,Pawlet,VT
ZPI,Pawleys Island,Pawleys Island,SC
PWL,Pawling,Pawling,NY
PWE,Pawnee,Pawnee,IL
QAW,Pawnee,Pawnee,OK
PWX,Pawnee City,Pawnee City,NE
PAW,Pawtucket,Pawtucket,RI
PX2,Pax,Pax,WV
PX6,Paxico,Paxico,KS
PXS,Paxinos,Paxinos,PA
PAX,Paxson,Paxson,AK
PX9,Paxton,Paxton,FL
PFB,Paxton,Paxton,IL
5XT,Paxton,Paxton,MA
PX4,Paxville,Paxville,SC
PYE,Payette,Payette,ID
PY2,Payne,Payne,OH
PYW,Paynesville,Paynesville,MN
PJB,Payson,Payson,AZ
PYU,Payson,Payson,UT
ZPR,Pea Ridge,Pea Ridge,AR
YPA,Peabody,Peabody,KS
PED,Peabody,Peabody,MA
PDA,Peace Dale,Peace Dale,RI
PSY,Peace Valley,Peace Valley,MO
YL2,Peach Bottom,Peach Bottom,PA
PCG,Peach Glen,Peach Glen,PA
PGS,Peach Springs,Peach Springs,AZ
7PC,Peacham,Peacham,VT
PD7,Peachland,Peachland,NC
PQH,Peachtree City,Peachtree City,GA
G9T,Peachtree Corners,Peachtree Corners,GA
EPU,Peapack,Peapack,NJ
PE6,Pearce,Pearce,AZ
PE5,Pearcy,Pearcy,AR
EUX,Pearisburg,Pearisburg,VA
PES,Pearl,Pearl,MS
PEZ,Pearl City,Pearl City,IL
PLC,Pearl City (Oahu),Pearl City (Oahu),HI
PEA,Pearl Harbor,Pearl Harbor,HI
PR8,Pearl River,Pearl River,LA
PAV,Pearl River,Pearl River,NY
PND,Pearland,Pearland,TX
PTX,Pearlington,Pearlington,MS
PEU,Pearsall,Pearsall,TX
PEJ,Pearson,Pearson,GA
PS6,Pearson,Pearson,WI
XPS,Pease,Pease,MN
PBA,Pebble Beach,Pebble Beach,CA
ECT,Pecatonica,Pecatonica,IL
PK8,Peck,Peck,MI
PEK,Pecksville,Pecksville,NY
PK2,Peckville,Peckville,PA
QPN,Peconic,Peconic,NY
PEQ,Pecos,Pecos,TX
VPE,Peculiar,Peculiar,MO
PJZ,Pedley,Pedley,CA
PKN,Pedricktown,Pedricktown,NJ
PDB,Pedro Bay,Pedro Bay,AK
P2E,Peebles,Peebles,OH
ZGF,Peekskill,Peekskill,NY
EEZ,Peetz,Peetz,CO
PZJ,Pejepscot,Pejepscot,ME
PKI,Pekin,Pekin,IL
PKX,Pekin,Pekin,IN
PHE,Pelahatchie,Pelahatchie,MS
APM,Pelham,Pelham,AL
PEH,Pelham,Pelham,GA
EHF,Pelham,Pelham,NC
QPE,Pelham,Pelham,NH
PHW,Pelham,Pelham,NY
JPM,Pelham,Pelham,TN
PEX,Pelham Manor,Pelham Manor,NY
PEC,Pelican,Pelican,AK
PQL,Pelican,Pelican,LA
IPI,Pelican Rapids,Pelican Rapids,MN
ZE5,Pelion,Pelion,SC
P37,Pelkie,Pelkie,MI
PLR,Pell City,Pell City,AL
PEL,Pella,Pella,IA
PXN,Pellston,Pellston,MI
YPZ,Pelzer,Pelzer,SC
PEM,Pemberville,Pemberville,OH
PMB,Pembina,Pembina,ND
PM9,Pembine,Pembine,WI
PBD,Pembroke,Pembroke,FL
QPB,Pembroke,Pembroke,GA
PBM,Pembroke,Pembroke,MA
P8E,Pembroke,Pembroke,ME
PWK,Pembroke,Pembroke,NC
JUY,Pembroke,Pembroke,NH
ZPB,Pembroke Park,Pembroke Park,FL
P2P,Pembroke Pines,Pembroke Pines,FL
PYD,Pen Argyl,Pen Argyl,PA
YPJ,Penacook,Penacook,NH
ZQ4,Penasco,Penasco,NM
PGG,Pendergrass,Pendergrass,GA
PDN,Pendleton,Pendleton,IN
PJE,Pendleton,Pendleton,NC
PDT,Pendleton,Pendleton,OR
PDO,Pendleton,Pendleton,SC
PDD,Pendleton,Pendleton,TX
D9Y,Pendroy,Pendroy,MT
NFI,Penfield,Penfield,NY
PF7,Penfield,Penfield,PA
ULA,Peninsula,Peninsula,OH
P9N,Penitas,Penitas,TX
PNR,Penn Run,Penn Run,PA
7CA,Penn Valley,Penn Valley,CA
PQQ,Penn Yan,Penn Yan,NY
PEN,Penndel,Penndel,PA
9DK,Penngrove,Penngrove,CA
NIG,Pennington,Pennington,AL
PGT,Pennington,Pennington,AR
NNG,Pennington,Pennington,NJ
XKK,Pennington Gap,Pennington Gap,VA
P2K,Pennock,Pennock,MN
PGP,Penns Grove,Penns Grove,NJ
PPS,Pennsauken,Pennsauken,NJ
PBZ,Pennsboro,Pennsboro,WV
NNJ,Pennsburg,Pennsburg,PA
QVZ,Pennsdale,Pennsdale,PA
PFJ,Pennsville,Pennsville,NJ
QV2,Pennsylvania Furnace,Pennsylvania Furnace,PA
P87,Penobscot,Penobscot,ME
PR2,Penrose,Penrose,CO
PN5,Penrose,Penrose,NC
PNS,Pensacola,Pensacola,FL
PB4,Pensacola Beach,Pensacola Beach,FL
PNP,Pentwater,Pentwater,MI
JNL,Penwell,Penwell,TX
PEI,Peoria,Peoria,AZ
JPO,Peoria,Peoria,IA
PIA,Peoria,Peoria,IL
JP9,Peoria,Peoria,OH
PHB,Peoria Heights,Peoria Heights,IL
PST,Peosta,Peosta,IA
PJN,Peotone,Peotone,IL
WX7,Pepin,Pepin,WI
P4K,Pepper Pike,Pepper Pike,OH
PEP,Pepperell,Pepperell,MA
PQN,Pequannock,Pequannock,NJ
QKA,Pequea,Pequea,PA
PQK,Pequot Lakes,Pequot Lakes,MN
PE7,Peralta,Peralta,NM
XPE,Perdue Hill,Perdue Hill,AL
P9E,Perham,Perham,ME
XKJ,Perham,Perham,MN
PKS,Perkasie,Perkasie,PA
PKQ,Perkins,Perkins,AR
PR3,Perkins,Perkins,OK
KDS,Perkinston,Perkinston,MS
P9K,Perkinsville,Perkinsville,VT
KMV,Perkiomenville,Perkiomenville,PA
PRI,Perrine,Perrine,FL
P7V,Perrineville,Perrineville,NJ
PIO,Perrinton,Perrinton,MI
PER,Perris,Perris,CA
FPY,Perry,Perry,FL
PYG,Perry,Perry,GA
PRO,Perry,Perry,IA
9PE,Perry,Perry,ME
IPE,Perry,Perry,MI
NYP,Perry,Perry,NY
PQY,Perry,Perry,OH
PRR,Perry,Perry,OK
PY3,Perry,Perry,SC
WJ3,Perry Hall,Perry Hall,MD
PYL,Perry Island,Perry Island,AK
PYB,Perryman,Perryman,MD
PYS,Perryopolis,Perryopolis,PA
XKQ,Perrysburg,Perrysburg,OH
PYV,Perrysville,Perrysville,OH
EYN,Perryton,Perryton,TX
KPV,Perryville,Perryville,AK
PYI,Perryville,Perryville,MD
PYX,Perryville,Perryville,MO
PAY,Perth Amboy,Perth Amboy,NJ
VYS,Peru,Peru,IL
GUS,Peru,Peru,IN
P6N,Peru,Peru,ME
PGU,Peru,Peru,NY
7PE,Peru,Peru,VT
YPQ,Pescadero,Pescadero,CA
P2N,Peshastin,Peshastin,WA
PSH,Peshtigo,Peshtigo,WI
PT4,Petal,Petal,MS
PUM,Petaluma,Petaluma,CA
YPB,Peterborough,Peterborough,NH
PEE,Peterman,Peterman,AL
2PB,Petersboro,Petersboro,UT
PSG,Petersburg,Petersburg,AK
PB8,Petersburg,Petersburg,IN
RUG,Petersburg,Petersburg,KY
M94,Petersburg,Petersburg,MI
PBP,Petersburg,Petersburg,NE
UPG,Petersburg,Petersburg,NJ
TSB,Petersburg,Petersburg,NY
PBU,Petersburg,Petersburg,PA
TSR,Petersburg,Petersburg,TN
PBB,Petersburg,Petersburg,TX
PTB,Petersburg,Petersburg,VA
PGC,Petersburg,Petersburg,WV
PB2,"Petersburg, Menard","Petersburg, Menard",IL
M7A,Petersham,Petersham,MA
PNF,Peterson's Point,Peterson's Point,AK
PET,Petoskey,Petoskey,MI
EUM,Petroleum,Petroleum,IN
EJI,Petrolia,Petrolia,CA
PEO,Petrolia,Petrolia,PA
PXI,Petrolia,Petrolia,TX
PV7,Pettisville,Pettisville,OH
EQY,Petty,Petty,TX
PVB,Pevely,Pevely,MO
PZE,Pewamo,Pewamo,MI
PEW,Pewaukee,Pewaukee,WI
EYC,Pewee Valley,Pewee Valley,KY
YPT,Peyton,Peyton,CO
PFT,Pfafftown,Pfafftown,NC
PFV,Pflugerville,Pflugerville,TX
PFX,Pharr,Pharr,TX
VPH,Phelan,Phelan,CA
IPP,Phelps,Phelps,KY
PPX,Phelps,Phelps,NY
PHA,Phenix City,Phenix City,AL
PCB,Phil Campbell,Phil Campbell,AL
PXX,Philadelphia,Philadelphia,MS
PDP,Philadelphia,Philadelphia,NY
PHL,Philadelphia,Philadelphia,PA
PNE,Philadelphia North East Apt,Philadelphia North East Apt,PA
PHP,Philip,Philip,SD
PPI,Philippi,Philippi,WV
IIP,Philipsburg,Philipsburg,MT
ZPC,Philipsburg,Philipsburg,PA
8LH,Phillips,Phillips,ME
PH9,Phillips,Phillips,NE
PJP,Phillips,Phillips,WI
PHJ,Phillipsburg,Phillipsburg,KS
PB6,Phillipsburg,Phillipsburg,MO
PHI,Phillipsburg,Phillipsburg,NJ
ZPG,Phillipsburg,Phillipsburg,NY
PH8,Phillipston,Phillipston,MA
PH3,Philmont,Philmont,NY
PL6,Philo,Philo,CA
PJI,Philo,Philo,OH
YPH,Philomath,Philomath,OR
PPP,Philpot,Philpot,KY
8PP,Phippsburg,Phippsburg,ME
P6H,Phoenicia,Phoenicia,NY
PHX,Phoenix,Phoenix,AZ
XPN,Phoenix,Phoenix,IL
P2X,Phoenix,Phoenix,MD
XH5,Phoenix,Phoenix,NY
ONX,Phoenix,Phoenix,OR
5JD,Phoenix,Phoenix,TX
PXT,Phoenix Township,Phoenix Township,AR
PXV,Phoenixville,Phoenixville,PA
PIC,Picacho,Picacho,AZ
PY5,Picatinny Arsenal,Picatinny Arsenal,NJ
PCU,Picayune,Picayune,MS
P3R,Picher,Picher,OK
LQK,Pickens,Pickens,SC
YKV,Pickensville,Pickensville,AL
JPK,Pickering,Pickering,MO
PXQ,Pickerington,Pickerington,OH
P3T,Pickstown,Pickstown,SD
PQU,Pico Rivera,Pico Rivera,CA
XPI,Piedmont,Piedmont,AL
PVK,Piedmont,Piedmont,CA
PIX,Piedmont,Piedmont,KS
PIQ,Piedmont,Piedmont,MO
PIJ,Piedmont,Piedmont,SC
S78,Piedmont,Piedmont,SD
PNT,Piedmont,Piedmont,WV
PGN,Piegan,Piegan,MT
PJK,Pierce,Pierce,ID
P7N,Pierce,Pierce,NE
AZ8,Pierce City,Pierce City,MO
P8N,Pierceton,Pierceton,IN
PR4,Piercy,Piercy,CA
PI3,Piermont,Piermont,NH
R9Y,Piermont,Piermont,NY
PIR,Pierre,Pierre,SD
PPQ,Pierre Part,Pierre Part,LA
PIF,Pierson,Pierson,FL
RZB,Pierz,Pierz,MN
PFY,Piffard,Piffard,NY
PIG,Pigeon,Pigeon,MI
PF5,Pigeon Falls,Pigeon Falls,WI
YPF,Pigeon Forge,Pigeon Forge,TN
PZY,Piggott,Piggott,AR
7PR,Pike Road,Pike Road,AL
PXZ,Pikesville,Pikesville,MD
PKU,Piketon,Piketon,OH
PKK,Pikeville,Pikeville,KY
PK6,Pikeville,Pikeville,NC
PIK,Pikeville,Pikeville,TN
PGX,Pillager,Pillager,MN
PP7,Pillow,Pillow,PA
PM8,Pilot Mountain,Pilot Mountain,NC
PIP,Pilot Point,Pilot Point,AK
PQP,Pilot Point,Pilot Point,TX
PQS,Pilot Station,Pilot Station,AK
PIW,Pilottown,Pilottown,LA
GPM,Pima,Pima,AZ
IHO,Pimento,Pimento,IN
PXP,Pinckard,Pinckard,AL
YVP,Pinckneyville,Pinckneyville,IL
NXT,Pinconning,Pinconning,MI
JPN,Pine,Pine,AZ
P5N,Pine,Pine,CO
PAA,Pine Apple,Pine Apple,AL
PBF,Pine Bluff,Pine Bluff,AR
QPS,Pine Bluffs,Pine Bluffs,WY
PBO,Pine Brook,Pine Brook,NJ
YPN,Pine Bush,Pine Bush,NY
P4C,Pine Castle,Pine Castle,FL
PNY,Pine City,Pine City,MN
PE3,Pine City,Pine City,NY
PJF,Pine Cove,Pine Cove,CA
PF6,Pine Forge,Pine Forge,PA
VZV,Pine Grove,Pine Grove,CA
PZG,Pine Grove,Pine Grove,PA
PGJ,"Pine Grove, Clearfield","Pine Grove, Clearfield",PA
PNH,Pine Hall,Pine Hall,NC
PID,Pine Hill,Pine Hill,AL
VHP,Pine Hill,Pine Hill,NJ
YPI,Pine Island,Pine Island,MN
PNI,Pine Island,Pine Island,NY
IKN,Pine Knot,Pine Knot,KY
NLV,"Pine Level, Johnston","Pine Level, Johnston",NC
PIM,Pine Mountain,Pine Mountain,GA
PM2,Pine Mountain Valley,Pine Mountain Valley,GA
QPY,Pine Plains,Pine Plains,NY
XPR,Pine Ridge,Pine Ridge,SD
P4R,Pine Rive,Pine Rive,WI
PJR,Pine River,Pine River,MN
PVA,Pine Valley,Pine Valley,CA
NAY,Pine Valley,Pine Valley,NY
PBL,Pinebluff,Pinebluff,NC
PIN,Pinecreek,Pinecreek,MN
PC2,Pinecrest,Pinecrest,CA
PNA,Pinedale,Pinedale,AZ
PNL,Pinedale,Pinedale,CA
PD8,Pinedale,Pinedale,WY
P5T,Pinehurst,Pinehurst,GA
PHS,Pinehurst,Pinehurst,MA
PHZ,Pinehurst,Pinehurst,NC
QIT,Pinehurst,Pinehurst,TX
PLN,Pineland,Pineland,FL
P2D,Pineland,Pineland,SC
PPB,Pinellas Park,Pinellas Park,FL
P2T,Pinetop,Pinetop,AZ
PTP,Pinetops,Pinetops,NC
PIV,Pineville,Pineville,AL
PVL,Pineville,Pineville,AR
P8Y,Pineville,Pineville,KY
PVE,Pineville,Pineville,LA
IIU,Pineville,Pineville,MO
PNV,Pineville,Pineville,NC
XKO,Pineville,Pineville,SC
PMC,Pineville,Pineville,WV
EYF,Piney Flats,Piney Flats,TN
PYP,Piney Point,Piney Point,MD
PI5,Piney River,Piney River,VA
PQG,Pingree,Pingree,ID
IEE,Pingree Grove,Pingree Grove,IL
PQ9,Pink Hill,Pink Hill,NC
ZHA,Pinnacle,Pinnacle,NC
P2C,Pinole,Pinole,CA
PYN,Pinson,Pinson,AL
PI2,Pinson,Pinson,TN
Z4D,Pinto,Pinto,MD
P9O,Pinto Island,Pinto Island,AL
PJM,Pinyon Pines,Pinyon Pines,CA
PI4,Pioche,Pioche,NV
P4E,Pioneer,Pioneer,LA
PYH,Pioneer,Pioneer,OH
NE4,Pioneer,Pioneer,TN
PN3,"Pioneer, Amador","Pioneer, Amador",CA
PC4,Piper City,Piper City,IL
PEV,Pipersville,Pipersville,PA
PZP,Piperton,Piperton,TN
PPE,Pipestone,Pipestone,MN
PQA,Piqua,Piqua,OH
PIU,Piru,Piru,CA
PIL,Piscataway,Piscataway,NJ
PAG,Pisgah,Pisgah,AL
PGF,Pisgah Forest,Pisgah Forest,NC
PB5,Pismo Beach,Pismo Beach,CA
PCF,Pitcairn,Pitcairn,PA
PMN,Pitman,Pitman,NJ
IMJ,Pitman,Pitman,PA
PBR,Pitsburg,Pitsburg,OH
QQQ,Pitts,Pitts,GA
PBQ,Pittsboro,Pittsboro,IN
QPO,Pittsboro,Pittsboro,NC
PBG,Pittsburg,Pittsburg,CA
P7B,Pittsburg,Pittsburg,IL
PTS,Pittsburg,Pittsburg,KS
6TS,Pittsburg,Pittsburg,NH
PI9,Pittsburg,Pittsburg,PA
PHG,Pittsburg,Pittsburg,TX
PIT,Pittsburgh,Pittsburgh,PA
TFE,Pittsfield,Pittsfield,IL
PSF,Pittsfield,Pittsfield,MA
PTF,Pittsfield,Pittsfield,ME
ITT,Pittsfield,Pittsfield,NH
PZF,Pittsfield,Pittsfield,NY
PTZ,Pittsfield,Pittsfield,PA
PF3,Pittsfield,Pittsfield,VT
PDY,Pittsford,Pittsford,NY
XPD,Pittsford,Pittsford,VT
TGV,Pittsgrove,Pittsgrove,NJ
PTO,Pittston,Pittston,PA
P28,Pittstown,Pittstown,NJ
TSW,Pittstown,Pittstown,NY
EU7,Pittsview,Pittsview,AL
M6D,Pittsville,Pittsville,MD
PVO,Pittsville,Pittsville,MO
PVQ,Pittsville,Pittsville,PA
ITV,Pittsville,Pittsville,WI
PXY,Pixley,Pixley,CA
P9C,Placedo,Placedo,TX
PCC,Placentia,Placentia,CA
PVF,Placerville,Placerville,CA
EUU,Placida,Placida,FL
9LA,Placitas,Placitas,NM
PN8,Plain,Plain,WI
PLX,Plain City,Plain City,OH
PLG,Plaines,Plaines,IL
PFE,Plainfield,Plainfield,CT
NLF,Plainfield,Plainfield,IA
PLI,Plainfield,Plainfield,IL
PAF,Plainfield,Plainfield,IN
FP8,Plainfield,Plainfield,MA
YPD,Plainfield,Plainfield,NH
PLF,Plainfield,Plainfield,NJ
IFI,Plainfield,Plainfield,OH
PF2,Plainfield,Plainfield,TN
PF4,Plainfield,Plainfield,VT
LNF,Plainfield,Plainfield,WI
XPF,Plainfield Center,Plainfield Center,NY
PLS,Plains,Plains,GA
P4L,Plains,Plains,KS
LPY,Plains,Plains,PA
PLJ,Plains,Plains,TX
XKM,Plainsboro,Plainsboro,NJ
PVN,Plainview,Plainview,MN
PFW,Plainview,Plainview,NE
PVX,Plainview,Plainview,NY
PSW,Plainview,Plainview,OH
PVW,Plainview,Plainview,TX
PVI,Plainville,Plainville,CT
PVG,Plainville,Plainville,GA
IN8,Plainville,Plainville,IN
IIB,Plainville,Plainville,KS
XKV,Plainville,Plainville,MA
ZG7,Plainville,Plainville,NY
PNW,Plainwell,Plainwell,MI
PZX,Plaistow,Plaistow,NH
JDP,Plandome,Plandome,NY
PK7,Plankinton,Plankinton,SD
IP2,Plano,Plano,IA
PNO,Plano,Plano,IL
PLZ,Plano,Plano,TX
PCI,Plant City,Plant City,FL
PL9,Plantation,Plantation,FL
YIT,Plantation,Plantation,FL
LRL,Plantersville,Plantersville,MS
2PV,Plantersville,Plantersville,TX
P5V,Plantsville,Plantsville,CT
PLQ,Plaquemine,Plaquemine,LA
JRC,Plaster City,Plaster City,CA
PTU,Platinum,Platinum,AK
PZD,Plato,Plato,MN
PL3,Plato,Plato,MO
TJJ,Platte,Platte,MO
P3E,Platte,Platte,SD
PDC,Platte Center,Platte Center,NE
2PC,Platte City,Platte City,MO
PJT,Plattekill,Plattekill,NY
PLO,Platteville,Platteville,CO
TTZ,Platteville,Platteville,WI
PBX,Plattsburg,Plattsburg,MO
PLB,Plattsburgh,Plattsburgh,NY
YTM,Plattsmouth,Plattsmouth,NE
PUU,Plaucheville,Plaucheville,LA
PYQ,Playa del Rey,Playa del Rey,CA
PDG,Playa Vista,Playa Vista,CA
JLZ,Plaza,Plaza,ND
PJY,Pleasant City,Pleasant City,OH
PNG,Pleasant Gap,Pleasant Gap,PA
XTG,Pleasant Garden,Pleasant Garden,NC
TGO,Pleasant Grove,Pleasant Grove,AL
YPG,Pleasant Grove,Pleasant Grove,CA
PXG,Pleasant Grove,Pleasant Grove,UT
P8H,Pleasant Hall,Pleasant Hall,PA
PTR,Pleasant Harbour,Pleasant Harbour,AK
PFH,Pleasant Hill,Pleasant Hill,CA
LSH,Pleasant Hill,Pleasant Hill,IA
PT9,Pleasant Hill,Pleasant Hill,IL
PDH,Pleasant Hill,Pleasant Hill,LA
PTI,Pleasant Hill,Pleasant Hill,MO
P9T,Pleasant Hill,Pleasant Hill,NC
PL7,Pleasant Hill,Pleasant Hill,OR
P4S,Pleasant Hill,Pleasant Hill,TN
PH7,Pleasant Hills,Pleasant Hills,PA
PO3,Pleasant Hope,Pleasant Hope,MO
PI7,Pleasant Island,Pleasant Island,AK
P2L,Pleasant Lake,Pleasant Lake,IN
PAP,Pleasant Plain,Pleasant Plain,OH
PPL,Pleasant Plains,Pleasant Plains,IL
XPP,Pleasant Prairie,Pleasant Prairie,IA
PLP,Pleasant Prairie,Pleasant Prairie,WI
PZ6,Pleasant Shade,Pleasant Shade,TN
PU7,Pleasant Unity,Pleasant Unity,PA
PEY,Pleasant Valley,Pleasant Valley,MO
ZHJ,Pleasant Valley,Pleasant Valley,NY
NIW,Pleasant View,Pleasant View,TN
PWZ,"Pleasant View, Cheatham","Pleasant View, Cheatham",TN
XOX,"Pleasant View, Weber","Pleasant View, Weber",UT
JBS,Pleasanton,Pleasanton,CA
DTF,Pleasanton,Pleasanton,KS
PT5,Pleasanton,Pleasanton,TX
VV3,Pleasantville,Pleasantville,IA
UXV,Pleasantville,Pleasantville,NJ
VPP,Pleasantville,Pleasantville,NY
9PT,Pleasantville,Pleasantville,TN
PGK,Pleasure Ridge Park,Pleasure Ridge Park,KY
EIU,Pleasureville,Pleasureville,KY
PWD,Plentywood,Plentywood,MT
QOV,Plover,Plover,IA
PLW,Plover,Plover,WI
PJU,Pluckemin,Pluckemin,NJ
PUR,Plumerville,Plumerville,AR
PUV,Plumsteadville,Plumsteadville,PA
PYT,Plymouth,Plymouth,CA
YMU,Plymouth,Plymouth,CT
PMF,Plymouth,Plymouth,FL
YIQ,Plymouth,Plymouth,IL
PLY,Plymouth,Plymouth,IN
PYM,Plymouth,Plymouth,MA
8PY,Plymouth,Plymouth,ME
UXY,Plymouth,Plymouth,MI
PYO,Plymouth,Plymouth,MN
XKN,Plymouth,Plymouth,NC
PVH,Plymouth,Plymouth,NH
PLH,Plymouth,Plymouth,OH
PMY,Plymouth,Plymouth,PA
XOU,Plymouth,Plymouth,UT
GYU,Plymouth,Plymouth,VT
P5Y,Plymouth,Plymouth,WA
PMW,Plymouth,Plymouth,WI
PMM,Plymouth Meeting,Plymouth Meeting,PA
PL4,Plympton,Plympton,MA
POX,Poca,Poca,WV
PXH,Pocahontas,Pocahontas,AR
POH,Pocahontas,Pocahontas,IA
PH2,Pocahontas,Pocahontas,MS
PHH,Pocahontas,Pocahontas,TN
QPH,Pocahontas,Pocahontas,TN
PJC,Pocasset,Pocasset,MA
OAT,Pocatalico,Pocatalico,WV
PIH,Pocatello,Pocatello,ID
PCL,Pocola,Pocola,OK
PKM,Pocomoke City,Pocomoke City,MD
POR,Pocono Manor,Pocono Manor,PA
9PP,Pocono Pines,Pocono Pines,PA
P9S,Pocono Summit,Pocono Summit,PA
OTK,Poestenkill,Poestenkill,NY
BSF,Pohakuloa,Pohakuloa,HI
PFL,Poinciana,Poinciana,FL
T9S,Point,Point,TX
PA2,Point Arena,Point Arena,CA
KPB,Point Baker,Point Baker,AK
TBW,Point Barrow,Point Barrow,AK
PB9,Point Breeze,Point Breeze,PA
PC8,Point Clear,Point Clear,AL
PCR,Point Comfort,Point Comfort,TX
PP5,Point Conception,Point Conception,CA
PHO,Point Hope,Point Hope,AK
PJH,Point Judith,Point Judith,RI
PIZ,Point Lay,Point Lay,AK
UPX,Point Lookout,Point Lookout,PA
TMD,Point Marion,Point Marion,PA
PWC,Point Mugu Nawc,Point Mugu Nawc,CA
PFS,Point of Rocks,Point of Rocks,WY
P6P,Point Pleasant,Point Pleasant,NJ
ZHC,Point Pleasant,Point Pleasant,NJ
PPZ,Point Pleasant,Point Pleasant,WV
PP3,Point Pleasant Beach,Point Pleasant Beach,NJ
PRT,Point Retreat,Point Retreat,AK
9IU,Point Reyes Station,Point Reyes Station,CA
PRS,Point Roberts,Point Roberts,WA
OW4,Point Wells,Point Wells,WA
PHC,Pointe a la Hache,Pointe a la Hache,LA
PXL,Polacca,Polacca,AZ
ZE6,Poland,Poland,ME
YXD,Poland,Poland,NY
QPD,Poland,Poland,OH
PLD,Poland Spring,Poland Spring,ME
S6O,Polar,Polar,WI
PG7,Polk,Polk,PA
P3K,Polk City,Polk City,FL
POQ,Polk Inlet,Polk Inlet,AK
NKK,Polkton,Polkton,NC
P2O,Pollock,Pollock,LA
9PL,Pollock Pines,Pollock Pines,CA
ZKV,Pollocksville,Pollocksville,NC
POO,Polo,Polo,IL
POS,Polson,Polson,MT
OYZ,Pomeroy,Pomeroy,IA
PX3,Pomeroy,Pomeroy,OH
2PM,Pomeroy,Pomeroy,PA
PO6,Pomeroy,Pomeroy,WA
PFR,Pomfret,Pomfret,CT
O4F,Pomfret,Pomfret,MD
PFF,Pomfret Center,Pomfret Center,CT
PQC,Pomona,Pomona,CA
PQO,Pomona,Pomona,IL
PMO,Pomona,Pomona,MO
PMA,Pomona,Pomona,NY
PPM,Pompano Beach,Pompano Beach,FL
PO8,Pompton,Pompton,NJ
P7L,Pompton Lakes,Pompton Lakes,NJ
PMJ,Pompton Plains,Pompton Plains,NJ
PNC,Ponca City,Ponca City,OK
4NM,Ponce de Leon,Ponce de Leon,FL
OPS,Poncha Springs,Poncha Springs,CO
PCS,Ponchatoula,Ponchatoula,LA
PZN,Ponder,Ponder,TX
PYF,Ponderay,Ponderay,ID
PO7,Ponsford,Ponsford,MN
QPV,Ponte Vedra,Ponte Vedra,FL
P4V,Ponte Vedra Beach,Ponte Vedra Beach,FL
POI,Pontiac,Pontiac,IL
PTK,Pontiac,Pontiac,MI
PIB,Pontiac,Pontiac,SC
PNB,Pontoon Beach,Pontoon Beach,IL
POK,Pontotoc,Pontotoc,MS
YY2,Pony,Pony,MT
POZ,Pooler,Pooler,GA
9PO,Poolville,Poolville,TX
PMP,Pope,Pope,MS
PV9,Pope Valley,Pope Valley,CA
PVY,Pope Vanoy,Pope Vanoy,AK
OPZ,Poplar,Poplar,MT
POF,Poplar Bluff,Poplar Bluff,MO
OBZ,Poplar Branch,Poplar Branch,NC
8AA,Poplar Grove,Poplar Grove,IL
YPV,Poplarville,Poplarville,MS
7PO,Poquonock,Poquonock,CT
QOS,Poquoson,Poquoson,VA
PCK,Porcupine Creek,Porcupine Creek,AK
PTD,Port Alexander,Port Alexander,AK
PTC,Port Alice,Port Alice,AK
PTG,Port Allegany,Port Allegany,PA
PAL,Port Allen,Port Allen,HI
PLL,Port Allen,Port Allen,LA
PTA,Port Alsworth,Port Alsworth,AK
QPT,Port Alto,Port Alto,TX
CLM,Port Angeles,Port Angeles,WA
TZS,Port Aransas,Port Aransas,TX
PTL,Port Armstrong,Port Armstrong,AK
POA,Port Arthur,Port Arthur,TX
KPY,Port Bailey,Port Bailey,AK
RTB,Port Barre,Port Barre,LA
PBW,Port Bienville,Port Bienville,MS
PRY,Port Blakely,Port Blakely,WA
POB,Port Bolivar,Port Bolivar,TX
4PB,Port Byron,Port Byron,IL
Q3R,Port Byron,Port Byron,NY
PCV,Port Canaveral,Port Canaveral,FL
P5C,Port Carbon,Port Carbon,PA
PCH,Port Charlotte,Port Charlotte,FL
UXZ,Port Chester,Port Chester,NY
PZH,Port Chicago,Port Chicago,CA
KPC,Port Clarence,Port Clarence,AK
PCN,Port Clinton,Port Clinton,OH
PCX,Port Costa,Port Costa,CA
ZE7,Port Deposit,Port Deposit,MD
QPR,Port Eads,Port Eads,LA
PDW,Port Edwards,Port Edwards,WI
PEB,Port Elizabeth,Port Elizabeth,NJ
PEF,Port Everglades,Port Everglades,FL
PE2,Port Ewen,Port Ewen,NY
FOC,Port Fourchon,Port Fourchon,LA
PFD,Port Frederick,Port Frederick,AK
PGH,Port Gamble,Port Gamble,WA
PGB,Port Gibson,Port Gibson,MS
PGM,Port Graham,Port Graham,AK
ABC,Port Hadlock,Port Hadlock,WA
PTH,Port Heiden,Port Heiden,AK
PHV,Port Hudson,Port Hudson,LA
NTD,Port Hueneme,Port Hueneme,CA
PHN,Port Huron,Port Huron,MI
PIS,Port Isabel,Port Isabel,TX
PIY,Port Ivory/Staten Isl/New York,Port Ivory/Staten Isl/New York,NY
PTJ,Port Jefferson,Port Jefferson,NY
PJV,Port Jervis,Port Jervis,NY
PRF,Port Johnson,Port Johnson,AK
JDT,Port Laudania,Port Laudania,FL
PLV,Port Lavaca,Port Lavaca,TX
ORI,Port Lions,Port Lions,AK
PDL,Port Lions,Port Lions,AL
PLU,Port Ludlow,Port Ludlow,WA
PMV,Port MacKenzie,Port MacKenzie,AK
PDI,Port Madison,Port Madison,WA
PME,Port Manatee,Port Manatee,FL
PML,Port Moller,Port Moller,AK
PM3,Port Monmouth,Port Monmouth,NJ
PM4,"Port Morris, Bronx","Port Morris, Bronx",NY
URR,Port Murray,Port Murray,NJ
PON,Port Neches,Port Neches,TX
PNJ,Port Newark,Port Newark,NJ
OTI,Port Norris,Port Norris,NJ
PRL,Port Oceanic,Port Oceanic,AK
PBC,Port of Palm Beach,Port of Palm Beach,FL
LU8,Port Of South Louisiana,Port Of South Louisiana,LA
PO9,Port Orange,Port Orange,FL
QOC,Port Orchard,Port Orchard,
PXO,Port Orchard,Port Orchard,WA
PO2,Port Orford,Port Orford,OR
P5P,Port Penn,Port Penn,DE
PPV,Port Protection,Port Protection,AK
PPR,Port Providence,Port Providence,PA
PRD,Port Reading,Port Reading,NJ
PUX,Port Republic,Port Republic,NJ
YPR,Port Republic,Port Republic,VA
PY9,Port Richey,Port Richey,FL
RI4,Port Richmond,Port Richmond,PA
PRJ,Port Royal,Port Royal,SC
PSJ,Port Saint Joe,Port Saint Joe,FL
PZL,Port Saint Lucie,Port Saint Lucie,FL
PJS,Port San Juan,Port San Juan,AK
PSL,Port San Luis,Port San Luis,CA
SUL,Port Sulphur,Port Sulphur,LA
POT,Port Tampa,Port Tampa,FL
TWD,Port Townsend,Port Townsend,WA
PVT,Port Trevorton,Port Trevorton,PA
PWF,Port Wakefield,Port Wakefield,AK
PWR,Port Walter,Port Walter,AK
PTY,Port Washington,Port Washington,NJ
POW,Port Washington,Port Washington,NY
PWA,Port Washington,Port Washington,WI
PWN,Port Wentworth,Port Wentworth,GA
2WM,Port William,Port William,OH
PWI,Port Williams,Port Williams,AK
POJ,Portage,Portage,IN
PTE,Portage,Portage,MI
OG9,Portage,Portage,OH
PJG,Portage,Portage,PA
XKX,Portage,Portage,WI
PCA,Portage Creek,Portage Creek,AK
P3L,Portage Lake,Portage Lake,ME
PGI,Portageville,Portageville,MO
ZPT,Portageville,Portageville,NY
P8T,Portal,Portal,GA
PQT,Portal,Portal,ND
PXM,Portales,Portales,NM
PWO,Porter,Porter,IN
8PO,Porter,Porter,ME
EQR,Porter,Porter,MN
PXE,Porter,Porter,TX
TC5,Porter Corners,Porter Corners,NY
PO4,Porter Ranch,Porter Ranch,CA
POD,Porterdale,Porterdale,GA
JRW,Portersville,Portersville,PA
PTV,Porterville,Porterville,CA
PJL,Porthill,Porthill,ID
LDP,Portland,Portland,AR
PTQ,Portland,Portland,CT
PJD,Portland,Portland,IN
POL,Portland,Portland,MD
PWM,Portland,Portland,ME
PWQ,Portland,Portland,MI
O2H,Portland,Portland,OH
PDX,Portland,Portland,OR
XPO,Portland,Portland,PA
PQD,Portland,Portland,TN
DTP,Portland,Portland,TX
PM6,Portland Mills,Portland Mills,PA
PXB,Portola,Portola,CA
XPT,Portola Valley,Portola Valley,CA
OUQ,Portsmouth,Portsmouth,IA
PSM,Portsmouth,Portsmouth,NH
PMH,Portsmouth,Portsmouth,OH
POM,Portsmouth,Portsmouth,RI
PTM,Portsmouth,Portsmouth,VA
VTP,Portville,Portville,NY
PZO,Posen,Posen,IL
PS2,Posen,Posen,MI
PYZ,Poseyville,Poseyville,IN
PUK,Poskin,Poskin,WI
PZS,Post,Post,TX
PFI,Post Falls,Post Falls,ID
PM7,Post Mills,Post Mills,VT
VVI,Postville,Postville,IA
RKR,Poteau,Poteau,OK
PT8,Poteet,Poteet,TX
5PT,Potlatch,Potlatch,ID
PMK,Potomac,Potomac,MD
VPM,Potomac Falls,Potomac Falls,VA
PSI,Potosi,Potosi,MO
T8P,Potrero,Potrero,CA
PPT,Potsdam,Potsdam,NY
PT6,Potter,Potter,WI
PV2,Potter Valley,Potter Valley,CA
POG,Pottersburg,Pottersburg,OH
TTJ,Potterstown,Potterstown,NJ
VPL,Potterville,Potterville,MI
PSR,Pottsboro,Pottsboro,TX
PTW,Pottstown,Pottstown,PA
PSV,Pottsville,Pottsville,PA
POU,Poughkeepsie,Poughkeepsie,NY
OGH,Poughquag,Poughquag,NY
UPU,Poulan,Poulan,GA
PUL,Poulsbo,Poulsbo,WA
YPU,Poultney,Poultney,VT
PN4,Pound,Pound,VA
PWJ,Pound,Pound,WI
PG8,Pound Ridge,Pound Ridge,NY
PDM,Pounding Mill,Pounding Mill,VA
QPW,Poway,Poway,CA
PDS,Powder Springs,Powder Springs,GA
TXX,Powderly,Powderly,TX
PO5,Powell,Powell,OH
TNO,Powell,Powell,TN
PRQ,Powell,Powell,WY
POY,Powell-Lovell Apt,Powell-Lovell Apt,WY
PP4,Powells Point,Powells Point,NC
XKY,Powers Lake,Powers Lake,WI
ZPW,Powhatan,Powhatan,VA
8PW,Pownal,Pownal,ME
YPW,Pownal,Pownal,VT
VPJ,Poy Sippi,Poy Sippi,WI
POV,Poynette,Poynette,WI
N7B,Prague,Prague,NE
OUP,Prague,Prague,OK
PR6,Prairie,Prairie,MS
PII,Prairie City,Prairie City,IA
IZY,Prairie City,Prairie City,OR
PCD,Prairie du Chien,Prairie du Chien,WI
PS3,Prairie du Sac,Prairie du Sac,WI
PEG,Prairie Grove,Prairie Grove,AR
IHI,"Prairie Hill, Limestone","Prairie Hill, Limestone",TX
XPH,"Prairie Hill, Washington","Prairie Hill, Washington",TX
2LL,Prairie View,Prairie View,IL
PZW,Prairie View,Prairie View,TX
VGP,Prairie Village,Prairie Village,KS
PRA,Prairieville,Prairieville,LA
PTT,Pratt,Pratt,KS
PUG,Prattsburg,Prattsburg,NY
PV3,Prattsville,Prattsville,AR
9PV,Prattsville,Prattsville,NY
PRV,Prattville,Prattville,AL
XPL,Preble,Preble,IN
PR9,Preble,Preble,NY
ZWZ,Premont,Premont,TX
PRW,Prentice,Prentice,WI
PS8,Prescott,Prescott,AR
PRC,Prescott,Prescott,AZ
RSC,Prescott,Prescott,OR
PQW,Prescott,Prescott,WA
PC5,Prescott,Prescott,WI
PV4,Prescott Valley,Prescott Valley,AZ
PUO,Presho,Presho,SD
PRE,Presidio,Presidio,TX
PQI,Presque Isle,Presque Isle,ME
PSS,Presque Isle,Presque Isle,MI
PVS,Preston,Preston,CT
PSO,Preston,Preston,GA
PRN,Preston,Preston,IA
PS9,Preston,Preston,ID
PBV,Preston,Preston,MD
RET,Preston,Preston,MN
PRH,Preston,Preston,WA
PB3,Prestonsburg,Prestonsburg,KY
RWP,Prewitt,Prewitt,NM
PUC,Price,Price,UT
P43,Priceville,Priceville,AL
PYC,Prichard,Prichard,AL
PT7,Prichard,Prichard,WV
RP8,Priest River,Priest River,ID
P2R,Primghar,Primghar,IA
ZPM,Primm,Primm,NV
IQM,Primm Springs,Primm Springs,TN
PFK,Prince Frederick,Prince Frederick,MD
JPG,Prince George,Prince George,VA
PA8,Princess Anne,Princess Anne,MD
XKU,Princeton,Princeton,FL
PC3,Princeton,Princeton,IA
FPC,Princeton,Princeton,ID
PCO,Princeton,Princeton,IL
PCJ,Princeton,Princeton,IN
PNK,Princeton,Princeton,KY
PN6,Princeton,Princeton,LA
JNQ,Princeton,Princeton,MA
PNN,Princeton,Princeton,ME
XKH,Princeton,Princeton,MN
P6C,Princeton,Princeton,MO
P4N,Princeton,Princeton,NC
PCT,Princeton,Princeton,NJ
VPC,Princeton,Princeton,OH
4S4,Princeton,Princeton,SC
TPX,Princeton,Princeton,TX
KZN,Princeton,Princeton,WI
BLF,Princeton,Princeton,WV
PJO,Princeton Junction,Princeton Junction,NJ
QZL,Princeville,Princeville,HI
PNZ,Princeville,Princeville,IL
PZI,Princeville,Princeville,NC
PRZ,Prineville,Prineville,OR
PRU,Prinsburg,Prinsburg,MN
PKE,Prior Lake,Prior Lake,MN
PJA,Proberta,Proberta,CA
PC7,Proctor,Proctor,MN
PDR,Proctor,Proctor,VT
PR5,Proctor,Proctor,WV
PV6,Proctorsville,Proctorsville,VT
PVV,Proctorville,Proctorville,OH
PRG,Progreso,Progreso,TX
IIX,Promise City,Promise City,IA
PXR,Promontory,Promontory,UT
PPN,Prophetstown,Prophetstown,IL
PPU,Prospect,Prospect,CT
PP8,Prospect,Prospect,IL
POP,Prospect,Prospect,KY
YPP,Prospect,Prospect,NJ
98P,Prospect,Prospect,OH
XKR,Prospect,Prospect,OR
RPC,Prospect,Prospect,TN
PP9,Prospect,Prospect,VA
PPC,Prospect Creek,Prospect Creek,AK
PHM,Prospect Harbor,Prospect Harbor,ME
PPG,Prospect Heights,Prospect Heights,IL
PPK,Prospect Park,Prospect Park,PA
PS7,"Prospect, Butler","Prospect, Butler",PA
QPX,Prosper,Prosper,TX
XKP,Prosperity,Prosperity,SC
PWS,Prosser,Prosser,WA
PT3,Protection,Protection,KS
PV5,Providence,Providence,NC
PVD,Providence,Providence,RI
VEC,Providence,Providence,UT
PFG,Providence Forge,Providence Forge,VA
VDC,"Providence, Webster","Providence, Webster",KY
PVC,Provincetown,Provincetown,MA
PVU,Provo,Provo,UT
PUF,Prudenville,Prudenville,MI
SCC,Prudhoe Bay,Prudhoe Bay,AK
PZB,Prunedale,Prunedale,CA
PYR,Pryor,Pryor,OK
KKX,Puckett,Puckett,MS
PUB,Pueblo,Pueblo,CO
PR7,Puerto Rico,Puerto Rico,TX
PGQ,Puget Sound,Puget Sound,WA
PUA,Pulaski,Pulaski,NY
PKL,Pulaski,Pulaski,TN
UYB,Pulaski,Pulaski,VA
PYK,Pulaski,Pulaski,WI
PXU,"Pulaski, Lawrence","Pulaski, Lawrence",PA
PUW,Pullman,Pullman,WA
P5U,Pultneyville,Pultneyville,NY
PGD,Punta Gorda,Punta Gorda,FL
PXW,Punxsutawney,Punxsutawney,PA
PUZ,Purcell,Purcell,OK
PUI,Purcellville,Purcellville,VA
YP5,Purchase,Purchase,NY
PDU,Purdy,Purdy,MO
P4G,Purling,Purling,NY
PVR,Purvis,Purvis,MS
UUU,Puryear,Puryear,TN
PU2,Put-In-Bay,Put-In-Bay,OH
PUN,Putnam,Putnam,CT
PM5,Putnam Heights,Putnam Heights,CT
IUT,Putnamville,Putnamville,IN
PUT,Putney,Putney,VT
5PU,Pu'unene,Pu'unene,HI
PX7,Puxico,Puxico,MO
PUY,Puyallup,Puyallup,WA
YP9,Pyote,Pyote,TX
QUV,Quail Valley,Quail Valley,CA
QAY,Quaker City,Quaker City,OH
QKT,Quakertown,Quakertown,NJ
UKT,Quakertown,Quakertown,PA
QNT,Quanah,Quanah,TX
NYJ,Quantico,Quantico,MD
NYG,Quantico,Quantico,VA
QP2,Quapaw,Quapaw,OK
ZQE,Quarryville,Quarryville,PA
QUA,Quartz Hill,Quartz Hill,CA
QTZ,Quartzsite,Quartzsite,AZ
QEH,Quechee,Quechee,VT
UQE,Queen,Queen,AK
QNA,Queen Anne,Queen Anne,MD
ZQU,Queen City,Queen City,TX
QCK,Queen Creek,Queen Creek,AZ
QVG,Queens Village,Queens Village,NY
QEE,Queens/New York,Queens/New York,NY
QBY,Queensbury,Queensbury,NY
QUE,Queenstown,Queenstown,MD
QM9,Quemado,Quemado,NM
QKS,Quicksburg,Quicksburg,VA
UIL,Quillayute,Quillayute,WA
QUI,Quincy,Quincy,CA
QCY,Quincy,Quincy,FL
UIN,Quincy,Quincy,IL
MQI,Quincy,Quincy,MA
QUY,Quincy,Quincy,MI
QNC,Quincy,Quincy,WA
KWN,Quinhagak,Quinhagak,AK
9QL,Quinlan,Quinlan,MT
QN2,Quinnesec,Quinnesec,MI
QUT,Quintana,Quintana,TX
QNR,Quinter,Quinter,KS
JQT,Quinton,Quinton,AL
QUN,Quinton,Quinton,OK
Q5T,Quinton,Quinton,VA
QTG,Quitaque,Quitaque,TX
QUM,Quitman,Quitman,AR
QTM,Quitman,Quitman,GA
QMN,Quitman,Quitman,MS
QTC,Quitman,Quitman,TX
QUO,Quogue,Quogue,NY
NCO,Quonset Point,Quonset Point,RI
RGG,Rabun Gap,Rabun Gap,GA
RXA,Raceland,Raceland,KY
RCB,Raceland,Raceland,LA
ZUR,Racine,Racine,OH
RAC,Racine,Racine,WI
QRD,Radcliff,Radcliff,KY
DCF,Radcliffe,Radcliffe,IA
XLD,Radford,Radford,VA
RPS,Radium Springs,Radium Springs,NM
RAR,Radnor,Radnor,PA
RM9,Radom,Radom,IL
RFN,Raeford,Raeford,NC
YRG,Ragland,Ragland,AL
RHN,Rahns,Rahns,PA
RAH,Rahway,Rahway,NJ
RAY,Rahway,Rahway,OH
RAU,Raiford,Raiford,FL
YRI,Rainbow,Rainbow,AL
XRC,Rainbow City,Rainbow City,AL
RNU,Rainelle,Rainelle,WV
RN3,Rainier,Rainier,MN
RAI,Rainier,Rainier,OR
QIE,Rainier,Rainier,WA
RNV,Rainsville,Rainsville,AL
RA6,Raleigh,Raleigh,IL
RAG,Raleigh,Raleigh,NC
RDU,Raleigh-Durham Apt,Raleigh-Durham Apt,NC
XKZ,Ralls,Ralls,TX
JPH,Ralph,Ralph,MI
RLQ,Ralston,Ralston,IA
RAX,Ralston,Ralston,NE
RYP,Ramapo,Ramapo,NY
RA2,Ramer,Ramer,AL
RNX,Ramona,Ramona,CA
RXM,Ramona,Ramona,OK
RMP,Rampart,Rampart,AK
RSR,Ramseur,Ramseur,NC
RMY,Ramsey,Ramsey,IN
QNS,Ramsey,Ramsey,MN
RMJ,Ramsey,Ramsey,NJ
RBR,Ranburne,Ranburne,AL
RW7,Ranchester,Ranchester,WY
RBK,Rancho,Rancho,CA
RBQ,Rancho Belago,Rancho Belago,CA
RBO,Rancho Bernardo,Rancho Bernardo,CA
RZC,Rancho Cordova,Rancho Cordova,CA
RCU,Rancho Cucamonga,Rancho Cucamonga,CA
RDO,Rancho Dominguez,Rancho Dominguez,CA
RHG,Rancho Mirage,Rancho Mirage,CA
5RM,Rancho Murieta,Rancho Murieta,CA
RAZ,Rancho Palos Verdes,Rancho Palos Verdes,CA
RPQ,Rancho Park,Rancho Park,CA
RSU,Rancho Santa Fe,Rancho Santa Fe,CA
RSM,Rancho Santa Margarita,Rancho Santa Margarita,CA
8DD,Ranchos de Taos,Ranchos de Taos,NM
XRN,Rancocas,Rancocas,NJ
ZE8,Rand,Rand,WV
RA9,Randallstown,Randallstown,MD
RD3,Randle,Randle,WA
RNJ,Randleman,Randleman,NC
T5R,Randlett,Randlett,UT
RDH,Randolph,Randolph,MA
R8D,Randolph,Randolph,ME
RD8,Randolph,Randolph,MN
DCP,Randolph,Randolph,MO
RLP,Randolph,Randolph,MS
DOP,Randolph,Randolph,NE
8RA,Randolph,Randolph,NH
RDP,Randolph,Randolph,NJ
RJD,Randolph,Randolph,NY
OL9,Randolph,Randolph,OH
RPZ,Randolph,Randolph,VT
RNP,Randolph,Randolph,WI
TXH,Randolph Center,Randolph Center,VT
RLK,Random Lake,Random Lake,WI
RGY,Rangeley,Rangeley,ME
RNG,Rangely,Rangely,CO
JGR,Ranger,Ranger,GA
RGR,Ranger,Ranger,TX
IFR,Ranier,Ranier,MN
YYZ,Rankin,Rankin,PA
RA7,Ranlo,Ranlo,NC
RNS,Ransom,Ransom,PA
RAV,Ransomville,Ransomville,NY
RAS,Ranson,Ranson,WV
RNL,Rantoul,Rantoul,IL
RTU,Rantoul,Rantoul,KS
IYI,Rapid City,Rapid City,MI
RAP,Rapid City,Rapid City,SD
YRP,Rapidan,Rapidan,VA
RAT,Raritan,Raritan,NJ
RSP,Raspberry Strait,Raspberry Strait,AK
RHU,Rathdrum,Rathdrum,ID
RTY,Ratliff City,Ratliff City,OK
RAN,Raton,Raton,NM
RFA,Rattan,Rattan,OK
RN8,Raven,Raven,VA
XRA,Ravena,Ravena,NY
RA4,Ravenden Springs,Ravenden Springs,AR
RV7,Ravenel,Ravenel,SC
R8K,Ravenna,Ravenna,KY
R8V,Ravenna,Ravenna,MI
RVD,Ravenna,Ravenna,NE
RVN,Ravenna,Ravenna,OH
RV8,Ravensdale,Ravensdale,WA
RWW,Ravenswood,Ravenswood,WV
RAQ,Ravenwood,Ravenwood,MO
8UP,Rawlings,Rawlings,VA
RWL,Rawlins,Rawlins,WY
M59,Ray,Ray,MI
RY6,Ray,Ray,ND
RJX,Ray,Ray,OH
YDT,Ray City,Ray City,GA
R3Y,Rayle,Rayle,GA
AYM,Raymond,Raymond,CA
R4Y,Raymond,Raymond,GA
YOD,Raymond,Raymond,ME
RMB,Raymond,Raymond,MN
UYG,Raymond,Raymond,MS
RND,Raymond,Raymond,MT
RYO,Raymond,Raymond,NH
RM3,Raymond,Raymond,OH
ACC,Raymond,Raymond,WA
RM2,Raymond,Raymond,WI
RYD,Raymondville,Raymondville,MO
RMV,Raymondville,Raymondville,TX
RAM,Raymore,Raymore,MO
RYL,Rayne,Rayne,LA
XLF,Raynham,Raynham,MA
YRO,Raytown,Raytown,MO
RVY,Rayville,Rayville,LA
ZJL,Raywood,Raywood,TX
8RF,Readfield,Readfield,ME
RDI,Reading,Reading,MA
RGW,Reading,Reading,MI
RDJ,Reading,Reading,OH
RDG,Reading,Reading,PA
7RD,Reading,Reading,VT
2RG,Readington,Readington,NJ
7RB,Readsboro,Readsboro,VT
RD5,Readstown,Readstown,WI
REA,Readville,Readville,MA
YGA,Reagan,Reagan,TX
REK,Reamstown,Reamstown,PA
RJA,Reasnor,Reasnor,IA
RCC,Rebecca,Rebecca,GA
3RT,Rector,Rector,AR
REN,Red Bank,Red Bank,NJ
RKB,Red Bank,Red Bank,TN
RDY,Red Bay,Red Bay,AL
RBL,Red Bluff,Red Bluff,CA
RB5,Red Bluff,Red Bluff,TX
RBP,Red Boiling Springs,Red Boiling Springs,TN
RRB,Red Bud,Red Bud,IL
R4C,Red Cloud,Red Cloud,NE
RKQ,Red Creek,Red Creek,NY
RDV,Red Devil,Red Devil,AK
RDB,Red Dog,Red Dog,AK
RF5,Red Feather Lakes,Red Feather Lakes,CO
RHX,Red Hill,Red Hill,AR
RHY,Red Hill,Red Hill,PA
REW,Red Hook,Red Hook,NY
DHP,Red House,Red House,WV
JDL,Red Lake Falls,Red Lake Falls,MN
RLN,Red Lion,Red Lion,PA
RLJ,Red Lodge,Red Lodge,MT
RDK,Red Oak,Red Oak,IA
RQK,Red Oak,Red Oak,TX
RKM,Red Oak,Red Oak,VA
RDR,Red River,Red River,ND
R9V,Red River,Red River,NM
RRV,Red River Ad,Red River Ad,TX
9RR,Red Rock,Red Rock,AZ
R2K,Red Rock,Red Rock,OK
EOF,Red Rock,Red Rock,TX
RPG,Red Springs,Red Springs,NC
VFA,Red Valley,Red Valley,AZ
RDW,Red Wing,Red Wing,MN
QAD,Redan,Redan,GA
R4B,Redby,Redby,MN
RDZ,Reddell,Reddell,LA
REB,Reddick,Reddick,FL
RDD,Redding,Redding,CA
RGX,Redding,Redding,CT
DDP,Redding,Redding,IA
RRG,Redding Ridge,Redding Ridge,CT
R3D,Redfield,Redfield,AR
RFQ,Redfield,Redfield,IA
RDF,Redford,Redford,MI
RJG,Redgranite,Redgranite,WI
RLS,Redlands,Redlands,CA
RMD,Redmond,Redmond,OR
RMQ,Redmond,Redmond,UT
XLC,Redmond,Redmond,WA
RDM,Redmond-Bend Apt,Redmond-Bend Apt,OR
RBD,Redondo Beach,Redondo Beach,CA
N9S,Redstone,Redstone,CO
R3V,Redvale,Redvale,CO
RPD,Redwater,Redwater,TX
RD7,Redway,Redway,CA
DWR,Redwood,Redwood,MS
RWC,Redwood City,Redwood City,CA
RWF,Redwood Falls,Redwood Falls,MN
RR6,Redwood Valley,Redwood Valley,CA
RD6,Reed,Reed,KY
RCT,Reed City,Reed City,MI
RD2,Reeder,Reeder,ND
RDC,Reedley,Reedley,CA
RZE,Reeds,Reeds,MO
RS2,Reeds Spring,Reeds Spring,MO
RDS,Reedsburg,Reedsburg,WI
REL,Reedsville,Reedsville,PA
REI,Reedsville,Reedsville,WI
EIV,Reedsville,Reedsville,WV
REV,Reedville,Reedville,VA
RYY,Reedy,Reedy,WV
RLZ,Reelsville,Reelsville,IN
RMI,Reese,Reese,MI
EEV,Reeseville,Reeseville,WI
RF2,Reform,Reform,AL
RFG,Refugio,Refugio,TX
QRE,Regal,Regal,NC
QRH,Regent,Regent,ND
RGT,Register,Register,GA
RP2,"Rego Park, Queens","Rego Park, Queens",NY
RZX,Rehoboth,Rehoboth,MA
REH,Rehoboth Beach,Rehoboth Beach,DE
R5B,Rehrersburg,Rehrersburg,PA
REE,Reidsville,Reidsville,GA
RIV,Reidsville,Reidsville,NC
RV2,Reidville,Reidville,SC
RB2,Reinbeck,Reinbeck,IA
R9H,Reinholds,Reinholds,PA
RSW,Reisterstown,Reisterstown,MD
RK9,Reklaw,Reklaw,TX
RLW,Relay,Relay,MD
IAC,Reliance,Reliance,WY
RJR,Rembrandt,Rembrandt,IA
RXG,Remington,Remington,IN
XLJ,Remington,Remington,VA
RS8,Remsen,Remsen,IA
RUQ,Remus,Remus,MI
XZQ,Renfrew,Renfrew,PA
IZK,Renick,Renick,WV
RNO,Reno,Reno,NV
RO4,Reno,Reno,OH
RNA,Reno,Reno,PA
RNQ,Reno,Reno,TX
RS3,Reno-Stead,Reno-Stead,NV
RNZ,Rensselaer,Rensselaer,IN
RER,Rensselaer,Rensselaer,NY
RNT,Renton,Renton,WA
RTZ,Rentz,Rentz,GA
JE7,Renville,Renville,MN
RWG,Renwick,Renwick,IA
RU2,Republic,Republic,MO
RPU,Republic,Republic,WA
RQG,Resaca,Resaca,GA
RS9,Rescue,Rescue,CA
RES,Rescue,Rescue,VA
YTP,Research Triangle Park,Research Triangle Park,NC
RSE,Reseda,Reseda,CA
RSF,Reserve,Reserve,LA
RTV,Reston,Reston,VA
RTJ,Retsil,Retsil,WA
RT6,Retsof,Retsof,NY
RUJ,Reunion,Reunion,FL
V8R,Reva,Reva,SD
REZ,Revere,Revere,MA
RE2,Revillo,Revillo,SD
REX,Rex,Rex,GA
RBI,Rexburg,Rexburg,ID
RXK,Rexford,Rexford,KS
RXF,Rexford,Rexford,MT
4EX,Rexford,Rexford,NY
REY,Reynolds,Reynolds,GA
4RD,Reynolds,Reynolds,IL
RYQ,Reynolds,Reynolds,IN
RYG,Reynoldsburg,Reynoldsburg,OH
YRY,Reynoldsville,Reynoldsville,PA
JRA,Rheems,Rheems,PA
RHE,Rhine,Rhine,GA
ZBK,Rhinebeck,Rhinebeck,NY
RHI,Rhinelander,Rhinelander,WI
RHO,Rhode Island,Rhode Island,NY
RH3,Rhodesdale,Rhodesdale,MD
ODP,Rhodhiss,Rhodhiss,NC
RBM,Rhome,Rhome,TX
RLO,Rialto,Rialto,CA
RC3,Rice,Rice,MN
RJI,Rice,Rice,TX
2V2,Rice,Rice,VA
RIE,Rice Lake,Rice Lake,WI
RCG,Riceboro,Riceboro,GA
P44,Riceville,Riceville,IA
ICV,Riceville,Riceville,TN
RHK,Rich Creek,Rich Creek,VA
RLX,Rich Hill,Rich Hill,MO
ZE9,Rich Square,Rich Square,NC
R4N,Richardson,Richardson,KY
RIN,Richardson,Richardson,TX
RCJ,Richardton,Richardton,ND
RQC,Richboro,Richboro,PA
RXJ,Richburg,Richburg,SC
RII,Richfield,Richfield,ID
RCM,Richfield,Richfield,MN
YYU,Richfield,Richfield,NC
REQ,Richfield,Richfield,OH
RF8,Richfield,Richfield,PA
RIF,Richfield,Richfield,UT
QPC,Richfield,Richfield,WI
D5F,Richfield Springs,Richfield Springs,NY
RFR,Richford,Richford,VT
RG2,Richgrove,Richgrove,CA
R4L,Richland,Richland,GA
RH7,Richland,Richland,IA
RIQ,Richland,Richland,MI
RRM,Richland,Richland,MO
RJL,Richland,Richland,MS
QCL,Richland,Richland,NY
YGT,Richland,Richland,OH
IHL,Richland,Richland,OR
RZK,Richland,Richland,PA
RLD,Richland,Richland,WA
RLC,Richland Center,Richland Center,WI
XLG,Richland Hills,Richland Hills,TX
RCI,Richlands,Richlands,NC
RLV,Richlands,Richlands,VA
RC7,Richlandtown,Richlandtown,PA
RCH,Richmond,Richmond,CA
RMN,Richmond,Richmond,IL
RID,Richmond,Richmond,IN
RM5,Richmond,Richmond,KS
RHM,Richmond,Richmond,KY
9MH,Richmond,Richmond,MA
U6U,Richmond,Richmond,ME
RCN,Richmond,Richmond,MI
RMF,Richmond,Richmond,MN
HMC,Richmond,Richmond,MO
IHD,Richmond,Richmond,NH
ZKF,Richmond,Richmond,NY
RCD,Richmond,Richmond,OH
RXD,Richmond,Richmond,RI
XLA,Richmond,Richmond,TX
RM4,Richmond,Richmond,UT
RIC,Richmond,Richmond,VA
RMH,Richmond,Richmond,VT
RMW,Richmond,Richmond,WI
RJJ,Richmond Beach,Richmond Beach,WA
IAF,Richmond Dale,Richmond Dale,OH
RMS,Richmond Heights,Richmond Heights,OH
RJH,Richmond Highlands,Richmond Highlands,WA
RJK,Richmond Hill,Richmond Hill,GA
RIX,Richmond Hill/Queens/New York,Richmond Hill/Queens/New York,NY
RHL,Richmondville,Richmondville,NY
RC9,Richton,Richton,MS
R5P,Richton Park,Richton Park,IL
RPJ,Richton Park,Richton Park,IL
ZIA,Richvale,Richvale,CA
R8M,Richville,Richville,MI
RWO,Richwood,Richwood,KY
ZFA,Richwood,Richwood,NJ
RXI,Richwood,Richwood,OH
RXW,Richwood,Richwood,WV
RW3,Richwoods,Richwoods,MO
RIB,Rickenbacker International Apt,Rickenbacker International Apt,OH
KU8,Rickman,Rickman,TN
ZIC,Rickreall,Rickreall,OR
R2C,Rico,Rico,CO
RIR,Riddle,Riddle,OR
RB6,Riddlesburg,Riddlesburg,PA
R5D,Ridge,Ridge,NY
GPJ,Ridge Spring,Ridge Spring,SC
IGD,Ridgecrest,Ridgecrest,CA
RT9,Ridgecrest,Ridgecrest,NC
RG8,Ridgedale,Ridgedale,MO
RF3,Ridgefield,Ridgefield,CT
UYE,Ridgefield,Ridgefield,NJ
RLF,Ridgefield,Ridgefield,WA
RFP,Ridgefield Park,Ridgefield Park,NJ
RDE,Ridgeland,Ridgeland,MS
RGE,Ridgeland,Ridgeland,SC
RZG,Ridgeland,Ridgeland,WI
RG9,Ridgeley,Ridgeley,WV
RGZ,Ridgely,Ridgely,MD
RVQ,Ridgeville,Ridgeville,IN
RIS,Ridgeville,Ridgeville,SC
DLC,Ridgeville Corners,Ridgeville Corners,OH
XRY,Ridgeway,Ridgeway,CO
XVX,Ridgeway,Ridgeway,NC
ZRW,Ridgeway,Ridgeway,SC
RIT,Ridgeway,Ridgeway,WI
RJV,"Ridgeway, Henry","Ridgeway, Henry",VA
RWD,Ridgewood,Ridgewood,NJ
RGO,Ridgewood,Ridgewood,NY
5RW,Ridgway,Ridgway,CO
RJW,Ridgway,Ridgway,IL
XLE,Ridgway,Ridgway,PA
RPK,Ridley Park,Ridley Park,PA
RZT,Ridott,Ridott,IL
RGL,Riegelwood,Riegelwood,NC
RZI,Rienzi,Rienzi,MS
RIZ,Riesel,Riesel,TX
RIL,Rifle,Rifle,CO
RQF,Rifton,Rifton,NY
IG8,Riga,Riga,MI
RG3,Rigby,Rigby,ID
RG7,Riggins,Riggins,ID
IEY,Riley,Riley,KS
R33,Riley,Riley,MI
RI9,Rillito,Rillito,AZ
RIM,Rimer,Rimer,OH
RB3,Rimersburg,Rimersburg,PA
RIK,Rincon,Rincon,GA
NJN,Rincon,Rincon,NM
9RI,Rindge,Rindge,NH
R2R,Riner,Riner,VA
RGD,Ringgold,Ringgold,GA
RJO,Ringgold,Ringgold,PA
RXV,Ringgold,Ringgold,VA
RAF,Ringle,Ringle,WI
YGO,Ringoes,Ringoes,NJ
R3G,Ringold,Ringold,OK
GSD,Ringsted,Ringsted,IA
RGN,Ringtown,Ringtown,PA
RIO,Ringwood,Ringwood,IL
RIJ,Ringwood,Ringwood,NJ
R3W,Ringwood,Ringwood,OK
R88,Rio,Rio,WI
RB8,Rio Blanco,Rio Blanco,CO
DJL,Rio Dell,Rio Dell,CA
RGF,Rio Grande,Rio Grande,NJ
RE4,Rio Grande,Rio Grande,OH
RGC,Rio Grande City,Rio Grande City,TX
RH8,Rio Hondo,Rio Hondo,TX
RLI,Rio Linda,Rio Linda,CA
RO6,Rio Oso,Rio Oso,CA
RRC,Rio Rancho,Rio Rancho,NM
RRQ,Rio Rico,Rio Rico,AZ
RVA,Rio Vista,Rio Vista,CA
IAJ,Riparius,Riparius,NY
RPP,Ripley,Ripley,CA
RPM,Ripley,Ripley,MS
RP5,Ripley,Ripley,NY
RPL,Ripley,Ripley,TN
RPE,Ripley,Ripley,WV
RIP,Ripon,Ripon,CA
RPN,Ripon,Ripon,WI
RP4,Ripplemead,Ripplemead,VA
7RI,Ripton,Ripton,VT
RIH,Ririe,Ririe,ID
R9C,Rising City,Rising City,NE
IWK,Rising Fawn,Rising Fawn,GA
RUN,Rising Sun,Rising Sun,MD
RTN,Rittman,Rittman,OH
RZV,Ritzville,Ritzville,WA
R6V,Riva,Riva,MD
RQQ,River Edge,River Edge,NJ
RFL,River Falls,River Falls,AL
RFW,River Falls,River Falls,WI
RVO,River Forest,River Forest,IL
RG6,River Grove,River Grove,IL
RIG,River Grove/Chicago,River Grove/Chicago,IL
R4V,River Hills,River Hills,WI
QQN,River Ridge,River Ridge,LA
RRJ,River Rouge,River Rouge,MI
RR8,Rivera Beach,Rivera Beach,FL
ZRB,Riverbank,Riverbank,CA
RVX,Riverdale,Riverdale,CA
RQV,Riverdale,Riverdale,GA
IVU,Riverdale,Riverdale,IA
RRD,Riverdale,Riverdale,IL
RVL,Riverdale,Riverdale,MD
RXE,Riverdale,Riverdale,MI
RDL,Riverdale,Riverdale,NJ
RV5,Riverdale,Riverdale,NY
RD9,Riverdale,Riverdale,UT
RGJ,Rivergate,Rivergate,OR
RHD,Riverhead,Riverhead,NY
2RV,Riverside,Riverside,AL
RAL,Riverside,Riverside,CA
VRD,Riverside,Riverside,CT
VSD,Riverside,Riverside,IA
IVD,Riverside,Riverside,IL
R9S,Riverside,Riverside,LA
RVM,Riverside,Riverside,MI
YRS,Riverside,Riverside,MO
RSD,Riverside,Riverside,NJ
OH4,Riverside,Riverside,OH
RI7,Riverside,Riverside,PA
VSE,Riverside,Riverside,RI
RN7,Riverton,Riverton,IL
RJE,Riverton,Riverton,KS
RV6,Riverton,Riverton,MN
RVJ,Riverton,Riverton,NJ
YIV,Riverton,Riverton,UT
RIW,Riverton,Riverton,WY
RRW,Riverview,Riverview,FL
RVW,Riverview,Riverview,MI
RL9,Riverville,Riverville,VA
VWD,Riverwoods,Riverwoods,IL
IEJ,Rives Junction,Rives Junction,MI
RBC,Riviera Beach,Riviera Beach,FL
VYX,Rixeyville,Rixeyville,VA
R9O,Roach,Roach,MO
R2M,Roan Mountain,Roan Mountain,TN
RO8,Roann,Roann,IN
RN2,Roanoke,Roanoke,AL
RQX,Roanoke,Roanoke,IL
UOK,Roanoke,Roanoke,IN
RNE,Roanoke,Roanoke,TX
ROA,Roanoke,Roanoke,VA
RZZ,Roanoke Rapids,Roanoke Rapids,NC
R84,Roaring Branch,Roaring Branch,PA
IIR,Roaring River,Roaring River,NC
RRS,Roaring Spring,Roaring Spring,PA
RBA,Robards,Robards,KY
RO7,Robbins,Robbins,CA
RBS,Robbins,Robbins,NC
RB7,Robbinsdale,Robbinsdale,MN
9RO,Robbinston,Robbinston,ME
RBB,Robbinsville,Robbinsville,NC
RBV,Robbinsville,Robbinsville,NJ
RE3,Robeline,Robeline,LA
RRO,Robersonville,Robersonville,NC
OBA,Roberta,Roberta,GA
R2O,Roberts,Roberts,IL
RBT,Roberts,Roberts,WI
OBS,Robertsdale,Robertsdale,AL
RVB,Robertsville,Robertsville,NJ
RBE,Robesonia,Robesonia,PA
OBF,Robins Air Force Base,Robins Air Force Base,GA
ROB,Robinson,Robinson,IL
NSO,Robinsonville,Robinsonville,MS
ZFB,Robinsville,Robinsville,NJ
RT8,Robstown,Robstown,TX
RB4,Roby,Roby,MO
RO5,Roca,Roca,NE
ZRO,Rochdale,Rochdale,MA
RCE,Roche Harbor,Roche Harbor,WA
RCL,Rochelle,Rochelle,GA
RCX,Rochelle,Rochelle,IL
R55,Rochelle,Rochelle,VA
R8O,Rochelle Park,Rochelle Park,NJ
ROH,Rochester,Rochester,IL
RCR,Rochester,Rochester,IN
K5Y,Rochester,Rochester,KY
RCS,Rochester,Rochester,MA
RCZ,Rochester,Rochester,MI
RST,Rochester,Rochester,MN
ROR,Rochester,Rochester,NH
ROC,Rochester,Rochester,NY
RHR,Rochester,Rochester,PA
RXT,Rochester,Rochester,TX
9RH,Rochester,Rochester,VT
RCW,Rochester,Rochester,WA
OHX,Rochester,Rochester,WI
RHH,Rochester Hills/Detroit,Rochester Hills/Detroit,MI
K9C,Rock,Rock,WV
RC8,Rock City,Rock City,IL
OYA,Rock City Falls,Rock City Falls,NY
RC6,Rock Creek,Rock Creek,OH
RP7,Rock Enon Springs,Rock Enon Springs,VA
RFI,Rock Falls,Rock Falls,IL
RHC,Rock Hill,Rock Hill,NC
R8L,Rock Hill,Rock Hill,NY
RKH,Rock Hill,Rock Hill,SC
RKI,Rock Island,Rock Island,IL
4OK,Rock Island,Rock Island,WA
KPR,Rock Port,Rock Port,MO
RZR,Rock Rapids,Rock Rapids,IA
XRS,Rock Springs,Rock Springs,GA
VWS,Rock Springs,Rock Springs,WI
RKS,Rock Springs,Rock Springs,WY
XRT,Rock Tavern,Rock Tavern,NY
RCV,Rock Valley,Rock Valley,IA
RKJ,Rockaway,Rockaway,NJ
RW8,Rockaway Beach,Rockaway Beach,NY
RYK,Rockaway Parks,Rockaway Parks,NY
ROE,Rockdale,Rockdale,IL
RCK,Rockdale,Rockdale,TX
9RC,Rocket Center,Rocket Center,WV
RF4,Rockfall,Rockfall,CT
YIC,Rockfield,Rockfield,KY
ZFE,Rockford,Rockford,AL
7RO,Rockford,Rockford,IA
RFD,Rockford,Rockford,IL
RCF,Rockford,Rockford,MI
KOD,Rockford,Rockford,MN
RFO,Rockford,Rockford,OH
ROF,Rockford,Rockford,TN
VKD,Rockford,Rockford,WA
RGM,Rockingham,Rockingham,NC
KGH,Rockingham,Rockingham,VT
RCA,Rockland,Rockland,MA
RKD,Rockland,Rockland,ME
KLA,Rockland,Rockland,NY
RQD,Rockland,Rockland,WI
RKE,Rockledge,Rockledge,FL
K8L,Rockledge,Rockledge,GA
RXH,Rockleigh,Rockleigh,NJ
RKL,Rocklin,Rocklin,CA
RKA,Rockmart,Rockmart,GA
R63,Rockport,Rockport,IL
RQP,Rockport,Rockport,IN
JRT,Rockport,Rockport,MA
RP3,Rockport,Rockport,ME
RC4,Rockport,Rockport,MO
RKO,Rockport,Rockport,NJ
RKP,Rockport,Rockport,TX
RPR,Rockport,Rockport,WA
KOB,Rockport,Rockport,WV
RS6,Rocksprings,Rocksprings,TX
RKT,Rockton,Rockton,IL
OAL,Rockvale,Rockvale,TN
OCV,Rockville,Rockville,CT
XXN,Rockville,Rockville,IN
RKV,Rockville,Rockville,MD
R79,Rockville,Rockville,MN
RK7,Rockville,Rockville,RI
R2V,Rockville,Rockville,VA
QRC,Rockville Centre,Rockville Centre,NY
R7P,Rockville Township,Rockville Township,IL
XLI,Rockwall,Rockwall,TX
KWE,Rockwell,Rockwell,NC
RY3,Rockwell City,Rockwell City,IA
KOO,Rockwood,Rockwood,IL
R8W,Rockwood,Rockwood,ME
RW2,Rockwood,Rockwood,MI
RQO,Rockwood,Rockwood,OR
RWU,Rockwood,Rockwood,PA
RKW,Rockwood,Rockwood,TN
RYF,Rocky Face,Rocky Face,GA
RKF,Rocky Ford,Rocky Ford,CO
ROK,Rocky Hill,Rocky Hill,CT
RWI,Rocky Mount,Rocky Mount,NC
ROV,Rocky Mount,Rocky Mount,VA
RCP,Rocky Point,Rocky Point,NC
RKY,Rocky River,Rocky River,OH
DTK,Rodanthe,Rodanthe,NC
RD4,Rodeo,Rodeo,CA
RQE,Rodeo,Rodeo,NM
REF,Roderfield,Roderfield,WV
R9E,Roe,Roe,AR
RQJ,Roebling,Roebling,NJ
RQB,Roebuck,Roebuck,SC
REJ,Roeland Park,Roeland Park,KS
RFF,Roff,Roff,OK
ROG,Rogers,Rogers,AR
RGS,Rogers,Rogers,CT
RJM,Rogers,Rogers,MN
ZQ2,Rogers,Rogers,OH
RGQ,Rogers,Rogers,TX
RCY,Rogers City,Rogers City,MI
RH2,Rogers Haven,Rogers Haven,DE
OEI,Rogersville,Rogersville,AL
RVZ,Rogersville,Rogersville,MO
RGV,Rogersville,Rogersville,TN
RJQ,Roggen,Roggen,CO
RGU,Rogue River,Rogue River,OR
RFH,Rohnert Park,Rohnert Park,CA
OLK,Roland,Roland,OK
RVF,Rolesville,Rolesville,NC
3IX,Roll,Roll,AZ
RK3,Rolla,Rolla,KS
RLA,Rolla,Rolla,MO
RQL,Rolla,Rolla,ND
RFY,Rolling Fork,Rolling Fork,MS
5RH,Rolling Hills,Rolling Hills,CA
RHJ,Rolling Hills Estates,Rolling Hills Estates,CA
RLM,Rolling Meadows,Rolling Meadows,IL
RPA,Rolling Prairie,Rolling Prairie,IN
RJS,Rollins,Rollins,MT
R3O,Rollinsford,Rollinsford,NH
FAL,Roma,Roma,TX
RMG,Rome,Rome,GA
RME,Rome,Rome,NY
RQM,Rome,Rome,OK
REO,Rome,Rome,OR
RMO,Romeo,Romeo,MI
ROI,Romeoville,Romeoville,IL
ZH7,Romeville,Romeville,LA
ZYZ,Romney,Romney,IN
OMD,Romoland,Romoland,CA
ROU,Romulus,Romulus,MI
RUZ,Romulus,Romulus,NY
RNW,Ronan,Ronan,MT
ROT,Ronceverte,Ronceverte,WV
QDA,Ronda,Ronda,NC
RKK,Ronkonkoma,Ronkonkoma,NY
ROJ,Ronks,Ronks,PA
RO3,Roodhouse,Roodhouse,IL
RPV,Roopville,Roopville,GA
ROL,Roosevelt,Roosevelt,UT
RLT,Roosevelt,Roosevelt,WA
RVT,Rooseveltown,Rooseveltown,NY
ROO,Roosville,Roosville,MT
R34,Rootstown,Rootstown,OH
NCW,Roper,Roper,NC
RVP,Ropesville,Ropesville,TX
RZA,Rosalia,Rosalia,WA
RSZ,Rosamond,Rosamond,CA
RK2,Rosanky,Rosanky,TX
RSJ,Rosario,Rosario,WA
RSQ,Roscoe,Roscoe,IL
R5C,Roscoe,Roscoe,NY
UOE,Roscoe,Roscoe,TX
RCQ,Roscommon,Roscommon,MI
RB9,Rose Bud,Rose Bud,AR
REC,Rose City,Rose City,MI
QOI,Rose City,Rose City,TX
7RH,Rose Hill,Rose Hill,KS
RZH,Rose Hill,Rose Hill,NC
ROX,Roseau,Roseau,MN
RSB,Roseboro,Roseboro,NC
RBZ,Rosebud,Rosebud,MO
IUD,Rosebud,Rosebud,TX
RBG,Roseburg,Roseburg,OR
B8H,Rosebush,Rosebush,MI
RDA,Rosedale,Rosedale,AR
RN9,Rosedale,Rosedale,IN
ZED,Rosedale,Rosedale,KS
RSA,Rosedale,Rosedale,MD
RAE,Rosedale,Rosedale,MS
ROZ,Rosedale,Rosedale,NJ
RDQ,Rosedale,Rosedale,NY
XRL,Roseland,Roseland,LA
RLB,Roseland,Roseland,NJ
RJZ,Roseland,Roseland,VA
OEW,Roselawn,Roselawn,IN
RLL,Roselle,Roselle,IL
RLE,Roselle,Roselle,NJ
ZH2,Roselle Park,Roselle Park,NJ
YFM,Rosemary Beach,Rosemary Beach,FL
RFS,Rosemead,Rosemead,CA
RSI,Rosemont,Rosemont,IL
QRM,Rosemont,Rosemont,NJ
ROP,Rosemont,Rosemont,PA
RMM,Rosemount,Rosemount,MN
RSG,Rosenberg,Rosenberg,TX
OJE,Rosendale,Rosendale,NY
ROD,Rosendale,Rosendale,WI
RON,Rosenhayn,Rosenhayn,NJ
RZP,Rosepine,Rosepine,LA
R9T,Roseto,Roseto,PA
RJT,Roseton,Roseton,NY
RVC,Roseville,Roseville,CA
RSV,Roseville,Roseville,MI
RVE,Roseville,Roseville,MN
RV9,Roseville,Roseville,NC
ROS,Roseville,Roseville,OH
RHQ,Rosharon,Rosharon,TX
OSO,Rosholt,Rosholt,SD
R2T,Rosholt,Rosholt,WI
RO9,Rosiclaire,Rosiclaire,IL
RSK,Rosiclare,Rosiclare,IL
RZD,Roslindale,Roslindale,MA
YL8,Roslyn,Roslyn,NY
RYN,Roslyn Heights,Roslyn Heights,NY
RS7,Rosman,Rosman,NC
RZO,Ross,Ross,CA
RS4,Ross,Ross,OH
R8G,Rossburg,Rossburg,OH
RR2,Rosser,Rosser,TX
RSO,Rossford,Rossford,OH
RRY,Rossmoor,Rossmoor,CA
YVS,Rosston,Rosston,OK
RSS,Rossville,Rossville,GA
RXL,Rossville,Rossville,IL
R2S,Rossville,Rossville,IN
RI3,Rossville,Rossville,KS
ROQ,Rossville,Rossville,TN
7T7,Rossville,Rossville,TX
RWE,Roswell,Roswell,GA
ROW,Roswell,Roswell,NM
RTX,Rotan,Rotan,TX
RYR,Rothbury,Rothbury,MI
RTS,Rothschild,Rothschild,WI
R2E,Rothsville,Rothsville,PA
RAJ,Rotterdam,Rotterdam,NY
RJN,Rotterdam Junction,Rotterdam Junction,NY
RTD,Rotunda,Rotunda,FL
RUC,Round Lake,Round Lake,IL
RL2,Round Lake,Round Lake,MN
RL4,Round Lake,Round Lake,NY
UDH,Round Lake Beach,Round Lake Beach,IL
ULP,Round Lake Park,Round Lake Park,IL
ROM,Round Mountain,Round Mountain,NV
RN4,Round Pond,Round Pond,ME
RRX,Round Rock,Round Rock,TX
RQT,Round Top,Round Top,TX
RPX,Roundup,Roundup,MT
RSX,Rouses Point,Rouses Point,NY
RYV,Rouseville,Rouseville,PA
RWB,Rowan Bay,Rowan Bay,AK
9WE,Rowe,Rowe,MA
RWV,Rowe,Rowe,VA
R5W,Rowena,Rowena,SD
RZW,Rowena,Rowena,TX
XLK,Rowesville,Rowesville,SC
RHW,Rowland Heights,Rowland Heights,CA
ZRE,Rowlett,Rowlett,TX
RL3,Rowley,Rowley,IA
RY2,Rowley,Rowley,MA
RWY,Rowley,Rowley,UT
RZM,Roxana,Roxana,IL
R8A,Roxana,Roxana,KY
RXB,Roxboro,Roxboro,NC
RXQ,Roxbury,Roxbury,CT
RXY,Roxbury,Roxbury,MA
8RX,Roxbury,Roxbury,ME
7RX,Roxbury,Roxbury,VT
RY8,Roy,Roy,UT
RYW,Roy,Roy,WA
RYA,Royal,Royal,AR
RYC,Royal Center,Royal Center,IN
XLB,Royal City,Royal City,WA
RYM,Royal Oak,Royal Oak,MI
FPB,Royal Palm Beach,Royal Palm Beach,FL
9YT,Royalston,Royalston,MA
YAA,Royalton,Royalton,MN
9RT,Royalton,Royalton,VT
UYH,Royersford,Royersford,PA
RYX,Royse City,Royse City,TX
ROY,Royston,Royston,GA
YRZ,Rozet,Rozet,WY
XUO,Rubidoux,Rubidoux,CA
RUB,Rubonia,Rubonia,FL
RBY,Ruby,Ruby,AK
RUY,Ruby,Ruby,SC
RVU,Ruby Valley,Ruby Valley,NV
RUK,Ruckersville,Ruckersville,VA
RDX,Rudyard,Rudyard,MI
YRF,Ruffin,Ruffin,SC
RFE,Ruffs Dale,Ruffs Dale,PA
UGG,Rugby,Rugby,ND
RUI,Ruidoso,Ruidoso,NM
RUL,Rule,Rule,TX
RVI,Ruleville,Ruleville,MS
RFM,Rumford,Rumford,ME
RFB,Rumford,Rumford,RI
RU8,Rumney,Rumney,NH
YRJ,Rumsey,Rumsey,KY
RUW,Rumson,Rumson,NJ
YRD,Runnemede,Runnemede,NJ
RKX,Running Springs,Running Springs,CA
RPT,Rupert,Rupert,ID
7RU,Rupert,Rupert,VT
BYI,Rupert-Burley Apt,Rupert-Burley Apt,ID
RQH,Rural Hall,Rural Hall,NC
RRE,Rural Retreat,Rural Retreat,VA
R5V,Rural Valley,Rural Valley,PA
RQY,Rush,Rush,KY
5US,Rush,Rush,NY
UEF,Rush Center,Rush Center,KS
RHZ,Rush City,Rush City,MN
RHP,Rush Springs,Rush Springs,OK
RY4,Rush Valley,Rush Valley,UT
RUF,Rushford,Rushford,MN
RU3,Rushland,Rushland,PA
R5E,Rushville,Rushville,IL
RUH,Rushville,Rushville,IN
UKG,Rusk,Rusk,TX
RKN,Ruskin,Ruskin,FL
RXN,Ruskin,Ruskin,NE
ZG2,Russell,Russell,IL
RSL,Russell,Russell,KS
RKU,Russell,Russell,KY
USL,Russell,Russell,MA
UED,Russell,Russell,MN
RZL,Russell,Russell,WA
RUP,Russell Springs,Russell Springs,KS
RS5,Russell Springs,Russell Springs,KY
RUO,Russells Point,Russells Point,OH
RUV,Russellville,Russellville,AL
RUS,Russellville,Russellville,AR
V9L,Russellville,Russellville,IL
UVI,Russellville,Russellville,IN
RVK,Russellville,Russellville,KY
RUE,Russellville,Russellville,TN
USS,Russia,Russia,OH
RSH,Russian Mission,Russian Mission,AK
RV3,Russiaville,Russiaville,IN
T5G,Rustburg,Rustburg,VA
RSN,Ruston,Ruston,LA
R2H,Ruth,Ruth,MI
R8H,Ruth,Ruth,NV
RVG,Ruther Glen,Ruther Glen,VA
RTH,Rutherford,Rutherford,CA
UYI,Rutherford,Rutherford,NJ
ZUT,Rutherford,Rutherford,TN
RC2,Rutherford College,Rutherford College,NC
RUR,Rutherfordton,Rutherfordton,NC
RT7,Rutland,Rutland,MA
RUT,Rutland,Rutland,VT
RUA,Rutledge,Rutledge,GA
R2U,Rutledge,Rutledge,MO
R7T,Rutledge,Rutledge,TN
RYH,Ryan,Ryan,OK
YYA,Rydal,Rydal,GA
RYB,Ryde,Ryde,CA
RYJ,Rye,Rye,NH
ZRY,Rye,Rye,NY
RYZ,Rye,Rye,TX
RH6,Rye Beach,Rye Beach,NH
RRK,Rye Brook,Rye Brook,NY
G5T,Ryegate,Ryegate,VT
ZBR,S.Burlington,S.Burlington,VT
ABT,Sabattus,Sabattus,ME
ZHB,Sabetha,Sabetha,KS
IAI,Sabillasville,Sabillasville,MD
4IN,Sabin,Sabin,MN
SBB,Sabina,Sabina,OH
USJ,Sabinal,Sabinal,TX
SAB,Sabine,Sabine,TX
NSS,Sabine Pass,Sabine Pass,TX
JTY,Sac City,Sac City,IA
SX2,Sachse,Sachse,TX
QSK,Saco,Saco,ME
SAC,Sacramento,Sacramento,CA
9SR,Sacramento,Sacramento,KY
TKG,Sacramento,Sacramento,PA
DHR,Sacred Heart,Sacred Heart,MN
SBK,Saddle Brook,Saddle Brook,NJ
RV4,Saddle River,Saddle River,NJ
SD6,Sadorus,Sadorus,IL
UDV,Sadsburyville,Sadsburyville,PA
XLL,Saegertown,Saegertown,PA
SFP,Safety Harbor,Safety Harbor,FL
SAD,Safford,Safford,AZ
2SH,Sag Harbor,Sag Harbor,NY
GXH,Sag Harbor,Sag Harbor,NY
TX4,Sagamore,Sagamore,MA
G9C,Sagamore Beach,Sagamore Beach,MA
SJH,Sagamore Hills,Sagamore Hills,OH
SP2,Sagaponack,Sagaponack,NY
SLJ,Sage,Sage,CA
SAI,Saginaw,Saginaw,AL
SGM,Saginaw,Saginaw,MI
GS3,Saginaw,Saginaw,MN
AGA,Saginaw,Saginaw,OR
SJQ,Saginaw,Saginaw,TX
SGW,Saginaw Bay,Saginaw Bay,AK
MBS,Saginaw-Midland-Bay City Apt,Saginaw-Midland-Bay City Apt,MI
IJE,Sagle,Sagle,ID
XSG,Sagola,Sagola,MI
SAG,Sagwon,Sagwon,AK
SR6,Sahuarita,Sahuarita,AZ
YTG,Saint Agatha,Saint Agatha,ME
7IN,Saint Albans,Saint Albans,ME
TBA,Saint Albans,Saint Albans,MO
TDA,Saint Albans,Saint Albans,NY
STA,Saint Albans,Saint Albans,VT
SA3,Saint Albans,Saint Albans,WV
IVQ,Saint Albans Bay,Saint Albans Bay,VT
4SA,Saint Amant,Saint Amant,LA
S2A,Saint Andrews,Saint Andrews,SC
S3A,Saint Andrews,Saint Andrews,SC
SA4,Saint Ann,Saint Ann,MO
SE7,Saint Anne,Saint Anne,IL
JSS,Saint Ansgar,Saint Ansgar,IA
S7A,Saint Anthony,Saint Anthony,ID
AAY,Saint Anthony,Saint Anthony,IN
OSJ,Saint Anthony,Saint Anthony,MN
S2U,Saint Augusta,Saint Augusta,MN
UST,Saint Augustine,Saint Augustine,FL
SSB,Saint Bernard,Saint Bernard,OH
SBD,Saint Bernard Parish,Saint Bernard Parish,LA
IFC,Saint Bonifacius,Saint Bonifacius,MN
XTJ,Saint Charles,Saint Charles,AR
ISJ,Saint Charles,Saint Charles,IA
SSL,Saint Charles,Saint Charles,IL
TCA,Saint Charles,Saint Charles,IL
ZSC,Saint Charles,Saint Charles,LA
SKC,Saint Charles,Saint Charles,MD
ZIB,Saint Charles,Saint Charles,MI
AAS,Saint Charles,Saint Charles,MN
ABP,Saint Charles,Saint Charles,MO
S7T,Saint Charles,Saint Charles,MO
SCL,Saint Clair,Saint Clair,MI
SKZ,Saint Clair,Saint Clair,PA
ST7,Saint Clair,Saint Clair,PA
CS4,Saint Clair Shores,Saint Clair Shores,MI
LIK,"Saint Clair, Franklin","Saint Clair, Franklin",MO
SCS,Saint Clairsville,Saint Clairsville,OH
SOC,Saint Cloud,Saint Cloud,FL
STC,Saint Cloud,Saint Cloud,MN
S2C,Saint Cloud,Saint Cloud,WI
TCX,Saint Croix,Saint Croix,IN
TCO,Saint Croix Falls,Saint Croix Falls,WI
TDW,Saint Edward,Saint Edward,NE
EL5,Saint Elmo,Saint Elmo,IL
SF2,Saint Francis,Saint Francis,KS
9FS,Saint Francis,Saint Francis,ME
SF9,Saint Francis,Saint Francis,WI
SFV,Saint Francisville,Saint Francisville,LA
SGL,Saint Gabriel,Saint Gabriel,LA
GQG,Saint George,Saint George,KS
ST9,Saint George,Saint George,ME
SGS,Saint George,Saint George,SC
SGU,Saint George,Saint George,UT
STG,Saint George Island,Saint George Island,AK
JIR,Saint Germain,Saint Germain,WI
SHE,Saint Helena,Saint Helena,CA
L2L,Saint Helens,Saint Helens,KY
STH,Saint Helens,Saint Helens,OR
HZA,Saint Henry,Saint Henry,OH
ZHI,Saint Hilaire,Saint Hilaire,MN
TGI,Saint Ignatius,Saint Ignatius,MT
S2E,Saint Inigoes,Saint Inigoes,MD
SNJ,Saint James,Saint James,LA
SJ2,Saint James,Saint James,MI
SJA,Saint James,Saint James,MN
AIJ,Saint James,Saint James,MO
TJS,Saint James,Saint James,NY
SJM,Saint James,Saint James,OH
JSY,Saint James City,Saint James City,FL
SJ6,Saint James Parish,Saint James Parish,LA
SJ3,Saint Jo,Saint Jo,TX
JOJ,Saint Joe,Saint Joe,IN
JJE,Saint Joe,Saint Joe,LA
JHH,Saint John,Saint John,IN
2JO,Saint John,Saint John,KS
JJ3,Saint John,Saint John,MO
SJO,Saint John,Saint John,ND
SJN,Saint Johns,Saint Johns,AZ
JO4,Saint Johns,Saint Johns,FL
SJ4,Saint Johns,Saint Johns,MI
JBY,Saint Johnsbury,Saint Johnsbury,VT
C33,Saint Johnsbury Center,Saint Johnsbury Center,VT
TOU,Saint Johnsville,Saint Johnsville,NY
SJF,Saint Joseph,Saint Joseph,FL
XLM,Saint Joseph,Saint Joseph,IL
YSJ,Saint Joseph,Saint Joseph,LA
SXX,Saint Joseph,Saint Joseph,MI
SJP,Saint Joseph,Saint Joseph,MN
STJ,Saint Joseph,Saint Joseph,MO
UIS,Saint Louis,Saint Louis,CA
UTS,Saint Louis,Saint Louis,LA
SYT,Saint Louis,Saint Louis,MI
STL,Saint Louis,Saint Louis,MO
OK9,Saint Louis,Saint Louis,OK
SLZ,Saint Louis Park,Saint Louis Park,MN
S2L,Saint Louis/Sierra County,Saint Louis/Sierra County,CA
TSY,Saint Louisville,Saint Louisville,OH
S4L,Saint Lucas,Saint Lucas,IA
SL2,Saint Lucie,Saint Lucie,FL
AIT,Saint Marks,Saint Marks,FL
SJ5,Saint Martin,Saint Martin,MN
SKM,Saint Martinville,Saint Martinville,LA
KSM,Saint Marys,Saint Marys,AK
SJW,Saint Marys,Saint Marys,GA
IYQ,Saint Marys,Saint Marys,IA
INY,Saint Marys,Saint Marys,IN
YTS,Saint Marys,Saint Marys,KS
YSR,Saint Marys,Saint Marys,KS
SMR,Saint Marys,Saint Marys,OH
STQ,Saint Marys,Saint Marys,PA
SMA,Saint Marys,Saint Marys,WV
XSM,Saint Marys City,Saint Marys City,MD
SMB,Saint Matthews,Saint Matthews,SC
RAD,Saint Meinrad,Saint Meinrad,IN
SMK,Saint Michael,Saint Michael,AK
TMI,Saint Michael,Saint Michael,MN
IIC,Saint Michaels,Saint Michaels,MD
SZZ,Saint Nazianz,Saint Nazianz,WI
SO4,Saint Olaf,Saint Olaf,IA
IFS,Saint Paris,Saint Paris,OH
SXW,Saint Paul,Saint Paul,AL
PAJ,Saint Paul,Saint Paul,AR
8NE,Saint Paul,Saint Paul,IN
STP,Saint Paul,Saint Paul,MN
PA3,Saint Paul,Saint Paul,MO
NPU,Saint Paul,Saint Paul,OR
SAL,Saint Paul,Saint Paul,VA
SNP,Saint Paul Island,Saint Paul Island,AK
S67,Saint Paul Park,Saint Paul Park,MN
SXH,Saint Pauls,Saint Pauls,NC
6TT,Saint Pete Beach,Saint Pete Beach,FL
SIP,Saint Peter,Saint Peter,MN
SQS,Saint Peters,Saint Peters,MO
QSZ,Saint Peters,Saint Peters,PA
PIE,Saint Petersburg,Saint Petersburg,FL
SRE,Saint Rose,Saint Rose,LA
AIP,Saint Rose Plantation,Saint Rose Plantation,LA
SSS,Saint Simons Island,Saint Simons Island,GA
ZSH,Saint Stephen,Saint Stephen,SC
ITQ,Saint Thomas,Saint Thomas,MO
XTM,Saint Thomas,Saint Thomas,PA
8VN,Saint Vincent,Saint Vincent,MN
TGN,Sainte Genevieve,Sainte Genevieve,MO
575,Salado,Salado,TX
ZIN,Salamanca,Salamanca,NY
ECK,Sale Creek,Sale Creek,TN
AAM,Salem,Salem,AL
ZSA,Salem,Salem,AL
L26,Salem,Salem,AR
3SE,Salem,Salem,CT
SLO,Salem,Salem,IL
SLF,Salem,Salem,IN
K2S,Salem,Salem,KY
SLM,Salem,Salem,MA
SMQ,Salem,Salem,MO
S9L,Salem,Salem,NE
SXA,Salem,Salem,NH
SEM,Salem,Salem,NJ
JSM,Salem,Salem,NM
L7S,Salem,Salem,NY
SAE,Salem,Salem,OH
SLE,Salem,Salem,OR
S29,Salem,Salem,SC
QLM,Salem,Salem,SD
ZLM,Salem,Salem,UT
UYQ,Salem,Salem,VA
MBO,Salem,Salem,WV
S2B,Salemburg,Salemburg,NC
QVE,Salesville,Salesville,OH
ZIG,Salida,Salida,CA
SLT,Salida,Salida,CO
SLN,Salina,Salina,KS
SBO,Salina,Salina,UT
SNS,Salinas,Salinas,CA
SJI,Saline,Saline,MI
ZYS,Salisbury,Salisbury,CT
SLS,Salisbury,Salisbury,MA
SBY,Salisbury,Salisbury,MD
ISU,Salisbury,Salisbury,MO
SRW,Salisbury,Salisbury,NC
SY6,Salisbury,Salisbury,NH
IUR,Salisbury,Salisbury,PA
8VT,Salisbury,Salisbury,VT
YLS,Salisbury Mills,Salisbury Mills,NY
JLL,Salley,Salley,SC
SIZ,Sallis,Sallis,MS
SLA,Sallisaw,Sallisaw,OK
SMN,Salmon,Salmon,ID
ZOM,Salome,Salome,AZ
TFP,Salt Flat,Salt Flat,TX
SLC,Salt Lake City,Salt Lake City,UT
TLP,Salt Point,Salt Point,NY
SLL,Saltillo,Saltillo,MS
S2T,Saltillo,Saltillo,TN
S7O,Saltillo,Saltillo,TX
SAS,Salton City,Salton City,CA
ZXB,Saltsburg,Saltsburg,PA
SAP,Saltville,Saltville,VA
S74,Saluda,Saluda,NC
UDA,Saluda,Saluda,SC
KLU,Saluda,Saluda,VA
6SA,Salunga,Salunga,PA
DQA,Salvisa,Salvisa,KY
ZSK,Salyersville,Salyersville,KY
JSH,Samantha,Samantha,AL
ZMS,Sammamish,Sammamish,WA
IOR,Samoa,Samoa,CA
SMP,Sampit,Sampit,SC
SXN,Samson,Samson,AL
ZSI,San Acacio,San Acacio,CO
SA7,San Andreas,San Andreas,CA
SJT,San Angelo,San Angelo,TX
DLM,San Anselmo,San Anselmo,CA
AT8,San Antonio,San Antonio,FL
SA5,San Antonio,San Antonio,NM
SAT,San Antonio,San Antonio,TX
NJZ,San Antonio Heights,San Antonio Heights,CA
SA9,San Ardo,San Ardo,CA
SA2,San Augustine,San Augustine,TX
SBZ,San Benito,San Benito,TX
SBT,San Bernardino,San Bernardino,CA
SXB,San Bruno,San Bruno,CA
SQL,San Carlos,San Carlos,CA
SZQ,"San Carlos, Graham","San Carlos, Graham",AZ
XSC,"San Carlos, Maricopa","San Carlos, Maricopa",AZ
XMO,San Clemente,San Clemente,CA
SAN,San Diego,San Diego,CA
SD2,San Diego,San Diego,TX
SDA,San Dimas,San Dimas,CA
NLP,San Felipe,San Felipe,TX
SFR,San Fernando,San Fernando,CA
SFO,San Francisco,San Francisco,CA
SGG,San Gabriel,San Gabriel,CA
SG7,San Gabriel,San Gabriel,TX
GE2,San Geronimo,San Geronimo,CA
GG5,San Gregorio,San Gregorio,CA
JNO,San Jacinto,San Jacinto,CA
JOQ,San Joaquin,San Joaquin,CA
ANJ,San Joaquin River,San Joaquin River,CA
S8J,San Jon,San Jon,NM
SJC,San Jose,San Jose,CA
S2J,San Jose,San Jose,PR
WSJ,San Juan,San Juan,AK
JSZ,San Juan,San Juan,TX
ZFX,San Juan Bautista,San Juan Bautista,CA
SAJ,San Juan Capistrano,San Juan Capistrano,CA
JPB,San Juan Pueblo,San Juan Pueblo,NM
SNH,San Leandro,San Leandro,CA
7DN,San Leon,San Leon,TX
YSZ,San Lorenzo,San Lorenzo,CA
ZXZ,San Lucas,San Lucas,CA
SLI,San Luis,San Luis,AZ
SLU,San Luis,San Luis,CO
CSL,San Luis Obispo,San Luis Obispo,CA
2SM,San Manuel,San Manuel,AZ
SNM,San Marcos,San Marcos,CA
SMC,San Marcos,San Marcos,TX
SMD,San Marino,San Marino,CA
SXJ,San Martin,San Martin,CA
SXF,San Mateo,San Mateo,CA
SYL,San Miguel,San Miguel,CA
SAK,San Pablo,San Pablo,CA
SPQ,San Pedro,San Pedro,CA
QT2,San Quentin,San Quentin,CA
SRF,San Rafael,San Rafael,CA
SJB,San Ramon,San Ramon,CA
ZSS,San Saba,San Saba,TX
ZVP,San Tan Valley,San Tan Valley,AZ
YGC,San Ygnacio,San Ygnacio,TX
SYO,San Ysidro,San Ysidro,CA
YSO,San Ysidro,San Ysidro,NM
ZOJ,Sanborn,Sanborn,IA
NBQ,Sanborn,Sanborn,NY
SZ2,Sanbornton,Sanbornton,NH
SV2,Sanbornville,Sanbornville,NH
SDC,Sand City,Sand City,CA
DCE,Sand Coulee,Sand Coulee,MT
S24,Sand Fork,Sand Fork,WV
SD7,Sand Hills,Sand Hills,TX
QDK,Sand Lake,Sand Lake,FL
SDP,Sand Point,Sand Point,AK
SDQ,Sand Springs,Sand Springs,OK
DHK,Sanders,Sanders,AZ
SDI,Sanderson,Sanderson,FL
DSA,Sanderson,Sanderson,TX
SNV,Sandersville,Sandersville,GA
3SF,Sandford,Sandford,IN
DIP,Sandia Park,Sandia Park,NM
6SD,Sandisfield,Sandisfield,MA
BMH,Sandoval,Sandoval,IL
S8A,Sandown,Sandown,NH
NDP,Sandpoint,Sandpoint,ID
ZDS,Sands Point,Sands Point,NY
SAX,Sandston,Sandston,VA
ZNS,Sandstone,Sandstone,MN
SDW,Sandusky,Sandusky,MI
SKY,"Sandusky, Erie","Sandusky, Erie",OH
SWH,Sandwich,Sandwich,IL
SWC,Sandwich,Sandwich,MA
SJD,Sandy,Sandy,OR
SJE,Sandy,Sandy,UT
SY3,Sandy Creek,Sandy Creek,NY
YHO,Sandy Hook,Sandy Hook,CT
SO8,Sandy Hook,Sandy Hook,MS
AYL,Sandy Lake,Sandy Lake,PA
SYP,Sandy Point,Sandy Point,ME
IW9,Sandy Ridge,Sandy Ridge,NC
KSR,Sandy River,Sandy River,AK
S3R,Sandy Run,Sandy Run,SC
YZR,Sandy Spring,Sandy Spring,MD
YSG,Sandy Springs,Sandy Springs,GA
AYP,Sandy Springs,Sandy Springs,SC
DV7,Sandy Valley,Sandy Valley,NV
SF6,Sanford,Sanford,CA
S9F,Sanford,Sanford,CO
SFB,Sanford,Sanford,FL
SFM,Sanford,Sanford,ME
FU7,Sanford,Sanford,MI
SCF,Sanford,Sanford,NC
S3F,Sanford,Sanford,NY
SRK,Sanger,Sanger,CA
SGJ,Sanger,Sanger,TX
S9A,Sangerfield,Sangerfield,NY
9SV,Sangerville,Sangerville,ME
SBP,Sanibel,Sanibel,FL
NXJ,Santa,Santa,ID
SNA,Santa Ana,Santa Ana,CA
XZB,Santa Ana Pueblo,Santa Ana Pueblo,NM
NNX,Santa Anna,Santa Anna,TX
SBA,Santa Barbara,Santa Barbara,CA
SCZ,Santa Clara,Santa Clara,CA
TCM,Santa Clara,Santa Clara,NM
SKR,Santa Clara,Santa Clara,UT
SAM,Santa Clarita,Santa Clarita,CA
SC6,Santa Claus,Santa Claus,IN
SRU,Santa Cruz,Santa Cruz,CA
TQA,Santa Elena,Santa Elena,TX
SAF,Santa Fe,Santa Fe,NM
FEZ,Santa Fe,Santa Fe,TX
UYR,Santa Fe Springs,Santa Fe Springs,CA
SMG,Santa Margarita,Santa Margarita,CA
SMX,Santa Maria,Santa Maria,CA
SMO,Santa Monica,Santa Monica,CA
SZP,Santa Paula,Santa Paula,CA
STS,Santa Rosa,Santa Rosa,CA
AOA,Santa Rosa,Santa Rosa,NM
ZRS,Santa Rosa,Santa Rosa,TX
JQJ,Santa Rosa Beach,Santa Rosa Beach,FL
RO2,Santa Rosa Island,Santa Rosa Island,CA
SXT,Santa Teresa,Santa Teresa,NM
SQA,Santa Ynez,Santa Ynez,CA
SY9,Santa Ysabel,Santa Ysabel,CA
IUQ,Santaquin,Santaquin,UT
SXD,Santee,Santee,CA
SA6,Santee,Santee,SC
P8P,Santo,Santo,TX
S7P,Sapphire,Sapphire,NC
APU,Sapulpa,Sapulpa,OK
SFQ,Saraland,Saraland,AL
SRN,Saranac,Saranac,MI
SLK,Saranac Lake,Saranac Lake,NY
ZOR,Sarasota,Sarasota,FL
SRQ,Sarasota-Bradenton Apt,Sarasota-Bradenton Apt,FL
XMQ,Saratoga,Saratoga,CA
SRB,Saratoga,Saratoga,MN
SAA,Saratoga,Saratoga,WY
SGA,Saratoga Springs,Saratoga Springs,NY
S6T,Saratoga Springs,Saratoga Springs,UT
XX5,Sarcoxie,Sarcoxie,MO
AII,Sardinia,Sardinia,NY
S2D,Sardinia,Sardinia,OH
SSR,Sardis,Sardis,MS
AEP,Sarepta,Sarepta,LA
WSF,Sarichef,Sarichef,AK
S4Y,Sarita,Sarita,TX
SAO,Sarles,Sarles,ND
A98,Sarona,Sarona,WI
SL4,Sartell,Sartell,MN
SJ9,Sarver,Sarver,PA
SAQ,Sasabe,Sasabe,AZ
SAH,Sasser,Sasser,GA
S9T,Satanta,Satanta,KS
LTB,Satellite Beach,Satellite Beach,FL
SY5,Saticoy,Saticoy,CA
ZOP,Satsop,Satsop,WA
2S2,Satsuma,Satsuma,AL
S2R,Saucier,Saucier,MS
SUV,Saugerties,Saugerties,NY
SAU,Sauget,Sauget,IL
UGU,Saugus,Saugus,CA
UGX,Saugus,Saugus,MA
SC2,Sauk Centre,Sauk Centre,MN
SC3,Sauk City,Sauk City,WI
SRA,Sauk Rapids,Sauk Rapids,MN
SXL,Sauk Village,Sauk Village,IL
VVV,Saukville,Saukville,WI
SSM,Sault Sainte Marie,Sault Sainte Marie,MI
ZUN,Saunderstown,Saunderstown,RI
JMC,Sausalito,Sausalito,CA
9SN,Sautee Nacoochee,Sautee Nacoochee,GA
SGE,Savage,Savage,MD
XLY,Savage,Savage,MN
VGE,Savage,Savage,MT
SNQ,Savanna,Savanna,IL
SAV,Savannah,Savannah,GA
SA8,Savannah,Savannah,MO
XMX,Savannah,Savannah,NY
SH8,Savannah,Savannah,OH
TSA,Savannah,Savannah,TN
VEJ,Saverton,Saverton,MO
S6Y,Savery,Savery,WY
SVA,Savoonga,Savoonga,AK
SYG,Savoy,Savoy,IL
6SV,Savoy,Savoy,MA
OYT,Savoy,Savoy,TX
XYZ,Sawmills,Sawmills,NC
SWR,Sawyer,Sawyer,MI
YXS,Sawyer,Sawyer,MN
ZFF,Sawyer,Sawyer,OK
S5A,Saxapahaw,Saxapahaw,NC
XVL,Saxeville,Saxeville,WI
SB2,Saxonburg,Saxonburg,PA
AX2,Saxton,Saxton,PA
SYK,Saybrook,Saybrook,CT
SB4,Saybrook,Saybrook,OH
AYV,Saylesville,Saylesville,RI
YGB,Saylorsburg,Saylorsburg,PA
YNY,Sayner,Sayner,WI
SY2,Sayre,Sayre,OK
AYJ,Sayre,Sayre,PA
XNA,Sayreville,Sayreville,NJ
SYS,Sayville,Sayville,NY
QJZ,Scales Mound,Scales Mound,IL
ZVN,Scammon,Scammon,KS
SCM,Scammon Bay,Scammon Bay,AK
SC9,Scanlon,Scanlon,MN
SCA,Scappoose,Scappoose,OR
SZX,Scarborough,Scarborough,ME
SCG,Scarsdale,Scarsdale,NY
SFT,Schaefferstown,Schaefferstown,PA
GHK,Schaghticoke,Schaghticoke,NY
SCX,Schaller,Schaller,IA
JMH,Schaumburg,Schaumburg,IL
SCH,Schenectady,Schenectady,NY
NVU,Schenevus,Schenevus,NY
SCP,Schenley,Schenley,PA
SVL,Schererville,Schererville,IN
SRT,Schertz,Schertz,TX
SID,Schiller Park,Schiller Park,IL
HSW,Schleswig,Schleswig,IA
SK5,Schnecksville,Schnecksville,PA
SKN,Schodack Landing,Schodack Landing,NY
SFW,Schofield,Schofield,WI
SR8,Schoharie,Schoharie,NY
SZC,Scholls,Scholls,OR
OLC,Schoolcraft,Schoolcraft,MI
S9C,Schriever,Schriever,LA
SBW,Schulenburg,Schulenburg,TX
SHJ,Schuyler,Schuyler,NE
SE6,Schuyler,Schuyler,VA
SV3,Schuylerville,Schuylerville,NY
SKL,Schuylkill,Schuylkill,PA
H7A,Schuylkill Haven,Schuylkill Haven,PA
SKU,Schuylkill Haven,Schuylkill Haven,PA
S77,Schwenksville,Schwenksville,PA
HL9,Science Hill,Science Hill,KY
S44,Scio,Scio,OR
2SV,Sciotoville,Sciotoville,OH
IJC,Scipio Center,Scipio Center,NY
SCU,Scituate,Scituate,MA
SCO,Scobey,Scobey,MT
SCW,Scobeyville,Scobeyville,NJ
XLQ,Scofield,Scofield,UT
M8S,Scooba,Scooba,MS
SPJ,Scotch Plains,Scotch Plains,NJ
SIA,Scotia,Scotia,CA
SOA,Scotia,Scotia,NY
9SD,Scotland,Scotland,PA
SO2,Scotland,Scotland,SD
SCD,Scotland Neck,Scotland Neck,NC
ZKO,Scott,Scott,LA
XOT,Scott,Scott,MS
SB3,Scott Air Force Base,Scott Air Force Base,IL
ZSN,Scott City,Scott City,KS
SCQ,Scott City,Scott City,MO
DZQ,Scott Depot,Scott Depot,WV
S7M,Scott Mills,Scott Mills,OR
TW6,Scott Township,Scott Township,PA
SZD,Scottdale,Scottdale,GA
SZE,Scottdale,Scottdale,PA
XOS,Scotts,Scotts,MI
S4H,Scotts Hill,Scotts Hill,TN
SV4,Scotts Valley,Scotts Valley,CA
BFF,Scottsbluff,Scottsbluff,NE
SQB,Scottsboro,Scottsboro,AL
SSZ,Scottsburg,Scottsburg,IN
OZG,Scottsburg,Scottsburg,VA
STZ,Scottsdale,Scottsdale,AZ
SCV,Scottsville,Scottsville,KY
OTV,Scottsville,Scottsville,NY
SZF,Scottsville,Scottsville,TX
TTS,Scottsville,Scottsville,VA
SCN,Scottville,Scottville,MI
RRA,Scranton,Scranton,AR
S53,Scranton,Scranton,IA
DCN,Scranton,Scranton,ND
SCR,Scranton,Scranton,PA
SCB,Scribner,Scribner,NE
7OL,Sea Cliff,Sea Cliff,NY
GXI,Sea Girt,Sea Girt,NJ
QSI,Sea Island,Sea Island,GA
SK8,Seabeck,Seabeck,WA
S7B,Seaboard,Seaboard,NC
EBK,Seabrook,Seabrook,NH
SBJ,Seabrook,Seabrook,NJ
EQQ,Seabrook,Seabrook,SC
SEO,Seabrook,Seabrook,TX
XLR,Seadrift,Seadrift,TX
SFE,Seaford,Seaford,DE
QSF,Seaford,Seaford,NY
SVI,Seagoville,Seagoville,TX
SGK,Seagraves,Seagraves,TX
EOV,Seagrove,Seagrove,NC
SYB,Seal Bay,Seal Bay,AK
SLH,Seal Beach,Seal Beach,CA
9VE,Seal Cove,Seal Cove,ME
ZRK,Seal Rock,Seal Rock,OR
AQE,Seale,Seale,AL
SLY,Sealy,Sealy,TX
SRC,Searcy,Searcy,AR
SL5,Searles,Searles,CA
S3S,Sears,Sears,MI
JUR,Searsburg,Searsburg,VT
SM4,Searsmont,Searsmont,ME
SRP,Searsport,Searsport,ME
XLU,Seaside,Seaside,CA
YSE,Seaside,Seaside,OR
SH2,Seaside Heights,Seaside Heights,NJ
SEZ,Seatac,Seatac,WA
SEA,Seattle,Seattle,WA
S6E,Seaview,Seaview,WA
8SB,Sebago,Sebago,ME
YKQ,Sebago Lake,Sebago Lake,ME
SZG,Sebastian,Sebastian,FL
XNB,Sebastian,Sebastian,TX
SYD,Sebastopol,Sebastopol,CA
XLO,Sebastopol,Sebastopol,MS
SWB,Sebewaing,Sebewaing,MI
YSB,Sebree,Sebree,KY
SEF,Sebring,Sebring,FL
SEB,Sebring,Sebring,OH
SC4,Secane,Secane,PA
UYK,Secaucus,Secaucus,NJ
OZQ,Secor,Secor,IL
S4E,Section,Section,AL
ZSY,Security,Security,CO
S3D,Sedalia,Sedalia,CO
DMO,Sedalia,Sedalia,MO
SE4,Sedan,Sedan,KS
S2Y,Sedley,Sedley,VA
SDX,Sedona,Sedona,AZ
SW2,Sedro Woolley,Sedro Woolley,WA
SWK,Seekonk,Seekonk,MA
SY4,Seeley,Seeley,CA
EFF,Seffner,Seffner,FL
SQU,Seguin,Seguin,TX
O8K,Seiling,Seiling,OK
SEC,Seiple,Seiple,PA
EHW,Selah,Selah,WA
WLK,Selawik,Selawik,AK
SEL,Selby,Selby,CA
YVD,Selbyville,Selbyville,DE
EXL,Selden,Selden,NY
SOV,Seldovia,Seldovia,AK
S66,Seligman,Seligman,AZ
SEG,Selinsgrove,Selinsgrove,PA
SKI,Selkirk,Selkirk,NY
SEU,Sellersburg,Sellersburg,IN
XVI,Sellersville,Sellersville,PA
SES,Selma,Selma,AL
SQZ,Selma,Selma,CA
XZY,Selma,Selma,IN
SQC,Selma,Selma,NC
OSM,Selma,Selma,OR
SQD,Selma,Selma,TX
SQE,Selmer,Selmer,TN
EIY,Seminary,Seminary,MS
SE5,Seminole,Seminole,FL
SXO,Seminole,Seminole,NC
ZMD,Seminole,Seminole,OK
SOE,Seminole,Seminole,TX
EME,Semmes,Semmes,AL
NCZ,Semora,Semora,NC
XAH,Senath,Senath,MO
SEN,Senatobia,Senatobia,MS
S7C,Seneca,Seneca,IA
XMI,Seneca,Seneca,IL
EEC,Seneca,Seneca,KS
SNE,Seneca,Seneca,MO
UYP,Seneca,Seneca,NY
ZYC,Seneca,Seneca,PA
SQW,Seneca,Seneca,SC
SFS,Seneca Falls,Seneca Falls,NY
XMJ,Senecaville,Senecaville,OH
SN2,Senoia,Senoia,GA
SQF,Sepulveda,Sepulveda,CA
SQ5,Sequatchie,Sequatchie,TN
SQV,Sequim,Sequim,WA
TSQ,Sequin,Sequin,TX
KSS,Serena,Serena,IL
SGB,Sergeant Bluff,Sergeant Bluff,IA
KQ3,Sesser,Sesser,IL
SV9,Seven Fields,Seven Fields,PA
EVP,Seven Points,Seven Points,TX
Q6Z,Seven Springs,Seven Springs,NC
KVV,Seven Valleys,Seven Valleys,PA
S7V,Severance,Severance,CO
SEV,Severn,Severn,MD
SVN,Severn,Severn,NC
SVJ,Severn,Severn,VA
SNR,Severna Park,Severna Park,MD
SXR,Sevier,Sevier,NC
SVU,Sevierville,Sevierville,TN
ZVL,Seville,Seville,OH
UOS,Sewanee,Sewanee,TN
SWD,Seward,Seward,AK
QSR,Seward,Seward,IL
NSR,Seward,Seward,NE
SWN,Sewaren,Sewaren,NJ
YSW,Sewell,Sewell,NJ
S5T,Sewell's Point,Sewell's Point,VA
EWC,Sewickley,Sewickley,PA
SZK,Seymour,Seymour,CT
EOU,Seymour,Seymour,IA
SER,Seymour,Seymour,IN
SEJ,Seymour,Seymour,MO
EYU,Seymour,Seymour,TN
SET,Seymour,Seymour,TX
SYW,Seymour,Seymour,WI
S97,Shackelefords,Shackelefords,VA
S5F,Shacklefords,Shacklefords,VA
DGP,Shade Gap,Shade Gap,PA
AD2,"Shadeland, Tippecanoe","Shadeland, Tippecanoe",IN
SZJ,Shady Dale,Shady Dale,GA
DYG,Shady Grove,Shady Grove,PA
IYP,Shady Point,Shady Point,OK
RYS,Shady Spring,Shady Spring,WV
SHY,Shadyside,Shadyside,OH
SF7,Shafer,Shafer,MN
MIT,Shafter,Shafter,CA
SH3,"Shafter, Kern","Shafter, Kern",CA
S2H,Shaftsbury,Shaftsbury,VT
SHX,Shageluk,Shageluk,AK
XSK,Shaker Heights,Shaker Heights,OH
SKE,Shakopee,Shakopee,MN
SKK,Shaktoolik,Shaktoolik,AK
SR4,Shalimar,Shalimar,FL
SLX,Shallotte,Shallotte,NC
S9H,Shallowater,Shallowater,TX
YSH,Shamokin,Shamokin,PA
SH4,Shamong,Shamong,NJ
SR5,"Shamrock, Wheeler","Shamrock, Wheeler",TX
JHD,Shandon,Shandon,CA
DOZ,Shandon,Shandon,OH
NRI,Shangri-la,Shangri-la,OK
AZK,Shannock,Shannock,RI
SHO,Shannon,Shannon,GA
S7N,Shannon,Shannon,IL
SZN,Shannon,Shannon,MS
S2N,Shannon,Shannon,NC
8IG,Shapleigh,Shapleigh,ME
S7H,Sharon,Sharon,CT
SHM,Sharon,Sharon,MA
SHQ,Sharon,Sharon,PA
SN3,Sharon,Sharon,VT
ISH,Sharon,Sharon,WI
CXZ,Sharon Center,Sharon Center,OH
SHL,Sharon Hill,Sharon Hill,PA
SHS,Sharon Springs,Sharon Springs,NY
XMA,Sharonville,Sharonville,OH
S22,Sharpes,Sharpes,FL
3SG,Sharpsburg,Sharpsburg,KY
RPB,Sharpsburg,Sharpsburg,NC
S7G,Sharpsburg,Sharpsburg,PA
I9H,Sharpsville,Sharpsville,IN
SJS,Sharpsville,Sharpsville,PA
SL8,Shartlesville,Shartlesville,PA
4SC,Shasta,Shasta,CA
S9K,Shasta Lake,Shasta Lake,CA
SUK,Shattuck,Shattuck,OK
2SL,Shaver Lake,Shaver Lake,CA
S9V,Shavertown,Shavertown,PA
JXS,Shaw,Shaw,MS
ZFH,Shaw Air Force Base,Shaw Air Force Base,SC
SWS,Shawano,Shawano,WI
USM,Shawmut,Shawmut,ME
SHC,Shawnee,Shawnee,KS
SNL,Shawnee,Shawnee,OK
SM2,Shawnee Mission,Shawnee Mission,KS
8SD,Shawnee on Delaware,Shawnee on Delaware,PA
SBM,Sheboygan,Sheboygan,WI
SBF,Sheboygan Falls,Sheboygan Falls,WI
YSD,Shedd,Shedd,OR
SMU,Sheep Mountain,Sheep Mountain,AK
SHF,Sheffield,Sheffield,AL
SED,Sheffield,Sheffield,IA
6FL,Sheffield,Sheffield,IL
QSH,Sheffield,Sheffield,MA
HEI,Sheffield,Sheffield,OH
S5D,Sheffield,Sheffield,PA
7SE,Sheffield,Sheffield,VT
SL9,Sheffield Lake,Sheffield Lake,OH
HFG,Sheffield Village,Sheffield Village,OH
SB8,Shelburne,Shelburne,VT
HFS,Shelburne Falls,Shelburne Falls,MA
ISY,Shelby,Shelby,IA
INH,Shelby,Shelby,IN
SDL,Shelby,Shelby,MI
SBX,Shelby,Shelby,MT
SEY,Shelby,Shelby,NC
NE5,Shelby,Shelby,NE
SBI,Shelby,Shelby,OH
W7W,Shelby,Shelby,WI
SN8,Shelby Township,Shelby Township,MI
SBV,Shelbyville,Shelbyville,IL
SYH,Shelbyville,Shelbyville,IN
SVZ,Shelbyville,Shelbyville,KY
QYV,Shelbyville,Shelbyville,MI
SQG,Shelbyville,Shelbyville,MO
SYI,Shelbyville,Shelbyville,TN
IYE,Shelbyville,Shelbyville,TX
SEI,Sheldon,Sheldon,IA
SQP,Sheldon,Sheldon,MO
XMB,Sheldon,Sheldon,TX
7SH,Sheldon,Sheldon,VT
Z4X,Sheldon,Sheldon,WI
SXP,Sheldon Point,Sheldon Point,AK
SQK,Sheldon Springs,Sheldon Springs,VT
VSV,Sheldonville,Sheldonville,MA
EOB,Shell Knob,Shell Knob,MO
HL8,Shell Lake,Shell Lake,WI
SR2,Shell Rock,Shell Rock,IA
SHZ,Shelley,Shelley,ID
XMC,Shellman,Shellman,GA
S8H,Shelocta,Shelocta,PA
XSI,Shelter Island,Shelter Island,NY
HDH,Shelter Island Heights,Shelter Island Heights,NY
SQR,Shelton,Shelton,CT
JLT,Shelton,Shelton,NE
SHN,Shelton,Shelton,WA
SYA,Shemya,Shemya,AK
UYS,Shenandoah,Shenandoah,GA
SDH,Shenandoah,Shenandoah,IA
DOH,Shenandoah,Shenandoah,TX
SZH,Shenandoah,Shenandoah,VA
SJ8,Shenandoah Junction,Shenandoah Junction,WV
EFH,Shepherd,Shepherd,MI
HHD,Shepherd,Shepherd,MT
HPE,Shepherd,Shepherd,TX
8ST,Shepherdstown,Shepherdstown,WV
SQN,Shepherdsville,Shepherdsville,KY
XSX,Sheppard,Sheppard,TX
9SP,Sheppton,Sheppton,PA
ZSO,Sherborn,Sherborn,MA
SRR,Sherburne,Sherburne,NY
SIW,Sheridan,Sheridan,AR
SDV,Sheridan,Sheridan,CO
5SD,Sheridan,Sheridan,IL
SD9,Sheridan,Sheridan,IN
SJX,Sheridan,Sheridan,MI
SRD,Sheridan,Sheridan,NY
SJG,Sheridan,Sheridan,OR
SHR,Sheridan,Sheridan,WY
XMP,Sherman,Sherman,CT
SZM,Sherman,Sherman,MS
DZZ,Sherman,Sherman,NY
SHP,Sherman,Sherman,TX
SJJ,Sherman Oaks,Sherman Oaks,CA
PNX,Sherman-Denison,Sherman-Denison,TX
SML,Shermans Dale,Shermans Dale,PA
SJK,Sherrard,Sherrard,IL
RL8,Sherrill,Sherrill,AR
RRI,Sherrill,Sherrill,NY
S2F,Sherrills Ford,Sherrills Ford,NC
YRW,Sherwood,Sherwood,AR
S3W,Sherwood,Sherwood,MI
SHW,Sherwood,Sherwood,ND
SJU,Sherwood,Sherwood,OR
SR7,Sherwood,Sherwood,WI
SVB,Shickshinny,Shickshinny,PA
IDK,Shidler,Shidler,OK
ILH,Shiloh,Shiloh,IL
OYJ,Shiloh,Shiloh,NJ
VVO,Shiloh,Shiloh,OH
INR,Shiner,Shiner,TX
XSH,Shingle Springs,Shingle Springs,CA
S3O,Shingletown,Shingletown,CA
SKF,Shinnston,Shinnston,WV
SBQ,Ship Bottom,Ship Bottom,NJ
IPX,Ship Island,Ship Island,MS
SSG,Shippensburg,Shippensburg,PA
YNV,Shippenville,Shippenville,PA
ZHP,Shippingport,Shippingport,PA
S2P,Shipshewana,Shipshewana,IN
SVF,Shiremanstown,Shiremanstown,PA
SJR,Shirley,Shirley,MA
WSH,Shirley,Shirley,NY
SB6,Shirleysburg,Shirleysburg,PA
SHH,Shishmaref,Shishmaref,AK
IVE,Shively,Shively,KY
HCB,Shoal Cove,Shoal Cove,AK
YHZ,Shoals,Shoals,IN
KVM,Shoemakersville,Shoemakersville,PA
H78,Shohola,Shohola,PA
XSA,Shokan,Shokan,NY
RC5,Shoreacres,Shoreacres,TX
XLZ,Shoreham,Shoreham,NY
SRH,Shoreham,Shoreham,VT
SRI,Shoreline,Shoreline,WA
SHB,Shoreview,Shoreview,MN
SW3,Shorewood,Shorewood,IL
DO9,Shorewood,Shorewood,MN
SJV,Shorewood,Shorewood,OR
S9W,Shorewood,Shorewood,WI
XSY,Short Hills,Short Hills,NJ
EOH,Shorter,Shorter,AL
TRV,Shorterville,Shorterville,AL
SS8,Shortsville,Shortsville,NY
HQS,Shoshone,Shoshone,CA
OHZ,Shoshone,Shoshone,ID
GL5,Shoshone County,Shoshone County,ID
SN4,Shoshoni,Shoshoni,WY
SOW,Show Low,Show Low,AZ
SIH,Showell,Showell,MD
SKO,Showhegan,Showhegan,ME
OHS,Shreve,Shreve,OH
SHV,Shreveport,Shreveport,LA
SHU,Shrewsbury,Shrewsbury,MA
EZY,Shrewsbury,Shrewsbury,NJ
QSY,Shrewsbury,Shrewsbury,PA
QZY,Shrewsbury,Shrewsbury,WV
S5L,Shroon,Shroon,NY
SHK,Shrub Oak,Shrub Oak,NY
SUB,Shubuta,Shubuta,MS
HJB,Shullsburg,Shullsburg,WI
UWX,Shumway,Shumway,IL
SHG,Shungnak,Shungnak,AK
HQK,Shuqualak,Shuqualak,MS
UY9,Shutesbury,Shutesbury,MA
PS4,Siberia,Siberia,IN
ZSL,Sibley,Sibley,IA
S5B,Sibley,Sibley,LA
IBZ,Sibley,Sibley,MO
IYD,Sicily Island,Sicily Island,LA
SV5,Sicklerville,Sicklerville,NJ
SD3,Sidell,Sidell,IL
S4N,Sidman,Sidman,PA
S23,Sidney,Sidney,IA
S7I,Sidney,Sidney,KY
IJY,Sidney,Sidney,MI
SDY,Sidney,Sidney,MT
SNY,Sidney,Sidney,NE
SXY,Sidney,Sidney,NY
SDN,Sidney,Sidney,OH
IDM,Sidon,Sidon,MS
IEB,Sierra Blanca,Sierra Blanca,TX
SIM,Sierra Madre,Sierra Madre,CA
AZS,Sierra Vista,Sierra Vista,AZ
SI7,Sierra Vista,Sierra Vista,CA
FHU,Sierra Vista-Fort Huachuca Apt,Sierra Vista-Fort Huachuca Apt,AZ
83W,Sigel,Sigel,IL
SII,Signal Hill,Signal Hill,CA
S3M,Signal Mountain,Signal Mountain,TN
QGU,Sigourney,Sigourney,IA
SU9,Sigurd,Sigurd,UT
SIK,Sikeston,Sikeston,MO
SIR,Siler City,Siler City,NC
SLG,Siloam Springs,Siloam Springs,AR
XLP,Silsbee,Silsbee,TX
S8I,Silt,Silt,CO
ZVA,Silva,Silva,MO
SIB,Silver Bay,Silver Bay,MN
555,Silver Beach,Silver Beach,MA
SEW,Silver Bow,Silver Bow,MT
SZI,Silver City,Silver City,NC
SVC,Silver City,Silver City,NM
SXV,Silver Creek,Silver Creek,GA
HQ6,Silver Creek,Silver Creek,MS
ZII,Silver Creek,Silver Creek,NY
VKY,Silver Grove,Silver Grove,KY
ILK,Silver Lake,Silver Lake,IN
9KS,Silver Lake,Silver Lake,NH
IXL,Silver Lake,Silver Lake,WI
IVP,Silver Peak,Silver Peak,NV
JVP,Silver Plume,Silver Plume,CO
SIS,Silver Spring,Silver Spring,MD
SIE,Silver Springs,Silver Springs,FL
S4S,Silver Springs,Silver Springs,NV
SVR,Silver Springs,Silver Springs,NY
ITK,Silver Star,Silver Star,MT
SI3,Silverado,Silverado,CA
S4D,Silverdale,Silverdale,PA
SIF,Silverdale,Silverdale,WA
S5V,Silverstreet,Silverstreet,SC
SO5,Silverthorne,Silverthorne,CO
IER,Silverton,Silverton,CO
VET,Silverton,Silverton,OH
XVN,Silverton,Silverton,OR
ILJ,Silverton,Silverton,TX
ILV,Silvis,Silvis,IL
SIU,Simi Valley,Simi Valley,CA
SM8,Simonton,Simonton,TX
SI9,Simpson,Simpson,NC
UKJ,Simpson,Simpson,PA
SIJ,Simpsonville,Simpsonville,KY
SRY,Simpsonville,Simpsonville,SC
IMC,Sims,Sims,NC
SIO,Simsboro,Simsboro,LA
SZU,Simsbury,Simsbury,CT
SC7,Sinclair,Sinclair,WY
IGR,Singer,Singer,LA
SIN,Singer Island,Singer Island,FL
SKS,Sinking Spring,Sinking Spring,PA
2SI,Sinton,Sinton,TX
SNT,Sioux Center,Sioux Center,IA
SUX,Sioux City,Sioux City,IA
FSD,Sioux Falls,Sioux Falls,SD
XAF,Sioux Rapids,Sioux Rapids,IA
IRE,Siren,Siren,WI
SS2,Sisseton,Sisseton,SD
ISV,Sissonville,Sissonville,WV
8IS,Sister Bay,Sister Bay,WI
YER,Sisters,Sisters,OR
IST,Sistersville,Sistersville,WV
SIT,Sitka,Sitka,AK
SKJ,Sitkinak Island,Sitkinak Island,AK
SI4,Six Mile,Six Mile,SC
SXM,Sixela,Sixela,NM
KSX,Sixes,Sixes,OR
SGY,Skagway,Skagway,AK
KNE,Skaneateles,Skaneateles,NY
KAF,Skaneateles Falls,Skaneateles Falls,NY
TKQ,Skiatook,Skiatook,OK
7SK,Skidmore,Skidmore,MO
SQM,Skillman,Skillman,NJ
SP3,Skippack,Skippack,PA
SKP,Skippers,Skippers,VA
SOK,Skokie,Skokie,IL
SH5,Skowhegan,Skowhegan,ME
KVQ,Skull Valley,Skull Valley,AZ
KUE,Skull Valley,Skull Valley,UT
SKW,Skwentna,Skwentna,AK
S5K,Skykomish,Skykomish,WA
UYZ,Skyland,Skyland,NC
SVK,Slate Hill,Slate Hill,NY
ZTD,Slatedale,Slatedale,PA
XSL,Slater,Slater,CO
AI9,Slater,Slater,IA
SVM,Slater,Slater,MO
SQX,Slater,Slater,SC
SLV,Slatersville,Slatersville,RI
RI8,Slaterville,Slaterville,RI
SVP,Slatington,Slatington,PA
XME,Slaton,Slaton,TX
UHT,Slaughter,Slaughter,LA
G9H,Slaughter Beach,Slaughter Beach,DE
SY8,Slayton,Slayton,MN
FLQ,Sledge,Sledge,MS
SI2,Sledge Island,Sledge Island,AK
SYE,Sleepy Eye,Sleepy Eye,MN
SO3,Sleepy Hollow,Sleepy Hollow,NY
SH9,Sleepy Hollow Manor,Sleepy Hollow Manor,NY
SLQ,Sleetmute,Sleetmute,AK
UYN,Slidell,Slidell,LA
IGE,Slinger,Slinger,WI
ZXS,Slingerlands,Slingerlands,NY
SVT,Slippery Rock,Slippery Rock,PA
NN6,Sloan,Sloan,NV
OTB,Sloatsburg,Sloatsburg,NY
UXM,Slocum,Slocum,RI
SK4,Smackover,Smackover,AR
8PT,Small Point,Small Point,ME
RQA,Smarr,Smarr,GA
SDB,Smartt,Smartt,TN
YSV,Smelterville,Smelterville,ID
TTH,Smethport,Smethport,PA
8YK,Smith,Smith,KY
9SC,Smith Center,Smith Center,KS
SCJ,Smith Cove,Smith Cove,AK
IXR,Smith River,Smith River,CA
SM5,Smithfield,Smithfield,IL
SDE,Smithfield,Smithfield,KY
S9I,Smithfield,Smithfield,ME
SMF,Smithfield,Smithfield,NC
UYV,Smithfield,Smithfield,OH
SF3,Smithfield,Smithfield,PA
SFZ,Smithfield,Smithfield,RI
FTU,Smithfield,Smithfield,UT
SMT,Smithfield,Smithfield,VA
ZSM,Smiths,Smiths,NC
SDF,Smiths Creek,Smiths Creek,MI
SK6,Smiths Grove,Smiths Grove,KY
JHG,Smithsburg,Smithsburg,MD
TQQ,Smithton,Smithton,MO
T9A,Smithton,Smithton,MO
ITN,Smithton,Smithton,PA
STY,Smithtown,Smithtown,NY
SKH,Smithville,Smithville,AR
SMI,Smithville,Smithville,GA
XT8,Smithville,Smithville,MS
YSM,Smithville,Smithville,TN
S2V,"Smithville, Bastrop","Smithville, Bastrop",TX
QSM,"Smithville, Ritchie","Smithville, Ritchie",WV
IHV,"Smithville, Wayne","Smithville, Wayne",OH
QSQ,Smock,Smock,PA
KTW,Smoketown,Smoketown,PA
YSK,Smokey Point,Smokey Point,WA
O7T,Smoot,Smoot,WV
SDK,Smyrna,Smyrna,DE
SMY,Smyrna,Smyrna,GA
S7Y,Smyrna,Smyrna,NC
NYY,Smyrna,Smyrna,NY
MQY,Smyrna,Smyrna,TN
SDD,Snead,Snead,AL
QSD,Sneads,Sneads,FL
SKD,Sneads Ferry,Sneads Ferry,NC
SQY,Sneedville,Sneedville,TN
SEE,Snellville,Snellville,GA
SNI,Snohomish,Snohomish,WA
NQA,Snoqualmie,Snoqualmie,WA
A3Q,Snoqualmie Pass,Snoqualmie Pass,WA
V8S,Snover,Snover,MI
NSW,Snow Hill,Snow Hill,MD
XSW,Snow Hill,Snow Hill,NC
YWV,Snow Shoe,Snow Shoe,PA
4SN,Snowbird,Snowbird,UT
SFL,Snowflake,Snowflake,AZ
SM6,Snowmass,Snowmass,CO
SWM,Snowmass Village,Snowmass Village,CO
SN5,Snowshoe,Snowshoe,WV
SSN,Snyder,Snyder,NE
NYR,Snyder,Snyder,NY
NYD,Snyder,Snyder,OK
SNK,Snyder,Snyder,TX
SE3,Soap Lake,Soap Lake,WA
OCR,Social Circle,Social Circle,GA
SXS,Society Hill,Society Hill,SC
ONM,Socorro,Socorro,NM
XSR,Socorro,Socorro,TX
KQP,Soda Springs,Soda Springs,CA
YSS,Soda Springs,Soda Springs,ID
2SD,Soddy Daisy,Soddy Daisy,TN
XML,Soddy-Daisy,Soddy-Daisy,TN
SOB,Sodus,Sodus,MI
UYO,Sodus,Sodus,NY
SOD,Sodus Point,Sodus Point,NY
SZB,Solana Beach,Solana Beach,CA
JDG,Soldiers Grove,Soldiers Grove,WI
SXQ,Soldotna,Soldotna,AK
ZOL,Soledad,Soledad,CA
SOL,Solomon,Solomon,AK
SZO,Solomon,Solomon,KS
OMU,Solomons,Solomons,MD
SI5,Solon,Solon,IA
SO6,Solon,Solon,ME
SOO,Solon,Solon,OH
OLG,Solvang,Solvang,CA
OVA,Solvay,Solvay,NY
L4W,Solway,Solway,MN
SMV,Somerdale,Somerdale,NJ
TSF,Somers,Somers,CT
OFP,Somers,Somers,MT
OJS,Somers,Somers,NY
S5P,Somers Point,Somers Point,NJ
6ST,Somerset,Somerset,CA
OMT,Somerset,Somerset,CO
SME,Somerset,Somerset,KY
S73,Somerset,Somerset,LA
SS3,Somerset,Somerset,MA
SOJ,Somerset,Somerset,NJ
SZR,Somerset,Somerset,PA
SOZ,Somerset,Somerset,TX
OMP,Somerset,Somerset,WI
OFV,Somersville,Somersville,CT
SSX,Somersworth,Somersworth,NH
SN7,Somerton,Somerton,AZ
ILX,Somerville,Somerville,AL
UZB,Somerville,Somerville,MA
SOM,Somerville,Somerville,NJ
OMV,Somerville,Somerville,OH
QSV,Somerville,Somerville,TN
SSJ,Somis,Somis,CA
SM7,Somonauk,Somonauk,IL
QNI,Sonoita,Sonoita,AZ
SOY,Sonoma,Sonoma,CA
SOR,Sonora,Sonora,CA
KTY,Sonora,Sonora,KY
7TS,Sonora,Sonora,TX
QS3,Soperton,Soperton,GA
SAZ,Sophia,Sophia,NC
S9O,Sophia,Sophia,WV
SQQ,Soquel,Soquel,CA
OET,Sorrento,Sorrento,CA
RRN,Sorrento,Sorrento,FL
S9R,Sorrento,Sorrento,LA
9SO,Sorrento,Sorrento,ME
SOT,Souderton,Souderton,PA
A9B,South Abington,South Abington,PA
S6A,South Albany,South Albany,NY
ZZM,South Amboy,South Amboy,NJ
JSB,South Attleboro,South Attleboro,MA
S9B,South Baltimore,South Baltimore,MD
SB5,South Barre,South Barre,MA
UHB,South Barrington,South Barrington,IL
SOF,South Bay,South Bay,FL
BS6,South Beach,South Beach,OR
SBL,South Beloit,South Beloit,IL
SBN,South Bend,South Bend,IN
S3B,South Bend,South Bend,LA
ACJ,South Bend,South Bend,WA
ZYW,South Berwick,South Berwick,ME
HH4,South Bethlehem,South Bethlehem,NY
TBM,South Boardman,South Boardman,MI
SBC,South Boston,South Boston,MA
SOG,South Boston,South Boston,VA
S8B,South Bristol,South Bristol,ME
XLN,South Brunswick,South Brunswick,NJ
QSB,South Burlington,South Burlington,VT
CQ2,South Canaan,South Canaan,PA
OUL,South Charleston,South Charleston,OH
SCT,South Charleston,South Charleston,WV
OUS,South Chicago Heights,South Chicago Heights,IL
ODT,South Dartmouth,South Dartmouth,MA
SOI,South Dayton,South Dayton,NY
8DA,South Daytona,South Daytona,FL
DDF,South Deerfield,South Deerfield,MA
UHS,South Dennis,South Dennis,MA
QSN,South Easton,South Easton,MA
SDM,South El Monte,South El Monte,CA
SE2,South Elgin,South Elgin,IL
S3C,South Euclid,South Euclid,OH
QPZ,South Fallsburg,South Fallsburg,NY
SF4,South Fork,South Fork,PA
SGC,South Gate,South Gate,CA
OUG,South Gate,South Gate,FL
YSY,South Glastonbury,South Glastonbury,CT
JGF,South Glens Falls,South Glens Falls,NY
SOQ,South Grafton,South Grafton,MA
HKS,South Hackensack/New Jersey,South Hackensack/New Jersey,NJ
SYM,South Hadley,South Hadley,MA
ZYX,South Hamilton,South Hamilton,MA
ZJX,South Hampton,South Hampton,NH
SOH,South Haven,South Haven,MI
H77,South Haven,South Haven,MN
UYT,South Haven,South Haven,MS
UHA,South Heart,South Heart,ND
7HE,South Hero,South Hero,VT
SDO,South Hill,South Hill,VA
SUI,South Holland,South Holland,IL
HQU,South Houston,South Houston,TX
HHS,South Hutchinson,South Hutchinson,KS
3SJ,South Jamesport,South Jamesport,NY
SDR,South Johnson City,South Johnson City,TN
XSJ,South Jordan,South Jordan,UT
SK2,South Kearny,South Kearny,NJ
SK7,South Kent,South Kent,CT
S7K,South Kingstown,South Kingstown,RI
TVL,South Lake Tahoe,South Lake Tahoe,CA
S6H,South Lebanon,South Lebanon,OH
SDT,South Lee,South Lee,MA
TDY,South Londonderry,South Londonderry,VT
S6L,South Lyon,South Lyon,MI
XMF,South Miami,South Miami,FL
MR8,South Milford,South Milford,IN
AA9,South Mills,South Mills,NC
MK6,South Milwaukee,South Milwaukee,WI
WSN,South Naknek,South Naknek,AK
S88,South Natick,South Natick,MA
SON,South Norwalk,South Norwalk,CT
2OG,South Ogden,South Ogden,UT
THX,South Orange,South Orange,NJ
OZN,South Ozone Park,South Ozone Park,NY
PXD,South Padre Island,South Padre Island,TX
SSA,South Paris,South Paris,ME
S98,South Park,South Park,PA
SSD,South Pasadena,South Pasadena,CA
SSQ,South Pierce,South Pierce,FL
SWU,South Pittsburg,South Pittsburg,TN
SFD,South Plainfield,South Plainfield,NJ
N7Y,South Plymouth,South Plymouth,NY
SPH,South Point,South Point,OH
SOX,South Portland,South Portland,ME
S3P,South Prairie,South Prairie,WA
SSP,South Range,South Range,MI
SST,South River,South River,MO
SSE,South River,South River,NJ
SR3,South Rockwood,South Rockwood,MI
RXS,South Roxana,South Roxana,IL
YLN,South Royalton,South Royalton,VT
SPT,South Saint Paul,South Saint Paul,MN
TDQ,South Salem,South Salem,NY
S8K,South Salt Lake,South Salt Lake,UT
SYF,South San Francisco,South San Francisco,CA
SSH,South Shore,South Shore,KY
SSO,South Sioux City,South Sioux City,NE
S8S,South Solon,South Solon,OH
S2S,South Sumter,South Sumter,SC
9SA,South Thomaston,South Thomaston,ME
UT3,South Tucson,South Tucson,AZ
YSU,South Union,South Union,KY
SV8,South Vienna,South Vienna,OH
OUW,South Wales,South Wales,NY
QSW,South Walpole,South Walpole,MA
OHJ,South Wayne,South Wayne,WI
WWB,South Webster,South Webster,OH
S5W,South Wellfleet,South Wellfleet,MA
SW4,South West City,South West City,MO
NZW,South Weymouth,South Weymouth,MA
QHW,South Whitley,South Whitley,IN
IOH,South Willamsport,South Willamsport,PA
UWH,South Windham,South Windham,CT
SWX,South Windham,South Windham,ME
XMM,South Windsor,South Windsor,CT
XZR,South Windsor,South Windsor,NY
OUY,South Yarmouth,South Yarmouth,MA
TN6,Southampton,Southampton,MA
ZFJ,Southampton,Southampton,NJ
SSK,Southampton,Southampton,NY
SJL,Southampton,Southampton,PA
SSF,Southard,Southard,OK
SVQ,Southaven,Southaven,MS
SZV,Southborough,Southborough,MA
THD,Southbridge,Southbridge,MA
SBU,Southbury,Southbury,CT
SOP,Southern Pines,Southern Pines,NC
SFX,Southfield,Southfield,MA
SFJ,Southfield,Southfield,MI
TFS,Southfields,Southfields,NY
OUH,Southgate,Southgate,KY
SFA,Southgate,Southgate,MI
HH7,Southhaven,Southhaven,MS
SNG,Southington,Southington,CT
ZLE,Southlake,Southlake,TX
OUX,Southold,Southold,NY
UTP,Southport,Southport,CT
SP4,Southport,Southport,IN
P8R,Southport,Southport,ME
XMK,Southport,Southport,NC
UIK,Southside,Southside,AL
XMR,Southwark,Southwark,PA
W8S,Southwest Harbor,Southwest Harbor,ME
SW8,Southwest Pass,Southwest Pass,
9SW,Southwest Ranches,Southwest Ranches,FL
SZW,Southwick,Southwick,MA
SWY,Spanaway,Spanaway,WA
ISG,Spangle,Spangle,WA
SFU,Spanish Fork,Spanish Fork,UT
IFO,Spanish Fort,Spanish Fort,AL
ZUS,Spanish Springs,Spanish Springs,NV
SPM,Sparks,Sparks,GA
SRM,Sparks,Sparks,MD
KP3,Sparks,Sparks,NE
SPK,Sparks,Sparks,NV
FKG,Sparks Glencoe,Sparks Glencoe,MD
SVW,Sparrevohn,Sparrevohn,AK
PWU,Sparrow Bush,Sparrow Bush,NY
PPO,Sparrows Point,Sparrows Point,MD
AA5,Sparta,Sparta,GA
SAR,Sparta,Sparta,IL
SQH,Sparta,Sparta,MI
ZSR,Sparta,Sparta,NC
SZA,Sparta,Sparta,NJ
SPX,Sparta,Sparta,TN
CMY,Sparta,Sparta,WI
SPA,Spartanburg,Spartanburg,SC
SPB,Spartansburg,Spartansburg,PA
SPF,Spearfish,Spearfish,SD
OPM,Spearman,Spearman,TX
KRI,Spearville,Spearville,KS
QSP,Speed,Speed,IN
S8W,Speedway,Speedway,IN
7BA,Speedwell,Speedwell,TN
9SL,Spelter,Spelter,WV
SNX,Spenard,Spenard,AK
SPW,Spencer,Spencer,IA
RWQ,Spencer,Spencer,IN
SPR,Spencer,Spencer,MA
ECR,Spencer,Spencer,NC
SPC,Spencer,Spencer,NY
SPP,Spencer,Spencer,OH
QXC,Spencer,Spencer,TN
SC8,Spencer,Spencer,VA
SNZ,Spencer,Spencer,WI
WVP,Spencer,Spencer,WV
SP6,Spencerport,Spencerport,NY
S9P,Spencerville,Spencerville,IN
ECE,Spencerville,Spencerville,OH
EHY,Sperry,Sperry,OK
2SP,Sperryville,Sperryville,VA
ICE,Spiceland,Spiceland,IN
8SP,Spicer,Spicer,MN
SKV,Spicewood,Spicewood,TX
SK9,Spickard,Spickard,MO
LX8,Spillville,Spillville,IA
SEQ,Spindale,Spindale,NC
RTL,Spirit Lake,Spirit Lake,IA
PL8,Spirit Lake,Spirit Lake,ID
SUS,Spirit of Saint Louis Apt/Saint Louis,Spirit of Saint Louis Apt/Saint Louis,MO
SZ3,Spiritwood,Spiritwood,ND
SD8,Splendora,Splendora,TX
PFZ,Spofford,Spofford,NH
GEG,Spokane,Spokane,WA
PKV,Spokane Valley,Spokane Valley,WA
SPO,Spooner,Spooner,WI
SAW,Spotswood,Spotswood,NJ
XXO,Spotsylvania,Spotsylvania,VA
SP9,Spraggs,Spraggs,PA
ZZQ,Sprague,Sprague,WA
S89,Spragueville,Spragueville,IA
ABS,Spring,Spring,TX
NGA,Spring Arbor,Spring Arbor,MI
SB7,Spring Branch,Spring Branch,TX
UYL,Spring City,Spring City,PA
SGD,Spring City,Spring City,TN
IQI,Spring City,Spring City,UT
IGC,Spring Creek,Spring Creek,NV
QSG,Spring Green,Spring Green,WI
SG3,Spring Grove,Spring Grove,IL
PVM,Spring Grove,Spring Grove,MN
ZSG,Spring Grove,Spring Grove,PA
S3G,Spring Grove,Spring Grove,VA
SHI,Spring Hill,Spring Hill,FL
RGI,Spring Hill,Spring Hill,KS
IR3,Spring Hill,Spring Hill,TN
SRO,Spring Hope,Spring Hope,NC
SFH,Spring House,Spring House,PA
ZPL,Spring Lake,Spring Lake,MI
SL3,Spring Lake,Spring Lake,NC
SX7,Spring Lake,Spring Lake,NJ
RLH,Spring Lake Park,Spring Lake Park,MN
P7M,Spring Mills,Spring Mills,PA
SOS,Spring Park,Spring Park,MN
SPN,Spring Valley,Spring Valley,IL
JVJ,Spring Valley,Spring Valley,MN
GTX,Spring Valley,Spring Valley,TX
VYW,Spring Valley,Spring Valley,WI
SPV,"Spring Valley, Rockland","Spring Valley, Rockland",NY
PGY,"Spring Valley, San Diego","Spring Valley, San Diego",CA
SQO,Springboro,Springboro,OH
SPZ,Springdale,Springdale,AR
SRL,Springdale,Springdale,OH
SPD,Springdale,Springdale,PA
3SP,Springdale,Springdale,UT
AZV,Springerville,Springerville,AZ
SPI,Springfield,Springfield,IL
RNF,Springfield,Springfield,KY
SFY,Springfield,Springfield,MA
SFK,Springfield,Springfield,MD
IID,Springfield,Springfield,ME
SNF,Springfield,Springfield,MN
SGF,Springfield,Springfield,MO
S8P,Springfield,Springfield,NE
IED,Springfield,Springfield,NH
SFI,Springfield,Springfield,NJ
SGH,Springfield,Springfield,OH
SPY,Springfield,Springfield,OR
NGF,Springfield,Springfield,PA
IEZ,Springfield,Springfield,SC
IGI,Springfield,Springfield,SD
SRG,Springfield,Springfield,TN
SPG,Springfield,Springfield,VA
VSF,Springfield,Springfield,VT
SFG,Springfield Gardens,Springfield Gardens,NY
VSJ,"Springfield, Calhoun","Springfield, Calhoun",MI
SIQ,Springhill,Springhill,LA
RGK,Springhills,Springhills,OH
SGP,Springlake,Springlake,TX
SP7,"Springport, Jackson","Springport, Jackson",MI
SP8,Springtown,Springtown,TX
SG9,Springvale,Springvale,ME
SW9,Springview,Springview,NE
SPL,Springville,Springville,AL
SG8,Springville,Springville,CA
SG5,Springville,Springville,IA
IGL,Springville,Springville,NY
XMN,Springville,Springville,TN
SNU,Springville,Springville,UT
XPG,"Springville, Suffolk","Springville, Suffolk",NY
YSP,Sproul,Sproul,PA
UHD,Spruce Head,Spruce Head,ME
S4P,Spruce Pine,Spruce Pine,AL
SPU,Spruce Pine,Spruce Pine,NC
SU5,Spur,Spur,TX
UEC,Spurger,Spurger,TX
SQT,Squaw Valley,Squaw Valley,CA
S2M,St. Maries,St. Maries,ID
P4T,St. Petersburg,St. Petersburg,PA
GB8,Staatsburg,Staatsburg,NY
KSY,Stacy,Stacy,MN
TVX,Stacyville,Stacyville,IA
JCU,Stafford,Stafford,CT
VSZ,Stafford,Stafford,KS
XTF,Stafford,Stafford,NY
STD,Stafford,Stafford,TX
STB,Stafford,Stafford,VA
SFC,Stafford Springs,Stafford Springs,CT
V3R,Stain George,Stain George,VT
SZY,Staley,Staley,NC
TAI,Stallings,Stallings,NC
XLX,Stamford,Stamford,CT
SDJ,Stamford,Stamford,NY
STF,Stamford,Stamford,TX
7SF,Stamford,Stamford,VT
9SG,Stamping Ground,Stamping Ground,KY
STM,Stamps,Stamps,AR
TNB,Stanberry,Stanberry,MO
5SC,Standard,Standard,CA
TDH,Standish,Standish,ME
SH6,Standish,Standish,MI
TFD,Stanfield,Stanfield,AZ
SF5,Stanfield,Stanfield,NC
SF8,Stanfield,Stanfield,OR
TNQ,Stanford,Stanford,CA
TAN,Stanford,Stanford,KY
JDV,Stanfordville,Stanfordville,NY
STN,Stanhope,Stanhope,NJ
ST4,Stanley,Stanley,ID
UZA,Stanley,Stanley,NC
S5Y,Stanley,Stanley,ND
EYZ,Stanley,Stanley,NY
SYJ,Stanley,Stanley,VA
NYL,Stanley,Stanley,WI
SZT,Stanleytown,Stanleytown,VA
SR9,Stansbury park,Stansbury park,UT
STI,Stanton,Stanton,CA
S8D,Stanton,Stanton,DE
NZK,Stanton,Stanton,IA
SX8,Stanton,Stanton,KY
7ST,Stanton,Stanton,MI
SYN,Stanton,Stanton,MN
ZJA,Stanton,Stanton,MO
SO7,Stanton,Stanton,TN
STX,Stanton,Stanton,TX
2SB,Stantonsburg,Stantonsburg,NC
TV8,Stantonville,Stantonville,TN
S4V,Stanville,Stanville,KY
QTD,Stanwood,Stanwood,MI
SNW,Stanwood,Stanwood,WA
VVK,Staples,Staples,MN
VSQ,Stapleton,Stapleton,AL
TAE,Stapleton,Stapleton,GA
TPN,Stapleton,Stapleton,NE
S5R,Star,Star,ID
QSA,Star,Star,MS
YRX,Star,Star,NC
KTA,Star,Star,TX
5ST,Star City,Star City,AR
9SB,Starbuck,Starbuck,MN
XMU,Starke,Starke,FL
7SB,Starksboro,Starksboro,VT
SXK,Starkville,Starkville,MS
RL5,Starlight,Starlight,IN
XAR,Starr,Starr,SC
XMT,Startex,Startex,SC
SU2,Startup,Startup,WA
SCE,State College,State College,PA
TTI,Stateline,Stateline,NV
UYU,Staten Island,Staten Island,NY
TBR,Statesboro,Statesboro,GA
SVH,Statesville,Statesville,NC
ZIQ,Statesville,Statesville,VA
ST3,Statham,Statham,GA
UNT,Staunton,Staunton,IL
SHD,Staunton,Staunton,VA
SAY,Stayton,Stayton,OR
WSB,Steamboat Bay,Steamboat Bay,AK
SBS,Steamboat Springs,Steamboat Springs,CO
WBB,Stebbins,Stebbins,AK
YDM,Stedman,Stedman,NC
S5M,Steedman,Steedman,MO
SXI,Steele,Steele,AL
QTL,Steele,Steele,MO
NDZ,Steele,Steele,ND
VTS,Steeleville,Steeleville,IL
QQX,Steelton,Steelton,PA
QTV,Steelville,Steelville,MO
SGQ,Steger,Steger,IL
SIC,Steilacoom,Steilacoom,WA
TST,Stennis Space Center,Stennis Space Center,MS
ZSP,Stephen,Stephen,MN
4ST,Stephens,Stephens,VA
EPS,Stephenson,Stephenson,MI
TEP,Stephentown,Stephentown,NY
SEP,Stephenville,Stephenville,TX
SIG,Sterling,Sterling,AK
STK,Sterling,Sterling,CO
S9G,Sterling,Sterling,CT
SGI,Sterling,Sterling,IL
S8R,Sterling,Sterling,KS
XLS,Sterling,Sterling,MA
SKA,Sterling,Sterling,MI
RZF,Sterling,Sterling,ND
HZ3,Sterling,Sterling,OH
SEK,Sterling,Sterling,PA
SGV,Sterling,Sterling,VA
YTE,Sterling City,Sterling City,TX
SEH,Sterling Heights,Sterling Heights,MI
SQI,Sterling-Rockfalls Apt,Sterling-Rockfalls Apt,IL
SEX,Sterlington,Sterlington,LA
T67,Sterrett,Sterrett,AL
8TE,Stetson,Stetson,ME
9SE,Steuben,Steuben,ME
UYJ,Steubenville,Steubenville,OH
SS7,Stevens,Stevens,PA
STE,Stevens Point,Stevens Point,WI
SVS,Stevens Village,Stevens Village,AK
ZSB,Stevensburg,Stevensburg,VA
SJZ,Stevenson,Stevenson,AL
EVS,Stevenson,Stevenson,WA
S3H,Stevenson Ranch,Stevenson Ranch,CA
SVV,Stevensville,Stevensville,MD
SLW,Stevensville,Stevensville,MI
TES,Stevensville,Stevensville,MT
F8S,Stevinson,Stevinson,CA
TER,Stewart,Stewart,AL
TWT,Stewart,Stewart,AL
TWM,"Stewart, McLeod","Stewart, McLeod",MN
QTW,Stewartsville,Stewartsville,NJ
SV7,Stewartville,Stewartville,MN
SKT,Stickney,Stickney,IL
VVR,Stigler,Stigler,OK
LLM,Stillmore,Stillmore,GA
TIS,Stillwater,Stillwater,MN
VSW,Stillwater,Stillwater,NJ
IWZ,Stillwater,Stillwater,NY
IAK,Stillwater,Stillwater,OH
SWO,Stillwater,Stillwater,OK
TLZ,Stilwell,Stilwell,KS
QSL,Stilwell,Stilwell,OK
3SB,Stinson Beach,Stinson Beach,CA
TRG,Stirling,Stirling,NJ
S4T,Stittville,Stittville,NY
SKB,Stockbridge,Stockbridge,GA
TCB,Stockbridge,Stockbridge,MA
SKG,Stockbridge,Stockbridge,MI
KGB,Stockbridge,Stockbridge,VT
SD4,Stockdale,Stockdale,TX
STT,Stockertown,Stockertown,PA
TK9,Stockett,Stockett,MT
9HO,Stockholm,Stockholm,ME
TZK,Stockton,Stockton,AL
SCK,Stockton,Stockton,CA
9SK,Stockton,Stockton,GA
87O,Stockton,Stockton,IA
TC8,Stockton,Stockton,IL
S3T,Stockton,Stockton,KS
JSK,Stockton,Stockton,MO
ZOS,Stockton,Stockton,NJ
7SS,Stockton Springs,Stockton Springs,ME
8SO,Stoddard,Stoddard,NH
TDU,Stoddard,Stoddard,WI
KVE,Stokesdale,Stokesdale,NC
STO,Stone,Stone,SC
SUM,Stone Mountain,Stone Mountain,GA
OEK,Stone Park,Stone Park,IL
YYR,"Stone Ridge, Ulster","Stone Ridge, Ulster",NY
TOF,Stoneboro,Stoneboro,PA
STU,Stoneham,Stoneham,MA
8AM,Stoneham,Stoneham,ME
SHT,Stonehurst,Stonehurst,CA
STV,Stoneville,Stoneville,MS
SVX,Stoneville,Stoneville,NC
LA9,Stonewall,Stonewall,LA
SWL,Stonewall,Stonewall,MS
S9E,Stonewall,Stonewall,TX
XVS,Stonewood,Stonewood,WV
UP5,Stoney Fork,Stoney Fork,KY
SGN,Stonington,Stonington,CT
SN6,Stonington,Stonington,IL
SG4,Stonington,Stonington,ME
ZTY,Stony Brook,Stony Brook,NY
S5C,Stony Creek,Stony Creek,VA
YOT,Stony Point,Stony Point,NC
S8T,Stony Point,Stony Point,NY
NYI,"Stony Point, Rockland","Stony Point, Rockland",NY
DQE,Stony Ridge,Stony Ridge,OH
SRV,Stony River,Stony River,AK
SO9,Stookey,Stookey,IL
5DR,Storden,Storden,MN
SLB,Storm Lake,Storm Lake,IA
ZST,Stormville,Stormville,NY
S7R,Storrie,Storrie,CA
9ST,Storrs,Storrs,CT
ITY,Story City,Story City,IA
TZI,Stotts City,Stotts City,MO
SOU,Stoughton,Stoughton,MA
ZTN,Stoughton,Stoughton,WI
QUL,Stoutland,Stoutland,MO
S25,Stovall,Stovall,NC
MMN,Stow,Stow,MA
VOW,Stow,Stow,NY
SWT,Stow,Stow,OH
XTW,Stowe,Stowe,PA
MVL,Stowe,Stowe,VT
QST,Stoystown,Stoystown,PA
SFF,Strafford,Strafford,MO
8FF,Strafford,Strafford,NH
S8F,Strafford,Strafford,PA
S7D,Strafford,Strafford,VT
SNB,Strang,Strang,TX
SBG,Strasburg,Strasburg,OH
QQZ,Strasburg,Strasburg,PA
SRS,Strasburg,Strasburg,VA
9SF,Stratford,Stratford,CA
JSD,Stratford,Stratford,CT
SDZ,Stratford,Stratford,NJ
AHG,Stratford,Stratford,NY
ZTT,Stratford,Stratford,OK
3ST,Stratford,Stratford,TX
TFO,Stratford,Stratford,WI
SMH,Stratham,Stratham,NH
SMM,Strathmere,Strathmere,NJ
SMJ,Strathmore,Strathmore,CA
S8V,Strattanville,Strattanville,
ST5,Stratton,Stratton,OH
TIU,Stratton Mountain,Stratton Mountain,VT
UYY,Straughn,Straughn,IN
STW,Strausstown,Strausstown,PA
S2O,Strawberry,Strawberry,AR
YYB,Strawberry,Strawberry,CA
S9Y,Strawberry Plains,Strawberry Plains,TN
SP5,Strawberry Point,Strawberry Point,IA
SMW,Streamwood,Streamwood,IL
STR,Streator,Streator,IL
ST6,Street,Street,MD
SBH,Streetsboro,Streetsboro,OH
XMS,Strinestown,Strinestown,PA
SG6,Stringtown,Stringtown,OK
TAQ,Strong,Strong,AR
SXE,Strong,Strong,ME
QGN,Strongstown,Strongstown,PA
SSV,Strongsville,Strongsville,OH
SUD,Stroud,Stroud,OK
SDG,Stroudsburg,Stroudsburg,PA
UCT,Strum,Strum,WI
TRS,Struthers,Struthers,OH
KRT,Stryker,Stryker,OH
YKR,Strykersville,Strykersville,NY
SUA,Stuart,Stuart,FL
TZT,Stuart,Stuart,IA
ST2,Stuart,Stuart,VA
SSW,Stuart Island,Stuart Island,WA
TUD,Stuarts Draft,Stuarts Draft,VA
SCY,Studio City,Studio City,CA
TBI,Sturbridge,Sturbridge,MA
SUE,Sturgeon Bay,Sturgeon Bay,WI
TUG,Sturgis,Sturgis,KY
IRS,Sturgis,Sturgis,MI
S5G,Sturgis,Sturgis,MS
ZTI,Sturgis,Sturgis,SD
SRX,Sturtevant,Sturtevant,WI
VUR,Stuttgart,Stuttgart,AR
SGT,Stuttgart,Stuttgart,AR
S9U,Suamico,Suamico,WI
SB9,Sublette,Sublette,KS
SUZ,Sublimity,Sublimity,OR
SQJ,Succasunna,Succasunna,NJ
SUQ,Success,Success,MO
SDU,Sudan,Sudan,TX
SUR,Sudbury,Sudbury,MA
3SM,Sudlersville,Sudlersville,MD
SUJ,Suffern,Suffern,NY
XLV,Suffield,Suffield,CT
F7D,Suffield,Suffield,OH
SUF,Suffolk,Suffolk,VA
HJD,Sugar City,Sugar City,ID
SKX,Sugar Creek,Sugar Creek,MO
UGC,Sugar Creek,Sugar Creek,OH
S2G,Sugar Grove,Sugar Grove,IL
SGX,Sugar Grove,Sugar Grove,PA
UGH,Sugar Hill,Sugar Hill,GA
9SU,Sugar Hill,Sugar Hill,NH
SGR,Sugar Land,Sugar Land,TX
UGL,Sugar Loaf,Sugar Loaf,NY
S9N,Sugar Run,Sugar Run,PA
UGA,Sugar Valley,Sugar Valley,GA
ZSU,Sugarcreek,Sugarcreek,OH
TKB,Sugarland,Sugarland,MD
SIX,Suisun City,Suisun City,CA
SIL,Suitland,Suitland,MD
SUG,Sulligent,Sulligent,AL
ULI,Sullivan,Sullivan,IL
SIV,Sullivan,Sullivan,IN
9VA,Sullivan,Sullivan,ME
XSV,Sullivan,Sullivan,MO
ULV,Sullivan,Sullivan,NH
UVS,Sullivan,Sullivan,OH
UVT,Sullivan City,Sullivan City,TX
ULX,Sully,Sully,IA
SLP,Sulphur,Sulphur,LA
LPU,Sulphur,Sulphur,OK
UUS,Sulphur Springs,Sulphur Springs,AR
SLR,Sulphur Springs,Sulphur Springs,TX
ULN,Sultan,Sultan,WA
ULT,Sultana,Sultana,CA
ACF,Sumas,Sumas,WA
ASZ,Sumiton,Sumiton,AL
SU4,Summer Shade,Summer Shade,KY
URL,Summerdale,Summerdale,AL
FSF,Summerfield,Summerfield,FL
UME,Summerfield,Summerfield,NC
KSF,Summerfield,Summerfield,TX
SUH,Summerhill,Summerhill,PA
UMD,Summerland,Summerland,CA
SK3,Summerland Key,Summerland Key,FL
S3U,Summers,Summers,AR
SU8,Summerset,Summerset,IA
SWV,Summersville,Summersville,WV
UMR,Summerton,Summerton,SC
ZSE,Summerville,Summerville,GA
URV,Summerville,Summerville,PA
UZC,Summerville,Summerville,SC
UMM,Summit,Summit,AK
SMZ,Summit,Summit,AL
XMV,Summit,Summit,IL
ITG,Summit,Summit,IL
2MM,Summit,Summit,MS
UYX,Summit,Summit,NJ
SZS,Summit,Summit,PA
AAO,Summit,Summit,SC
SWP,Summit Point,Summit Point,WV
SM9,Summit Station,Summit Station,PA
VVL,Summitville,Summitville,IN
SVO,Summitville,Summitville,OH
SXG,Sumner,Sumner,GA
5SU,Sumner,Sumner,IA
S8U,Sumner,Sumner,ME
S5U,Sumner,Sumner,MS
UMN,Sumner,Sumner,TX
XMH,Sumner,Sumner,WA
S5N,Sumneytown,Sumneytown,PA
UAL,"Sumrall, Lamar","Sumrall, Lamar",MS
SSC,Sumter,Sumter,SC
UMV,Sumterville,Sumterville,FL
SCI,Sun City,Sun City,AZ
XZI,Sun City,Sun City,CA
SJY,Sun City,Sun City,FL
UNY,Sun City,Sun City,KS
SPE,Sun Prairie,Sun Prairie,WI
SUO,Sun River,Sun River,OR
SVY,Sun Valley,Sun Valley,CA
5SV,Sun Valley,Sun Valley,ID
JUV,Sun Valley,Sun Valley,NV
SUN,Sun Valley-Hailey Apt,Sun Valley-Hailey Apt,ID
KEP,Sunapee,Sunapee,NH
7SM,Sunburst,Sunburst,MT
SRZ,Sunbury,Sunbury,OH
SRJ,Sunbury,Sunbury,PA
SKQ,Suncook,Suncook,NH
SD5,Sundance,Sundance,UT
SUC,Sundance,Sundance,WY
5SR,Sunderland,Sunderland,MA
V87,Sunderland,Sunderland,VT
S5E,Sunfield,Sunfield,MI
JWR,Sunflower,Sunflower,MS
SND,Sunland,Sunland,CA
XSP,Sunland Park,Sunland Park,NM
SM3,Sunman,Sunman,IN
XSU,Sunny Isles,Sunny Isles,FL
SUT,Sunny Point,Sunny Point,NC
YUY,Sunny Side,Sunny Side,GA
SUY,Sunnyside,Sunnyside,WA
SS6,"Sunnyside, Queens","Sunnyside, Queens",NY
UNP,Sunnyslope,Sunnyslope,ID
SNN,Sunnyvale,Sunnyvale,CA
SVD,Sunnyvale,Sunnyvale,TX
UOL,Sunol,Sunol,CA
UNR,Sunray,Sunray,TX
XUN,Sunrise,Sunrise,FL
ZZZ,Sunrise Beach,Sunrise Beach,MO
SNC,Sunset,Sunset,CA
SU6,Sunset,Sunset,LA
SS4,Sunset,Sunset,UT
SBE,Sunset Beach,Sunset Beach,CA
S99,Sunset Beach,Sunset Beach,NC
UEA,Sunset Hills,Sunset Hills,MO
S8L,Sunset Valley,Sunset Valley,TX
SWE,Sunset Whitney Ranch,Sunset Whitney Ranch,CA
SHA,Sunshine,Sunshine,AL
9SH,Sunshine,Sunshine,LA
AZ3,Superior,Superior,AZ
9OQ,Superior,Superior,CO
UPR,Superior,Superior,NE
SUW,Superior,Superior,WI
ST8,Superior Township,Superior Township,MI
LQF,Supply Brunswick County,Supply Brunswick County,NC
SYX,Supreme,Supreme,LA
UIQ,Suquamish,Suquamish,WA
UIY,Surf City,Surf City,NC
SC5,Surf City,Surf City,NJ
FUF,Surfside,Surfside,FL
FBC,Surfside Beach,Surfside Beach,SC
SGO,Surgoinsville,Surgoinsville,TN
SGZ,Suring,Suring,WI
URS,Surprise,Surprise,AZ
RRU,Surrency,Surrency,GA
8RR,Surry,Surry,ME
QRY,Surry,Surry,VA
SVE,Susanville,Susanville,CA
UIT,Susitna,Susitna,AK
SH7,Susquehanna,Susquehanna,PA
UEX,Sussex,Sussex,NJ
SSY,Sussex,Sussex,WI
SV6,Sutersville,Sutersville,PA
UEN,Sutherland,Sutherland,NE
ZSD,Sutherland,Sutherland,VA
SLD,Sutherlin,Sutherlin,OR
ZIJ,Sutherlin,Sutherlin,VA
SMS,Sutter,Sutter,CA
XXK,Sutter Creek,Sutter Creek,CA
SXU,Sutton,Sutton,AK
TON,Sutton,Sutton,MA
S55,Sutton,Sutton,NE
8UT,Sutton,Sutton,NH
VMY,Sutton,Sutton,VT
SUP,Sutton,Sutton,WV
ZYY,Suttons Bay,Suttons Bay,MI
SVG,Suwanee,Suwanee,GA
S8E,Suwannee,Suwannee,FL
SWJ,Swainsboro,Swainsboro,GA
USW,Swampscott,Swampscott,MA
6SL,Swan Lake,Swan Lake,NY
SQ2,Swan Quarter,Swan Quarter,NC
VXA,Swan Valley,Swan Valley,ID
SNO,Swannanoa,Swannanoa,NC
IS9,Swans Island,Swans Island,ME
SW6,Swansea,Swansea,IL
AE5,Swansea,Swansea,MA
SS5,Swansea,Swansea,SC
SWQ,Swanton,Swanton,OH
SWA,Swanton,Swanton,VT
S3V,Swanville,Swanville,MN
SW5,Swanzey,Swanzey,NH
XWR,Swarthmore/Philadelphia,Swarthmore/Philadelphia,PA
SXZ,Swartz Creek,Swartz Creek,MI
SW7,Swatara,Swatara,PA
SDS,Swedesboro,Swedesboro,NJ
DXU,Sweeny,Sweeny,TX
SWG,Sweet Grass,Sweet Grass,MT
HOE,Sweet Home,Sweet Home,OR
SS9,Sweet Springs,Sweet Springs,MO
AAJ,Sweetwater,Sweetwater,FL
WW8,Sweetwater,Sweetwater,OK
WWE,Sweetwater,Sweetwater,TN
SWW,Sweetwater,Sweetwater,TX
SWZ,Swepsonville,Swepsonville,NC
XSN,Swifton,Swifton,AR
IWT,Swiftwater,Swiftwater,PA
JWI,Swisher,Swisher,IA
SWI,Swissvale,Swissvale,PA
S4W,Switz City,Switz City,IN
ZSW,Switzer,Switzer,WV
ZS2,Swoope,Swoope,VA
DSK,Swords Creek,Swords Creek,VA
S3Y,Sycamore,Sycamore,AL
YYC,Sycamore,Sycamore,GA
SYC,Sycamore,Sycamore,IL
ZIS,Sycamore,Sycamore,OH
YDY,Sydney,Sydney,ND
ZJF,Sykesville,Sykesville,MD
S6K,Sykesville,Sykesville,PA
SYU,Sylacauga,Sylacauga,AL
SYY,Sylmar,Sylmar,CA
SL6,Sylva,Sylva,NC
YNL,Sylvan Lake,Sylvan Lake,MI
YNX,Sylvania,Sylvania,AL
XMZ,Sylvania,Sylvania,GA
YL9,Sylvania,Sylvania,OH
SYV,Sylvester,Sylvester,GA
YMO,Symsonia,Symsonia,KY
SYQ,Syosset,Syosset,NY
SYZ,Syracuse,Syracuse,IN
YRA,Syracuse,Syracuse,NE
SYR,Syracuse,Syracuse,NY
YCS,Syracuse,Syracuse,OH
JAU,Syracuse,Syracuse,UT
TAB,Tabb,Tabb,VA
TBQ,Tabernacle,Tabernacle,NJ
TA4,Tabernash,Tabernash,CO
XNC,Tabor,Tabor,IA
TB3,Tabor,Tabor,SD
QTB,Tabor City,Tabor City,NC
TIW,Tacoma,Tacoma,WA
TCH,Taconite Harbor,Taconite Harbor,MN
TF2,Taft,Taft,CA
TFT,Taft,Taft,LA
8AF,Taft,Taft,TX
TF4,"Taft, Orange","Taft, Orange",FL
TFX,Tafton,Tafton,PA
TFV,Taftsville,Taftsville,VT
TAF,Taftville,Taftville,CT
TGU,Tahlequah,Tahlequah,OK
HNE,Tahneta Pass Lodge,Tahneta Pass Lodge,AK
TAC,Tahoe City,Tahoe City,CA
TAH,Tahoka,Tahoka,TX
AQK,Tahoma,Tahoma,CA
TA3,Tahuya,Tahuya,WA
ZAO,Taintor,Taintor,IA
ZIV,Takoma Park,Takoma Park,MD
TCT,Takotna,Takotna,AK
TKL,Taku Lodge,Taku Lodge,AK
TNT,Talbott,Talbott,TN
TC7,Talco,Talco,TX
YTL,Talent,Talent,OR
TA2,Talihina,Talihina,OK
TKA,Talkeetna,Talkeetna,AK
TBB,Talla Bena,Talla Bena,LA
ASN,Talladega,Talladega,AL
TLH,Tallahassee,Tallahassee,FL
TAA,Tallapoosa,Tallapoosa,GA
YTA,"Tallassee, Elmore","Tallassee, Elmore",AL
TA9,Talleyrand,Talleyrand,FL
TV3,Talleyville,Talleyville,DE
TMG,Tallmadge,Tallmadge,OH
TAK,Tallman,Tallman,NY
TAU,Tallulah,Tallulah,LA
TLO,Talmo,Talmo,GA
TAM,Tama,Tama,IA
TMQ,Tamaqua,Tamaqua,PA
TRK,Tamarac,Tamarac,FL
TMM,Tamms,Tamms,IL
TPA,Tampa,Tampa,FL
TK8,Tampa,Tampa,KS
TM3,Tampa,Tampa,KS
TMK,Tampico,Tampico,IL
XTS,Tams,Tams,WV
RMX,Tamworth,Tamworth,NH
TSG,Tanacross,Tanacross,AK
TBJ,Tanaga Bay,Tanaga Bay,AK
TPO,Tanalian Point,Tanalian Point,AK
TAL,Tanana,Tanana,AK
TFY,Taneytown,Taneytown,MD
ZTG,Tangent,Tangent,OR
NNR,Tanner,Tanner,AL
T7V,Tannersville,Tannersville,NY
TQV,Tannersville,Tannersville,PA
TQX,Taopi,Taopi,MN
TSM,Taos,Taos,NM
TKV,Tappahannock,Tappahannock,VA
TAP,Tappan,Tappan,NY
TPD,Tappen,Tappen,ND
TQH,Tar Heel,Tar Heel,NC
UZD,Tarboro,Tarboro,NC
TTM,Tarentum,Tarentum,PA
FF9,Tariffville,Tariffville,CT
TK5,Tarkio,Tarkio,MO
ZIU,Tarpon Spings,Tarpon Spings,FL
ZKL,Tarpon Springs,Tarpon Springs,FL
TNW,Tarrant,Tarrant,AL
TWZ,Tarrytown,Tarrytown,NY
TZN,Tarzan,Tarzan,TX
TZR,Tarzana,Tarzana,CA
TZY,Tasley,Tasley,VA
TLJ,Tatalina,Tatalina,AK
AY6,Tatamy,Tatamy,PA
TTE,Tate,Tate,GA
TEK,Tatitlek,Tatitlek,AK
TDI,Tatoosh Island,Tatoosh Island,WA
TTU,Tatum,Tatum,SC
TZU,Tatum,Tatum,TX
TNS,Taunton,Taunton,MA
9TA,Tauton,Tauton,MA
TAV,Tavares,Tavares,FL
TNE,Tavernier,Tavernier,FL
KS6,Tavistock,Tavistock,NJ
TWY,Tawas City,Tawas City,MI
TWE,Taylor,Taylor,AK
TYZ,Taylor,Taylor,AZ
HQ7,Taylor,Taylor,LA
XNE,Taylor,Taylor,MI
TJO,Taylor,Taylor,MO
YLJ,Taylor,Taylor,MS
TY4,Taylor,Taylor,NE
TYP,Taylor,Taylor,PA
TYT,Taylor,Taylor,TX
TAO,Taylor,Taylor,WI
YLI,Taylor Mill,Taylor Mill,KY
4TR,Taylor Ridge,Taylor Ridge,IL
TYQ,Taylors,Taylors,SC
XYV,Taylorsville,Taylorsville,GA
YID,Taylorsville,Taylorsville,IN
YLV,Taylorsville,Taylorsville,KY
TYV,Taylorsville,Taylorsville,MS
TYN,Taylorsville,Taylorsville,NC
TYC,Taylorsville,Taylorsville,UT
TBD,Taylorville,Taylorville,IL
ZWE,Tazewell,Tazewell,GA
TZW,Tazewell,Tazewell,TN
TZV,Tazewell,Tazewell,VA
UTA,Tchula,Tchula,MS
TIF,Tea,Tea,SD
T9C,Teachey,Teachey,NC
UG2,Teague,Teague,TX
TEA,Teaneck,Teaneck,NJ
TS3,Teays,Teays,WV
TEC,Tecate,Tecate,CA
TVP,Tecopa,Tecopa,CA
TCU,Tecumseh,Tecumseh,KS
TZZ,Tecumseh,Tecumseh,MI
TMZ,Tecumseh,Tecumseh,MO
T7E,Tecumseh,Tecumseh,NE
TCE,Tecumseh,Tecumseh,OK
TCQ,Tega Cay,Tega Cay,SC
TSP,Tehachapi,Tehachapi,CA
TMH,Tekamah,Tekamah,NE
TKO,Tekoa,Tekoa,WA
TS2,Tekonsha,Tekonsha,MI
TEF,Telford,Telford,PA
FOF,Telford,Telford,TN
TLF,Telida,Telida,AK
TEL,Tell City,Tell City,IN
TLA,Teller,Teller,AK
KTS,Teller Mission,Teller Mission,AK
TPI,Tellico Plains,Tellico Plains,TN
QTR,Telluride,Telluride,CO
TLG,Telogia,Telogia,FL
TMC,Temecula,Temecula,CA
TPE,Tempe,Tempe,AZ
TEV,Temperance,Temperance,MI
TEM,Temperanceville,Temperanceville,VA
TML,Temple,Temple,GA
8MP,Temple,Temple,ME
9TP,Temple,Temple,NH
TMP,Temple,Temple,PA
TPL,Temple,Temple,TX
TCI,Temple City,Temple City,CA
THH,Temple Hills,Temple Hills,MD
TJT,Temple Terrace,Temple Terrace,FL
TT6,Templeton,Templeton,CA
TT4,Templeton,Templeton,IA
6MP,Templeton,Templeton,MA
TME,Ten Mile,Ten Mile,TN
TSL,Ten Sleep,Ten Sleep,WY
TNF,Tenafly,Tenafly,NJ
T4X,Tenaha,Tenaha,TX
TKE,Tenakee Springs,Tenakee Springs,AK
ZNH,Tenants Harbour,Tenants Harbour,ME
TQI,Tenino,Tenino,WA
TEN,Tennent,Tennent,NJ
5LL,Tennessee,Tennessee,IL
TJC,Tennessee Colony,Tennessee Colony,TX
ZFK,Tennessee Ridge,Tennessee Ridge,TN
ELE,Tennille,Tennille,GA
TEU,Tequesta,Tequesta,FL
TL5,Terlingua,Terlingua,TX
TIY,Terminal Island,Terminal Island,CA
RR9,Terra Alta,Terra Alta,WV
VVC,Terra Bella,Terra Bella,CA
Z2T,Terre Haute,Terre Haute,IL
HUF,Terre Haute,Terre Haute,IN
TRD,Terre Hill,Terre Hill,PA
NJQ,Terrebonne,Terrebonne,OR
TEE,Terrell,Terrell,TN
TRL,Terrell,Terrell,TX
TOM,Terreton,Terreton,ID
QTY,Terry,Terry,MS
TYW,Terrytown,Terrytown,LA
TZX,Terryville,Terryville,CT
Q6T,Tesuque,Tesuque,NM
TEB,Teterboro,Teterboro,NJ
TEH,Tetlin,Tetlin,AK
TET,Teton Village,Teton Village,WY
TTX,Teutopolis,Teutopolis,IL
TEW,Tewksbury,Tewksbury,MA
TW9,Tewksbury,Tewksbury,NJ
TXK,Texarkana,Texarkana,AR
TEX,Texarkana,Texarkana,TX
TXA,Texas,Texas,MD
TXT,Texas City,Texas City,TX
T2X,Texhoma,Texhoma,OK
TX5,Texico,Texico,IL
THK,Thacker,Thacker,WV
QVL,Thackerville,Thackerville,OK
ZTH,Thatcher,Thatcher,AR
YUZ,Thatcher,Thatcher,AZ
TAY,Thayer,Thayer,KS
TXY,Thayer,Thayer,MO
TY8,Thayne,Thayne,WY
CY2,The Colony,The Colony,TX
DLS,The Dalles,The Dalles,OR
TH7,The Hills,The Hills,TX
TP9,The Plains,The Plains,VA
RKG,The Rock,The Rock,GA
VGZ,The Villages,The Villages,FL
THW,The Woodlands,The Woodlands,TX
TDF,Thedford,Thedford,NE
OJL,Thenard,Thenard,CA
TEO,Theodore,Theodore,AL
TQE,Theresa,Theresa,NY
TRE,Theresa,Theresa,WI
TRM,Thermal,Thermal,CA
THP,Thermopolis,Thermopolis,WY
UUD,Thetford,Thetford,VT
THI,Thibodaux,Thibodaux,LA
TVF,Thief River Falls,Thief River Falls,MN
TSV,Thiensville,Thiensville,WI
TXM,Thomas,Thomas,OK
TM2,Thomas,Thomas,WV
TH9,Thomasboro,Thomasboro,IL
THO,Thomaston,Thomaston,CT
THS,Thomaston,Thomaston,GA
TSK,Thomaston,Thomaston,ME
TVM,Thomasville,Thomasville,AL
TVI,Thomasville,Thomasville,GA
TVE,Thomasville,Thomasville,NC
TMV,Thomasville,Thomasville,PA
3TH,Thompson,Thompson,CT
TPF,Thompson,Thompson,IA
TO5,Thompson,Thompson,MO
TPJ,Thompson,Thompson,ND
TPS,Thompson,Thompson,OH
THF,Thompson Falls,Thompson Falls,MT
THM,Thompsonfield,Thompsonfield,MO
T9H,Thompsons,Thompsons,TX
TVT,Thompsons Station,Thompsons Station,TN
TPW,Thompsontown,Thompsontown,PA
THL,Thompsonville,Thompsonville,MI
OVJ,Thompsonville,Thompsonville,NY
TSJ,Thomson,Thomson,GA
TXN,Thomson,Thomson,IL
TOS,Thonotosassa,Thonotosassa,FL
THR,Thorndale,Thorndale,PA
RN6,Thorndale,Thorndale,TX
KTB,Thorne Bay,Thorne Bay,AK
TNN,Thornton,Thornton,CA
THT,Thornton,Thornton,CO
THQ,Thornton,Thornton,IL
TH5,Thornton,Thornton,NH
TWV,Thornton,Thornton,WV
TVH,Thornville,Thornville,OH
NYT,Thornwood,Thornwood,NY
TRF,Thorofare,Thorofare,NJ
TP6,Thorp,Thorp,CO
TJP,Thorp,Thorp,WA
TQP,Thorp,Thorp,WI
TB2,Thorsby,Thorsby,AL
JTO,Thousand Oaks,Thousand Oaks,CA
UNG,Thousand Palms,Thousand Palms,CA
TH2,Thrall,Thrall,TX
THE,Three Bridges,Three Bridges,NJ
TFK,Three Forks,Three Forks,MT
QTF,Three Forks Junction,Three Forks Junction,MT
QTK,Three Lakes,Three Lakes,WI
OI7,Three Oaks,Three Oaks,MI
TR8,Three Rivers,Three Rivers,CA
TRJ,Three Rivers,Three Rivers,MA
HAI,Three Rivers,Three Rivers,MI
XTV,Three Rivers,Three Rivers,TX
T3W,Three Way,Three Way,TN
TH6,Throckmorton,Throckmorton,TX
TPY,Throop,Throop,PA
TMF,Thurman,Thurman,OH
TH4,Thurmond,Thurmond,NC
URM,Thurmont,Thurmont,MD
TQS,Thurston,Thurston,NE
XTN,Tiburon,Tiburon,CA
TIC,Ticonderoga,Ticonderoga,NY
TDE,Tierra Verde,Tierra Verde,FL
3TF,Tiffin,Tiffin,IA
TFN,Tiffin,Tiffin,OH
TMA,Tifton,Tifton,GA
TID,Tigard,Tigard,OR
TG9,Tiger,Tiger,GA
TGR,Tigerton,Tigerton,WI
TGL,Tignall,Tignall,GA
TIJ,Tijeras,Tijeras,NM
KTH,Tikchik,Tikchik,AK
T4D,Tilden,Tilden,NE
TD8,Tilden,Tilden,TX
TLM,Tillamook,Tillamook,OR
ZTR,Tillar,Tillar,AR
IAT,Tillatoba,Tillatoba,MS
TIQ,Tillery,Tillery,NC
TL8,Tillson,Tillson,NY
TT3,Tilton,Tilton,IL
TL2,Tilton,Tilton,NH
IVC,Tiltonsville,Tiltonsville,OH
TL3,Timber Lake,Timber Lake,SD
TLE,Timberlake,Timberlake,NC
TMB,Timberville,Timberville,VA
XTE,Timmonsville,Timmonsville,SC
TIM,Timnath,Timnath,CO
TUM,Timonium,Timonium,MD
TT5,Timpson,Timpson,TX
TNC,Tin City,Tin City,AK
YTB,Tinker Air Force Base,Tinker Air Force Base,OK
TNL,Tinley Park,Tinley Park,IL
TIN,Tinton Falls,Tinton Falls,NJ
TGA,Tioga,Tioga,LA
VEX,Tioga,Tioga,ND
TIG,Tioga,Tioga,PA
NS4,Tioga,Tioga,TX
TQT,Tionesta,Tionesta,PA
UZE,Tipp City,Tipp City,OH
TPQ,Tippecanoe,Tippecanoe,IN
TPT,Tipton,Tipton,CA
TT2,Tipton,Tipton,IA
TII,Tipton,Tipton,IN
TP7,Tipton,Tipton,KS
TP5,Tipton,Tipton,MO
TTP,Tipton,Tipton,PA
TPV,Tiptonville,Tiptonville,TN
TY3,Tisbury,Tisbury,MA
THJ,Tishomingo,Tishomingo,MS
TSI,Tishomingo,Tishomingo,OK
TKW,Tiskilwa,Tiskilwa,IL
TIX,Titusville,Titusville,FL
TIT,Titusville,Titusville,PA
TIV,Tiverton,Tiverton,RI
T23,Tivoli,Tivoli,NY
TXV,Toano,Toano,VA
TQO,Tobaccoville,Tobaccoville,NC
TBP,Tobyhanna,Tobyhanna,PA
TOC,Toccoa,Toccoa,GA
7OD,Todd,Todd,NC
TDV,Toddville,Toddville,NC
TGK,Togiak,Togiak,AK
GFB,Togiak Fish,Togiak Fish,AK
TOG,Togiak Village,Togiak Village,AK
TKJ,Tok,Tok,AK
TKI,Tokeen,Tokeen,AK
KIP,Tokio,Tokio,TX
OOK,Toksook Bay,Toksook Bay,AK
TXS,Tolar,Tolar,TX
TED,Toleda,Toleda,IA
I9W,Toledo,Toledo,IA
TQD,Toledo,Toledo,IL
TOL,Toledo,Toledo,OH
TDX,Toledo,Toledo,OR
TDO,Toledo,Toledo,WA
TLD,Tolland,Tolland,CT
OLQ,Tolleson,Tolleson,AZ
TZL,Tolley,Tolley,ND
KUO,Tolono,Tolono,IL
TLU,Toluca,Toluca,IL
TQL,Toluca Lake,Toluca Lake,CA
TQB,Tom Bean,Tom Bean,TX
QTH,Tomah,Tomah,WI
TMW,Tomahawk,Tomahawk,WI
TOB,Tomball,Tomball,TX
TBS,Tombstone,Tombstone,AZ
YTO,Tomhicken,Tomhicken,PA
TKN,Tomkins Cove,Tomkins Cove,NY
TPM,Tompkinsville,Tompkinsville,KY
MJX,Toms River,Toms River,NJ
TKT,Tonasket,Tonasket,WA
UZF,Tonawanda,Tonawanda,NY
TN2,Toney,Toney,AL
TN3,Tonganoxie,Tonganoxie,KS
QTO,Tonica,Tonica,IL
TOK,Tonkawa,Tonkawa,OK
TOH,Tonopah,Tonopah,AZ
TPH,Tonopah,Tonopah,NV
TW7,Tontitown,Tontitown,AR
TY5,Tony,Tony,WI
TOO,Tooele,Tooele,UT
TO2,Toomsboro,Toomsboro,GA
TGP,Topanga,Topanga,CA
TQK,Topeka,Topeka,IL
TPK,Topeka,Topeka,IN
TOP,Topeka,Topeka,KS
TPP,Toppenish,Toppenish,WA
V27,Topping,Topping,VA
TF3,Topsfield,Topsfield,MA
T8F,Topsfield,Topsfield,ME
TSH,Topsham,Topsham,ME
VOH,Topsham,Topsham,VT
XNF,Topton,Topton,PA
Q5V,Toquerville,Toquerville,UT
QTN,Tornillo,Tornillo,TX
3TT,Toronto,Toronto,KS
TOD,Toronto,Toronto,OH
TOA,Torrance,Torrance,CA
QRR,Torreon,Torreon,NM
TR2,Torrey,Torrey,UT
TGT,Torrington,Torrington,CT
TOR,Torrington,Torrington,WY
TOT,Totowa,Totowa,NJ
TTV,"Tottenville, Staten Island","Tottenville, Staten Island",NY
TH8,Touchet,Touchet,WA
ZTU,Toughkenamon,Toughkenamon,PA
TU9,Toulon,Toulon,IL
T5W,Tow,Tow,TX
TWJ,Towaco,Towaco,NJ
TWK,Towanda,Towanda,KS
TOW,Towanda,Towanda,PA
TW8,Tower,Tower,MN
TWC,Tower City,Tower City,PA
TO7,Tower Lakes,Tower Lakes,IL
TC4,Town and Country,Town and Country,MO
TC2,Town Creek,Town Creek,AL
TXW,Townsend,Townsend,DE
TQW,Townsend,Townsend,GA
TWB,Townsend,Townsend,MA
TSD,Townshend,Townshend,VT
WP2,Township of Woolwich,Township of Woolwich,NJ
TWS,Towson,Towson,MD
TC9,Trabuco Canyon,Trabuco Canyon,CA
TRC,Tracy,Tracy,CA
TY2,Tracy,Tracy,MN
TR3,Tracys Landing,Tracys Landing,MD
TFG,Trafalgar,Trafalgar,IN
7TR,Trafford,Trafford,AL
TFF,Trafford,Trafford,PA
TRA,Trainer,Trainer,PA
TFR,Transfer,Transfer,PA
TZ4,Trappe,Trappe,MD
TP4,Trappe,Trappe,PA
XNJ,Travelers Rest,Travelers Rest,SC
TVY,Traver,Traver,CA
TVC,Traverse City,Traverse City,MI
VFB,Travis Air Force Base,Travis Air Force Base,CA
EUA,Treasure Island,Treasure Island,FL
TSU,Treasure Island/Los Angeles,Treasure Island/Los Angeles,CA
TRP,Tree Point,Tree Point,AK
TG8,Trego,Trego,MT
TR9,Tremont,Tremont,IL
TMX,Tremont,Tremont,MS
TOX,Tremont,Tremont,PA
TRT,Tremonton,Tremonton,UT
T2R,Trempealeau,Trempealeau,WI
TZE,Trent,Trent,SD
TNR,Trenton,Trenton,CA
TOE,Trenton,Trenton,FL
ZJO,Trenton,Trenton,GA
TEQ,Trenton,Trenton,IL
TXE,Trenton,Trenton,KY
YTR,Trenton,Trenton,LA
T5N,Trenton,Trenton,ME
XNG,Trenton,Trenton,MI
TRX,Trenton,Trenton,MO
TNZ,Trenton,Trenton,NC
TTN,Trenton,Trenton,NJ
TNX,Trenton,Trenton,OH
XTO,Trenton,Trenton,SC
TRN,Trenton,Trenton,TN
T6N,Trenton,Trenton,TX
TR5,Trenton,Trenton,UT
8YI,Tres Pinos,Tres Pinos,CA
8TR,Trevett,Trevett,ME
ZJB,Trevilians,Trevilians,VA
TVO,Trevor,Trevor,WI
TVR,Trevorton,Trevorton,PA
TVS,Trevose,Trevose,PA
TDP,Triadelphia,Triadelphia,WV
TNV,Triangle,Triangle,VA
YTC,Tri-Cities,Tri-Cities,WA
TRI,Tri-Cities Regional Airport,Tri-Cities Regional Airport,TN
II9,Trilla,Trilla,IL
AK4,Trinidad,Trinidad,CA
TAD,Trinidad,Trinidad,CO
9TD,Trinidad,Trinidad,TX
QTI,Trinity,Trinity,AL
TT7,Trinity,Trinity,MS
TIR,Trinity,Trinity,NC
INZ,Trinity,Trinity,TX
TYK,Trinity Park,Trinity Park,NC
TNG,Trion,Trion,GA
TIP,Tripp,Tripp,SD
TRH,Trona,Trona,CA
TR7,Trophy Club,Trophy Club,TX
TRO,Trotwood,Trotwood,OH
TXP,Troup,Troup,TX
TZQ,Trout Creek,Trout Creek,MT
TCR,Trout Creek,Trout Creek,NY
TQU,Trout Lake,Trout Lake,WA
TRR,Trout River,Trout River,NY
TTD,Troutdale,Troutdale,OR
TRZ,Troutman,Troutman,NC
UZG,Troutville,Troutville,VA
TOI,Troy,Troy,AL
TOJ,Troy,Troy,ID
TGY,Troy,Troy,IL
OYY,Troy,Troy,IN
T77,Troy,Troy,KS
TOY,Troy,Troy,ME
TYM,Troy,Troy,MI
TYU,Troy,Troy,MO
TYI,Troy,Troy,MS
TM8,Troy,Troy,MT
TYX,Troy,Troy,NC
T6Y,Troy,Troy,NH
TRY,Troy,Troy,NY
TYH,Troy,Troy,OH
YTY,Troy,Troy,PA
TTY,Troy,Troy,TN
TQZ,Troy,Troy,TX
TYO,Troy,Troy,VA
TCY,Troy,Troy,VT
TYG,Troy Grove,Troy Grove,IL
TMS,Troy Mills,Troy Mills,IA
TKF,Truckee,Truckee,CA
M6I,Truesdale,Truesdale,MO
TUA,Truman,Truman,MN
TMN,Trumann,Trumann,AR
T9R,Trumansburg,Trumansburg,NY
TBV,Trumbauersville,Trumbauersville,PA
TBL,Trumbull,Trumbull,CT
UUL,Trumbull,Trumbull,NE
TXO,Truro,Truro,MA
TRU,Trussville,Trussville,AL
TCS,Truth Or Consequences,Truth Or Consequences,NM
ZNT,Tryon,Tryon,NC
TWL,Tualatin,Tualatin,OR
TBC,Tuba City,Tuba City,AZ
TBZ,Tubac,Tubac,AZ
XTY,Tuckahoe,Tuckahoe,NY
ZSQ,Tucker,Tucker,AR
TUC,Tucker,Tucker,GA
DDA,Tuckerman,Tuckerman,AR
TN5,Tuckerton,Tuckerton,NJ
TUZ,Tucson,Tucson,AZ
TUS,Tucson International Apt,Tucson International Apt,AZ
TCC,Tucumcari,Tucumcari,NM
TJN,Tujunga,Tujunga,CA
TUK,Tukwila,Tukwila,WA
UQQ,Tulalip,Tulalip,WA
TLR,Tulare,Tulare,CA
TLL,Tulelake,Tulelake,CA
TIA,Tulia,Tulia,TX
THA,Tullahoma,Tullahoma,TN
TLY,Tully,Tully,NY
TTW,Tullytown,Tullytown,PA
TUL,Tulsa,Tulsa,OK
RVS,Tulsa,Tulsa,OR
TLT,Tuluksak,Tuluksak,AK
TUW,Tumwater,Tumwater,WA
7TU,Tunbridge,Tunbridge,VT
TNI,Tunica,Tunica,MS
TKK,Tunkhannock,Tunkhannock,PA
TUI,Tunnel City,Tunnel City,WI
XNI,Tunnel Hill,Tunnel Hill,GA
WTL,Tuntutuliak,Tuntutuliak,AK
TNK,Tununak,Tununak,AK
TL4,Tuolumne,Tuolumne,CA
TUP,Tupelo,Tupelo,MS
TP3,Tupman,Tupman,CA
TP2,Tupper Lake,Tupper Lake,NY
TUQ,Turkey,Turkey,NC
TKR,Turkey,Turkey,TX
TLK,Turlock,Turlock,CA
TNM,Turner,Turner,ME
TUR,Turner,Turner,MT
YTU,Turner,Turner,OR
M4U,Turners Falls,Turners Falls,MA
TUO,Turners Station,Turners Station,KY
TUE,Turnersville,Turnersville,NJ
TLC,Turtle Creek,Turtle Creek,PA
TL6,Turtle Lake,Turtle Lake,ND
TTK,Turtle Lake,Turtle Lake,WI
T2N,Tusayan,Tusayan,AZ
TCL,Tuscaloosa,Tuscaloosa,AL
TS8,Tuscan,Tuscan,MS
TT9,Tuscan,Tuscan,NY
TU2,Tuscarora,Tuscarora,NV
TZC,Tuscarora,Tuscarora,PA
XNH,Tuscola,Tuscola,IL
TSC,Tuscumbia,Tuscumbia,AL
TGE,Tuskegee,Tuskegee,AL
TUN,Tustin,Tustin,CA
TT8,Tuttle,Tuttle,OK
TUT,Tutwiler,Tutwiler,MS
TXD,Tuxedo,Tuxedo,MD
XND,Tuxedo Park,Tuxedo Park,NY
WNC,Tuxekan Island,Tuxekan Island,AK
TW3,Twelve Mile,Twelve Mile,IN
TNP,Twentynine Palms,Twentynine Palms,CA
TWN,Twin City,Twin City,GA
TWF,Twin Falls,Twin Falls,ID
TWA,Twin Hills,Twin Hills,AK
TW2,Twin Lake,Twin Lake,MI
TVV,Twin Lakes,Twin Lakes,WI
8WN,Twin Mountain,Twin Mountain,NH
2RK,Twin Rocks,Twin Rocks,PA
TBG,Twinsburg,Twinsburg,OH
TWI,Twisp,Twisp,WA
THB,Two Harbors,Two Harbors,MN
TWR,Two Rivers,Two Rivers,WI
TYA,Ty Ty,Ty Ty,GA
ZYI,Tybee Island,Tybee Island,GA
TQY,Tye,Tye,TX
TE8,Tyee,Tyee,AK
TYL,Tyler,Tyler,AL
TLX,Tyler,Tyler,MN
TYR,Tyler,Tyler,TX
TP8,Tylersport,Tylersport,PA
TTQ,Tylertown,Tylertown,MS
TJF,Tyndall AFB,Tyndall AFB,FL
YNR,Tyner,Tyner,NC
TG2,Tyngsboro,Tyngsboro,MA
TYE,Tyonek,Tyonek,AK
TYJ,Tyro,Tyro,VA
TYF,Tyrone,Tyrone,GA
TYB,Tyrone,Tyrone,NM
XNK,Tyrone,Tyrone,PA
T9Y,Tysons Corner,Tysons Corner,VA
UBY,Ubly,Ubly,MI
UGI,Uganik,Uganik,AK
UGS,Ugashik,Ugashik,AK
UHV,Uhrichsville,Uhrichsville,OH
UKI,Ukiah,Ukiah,CA
4TP,Ulm,Ulm,AR
UDM,Ulm,Ulm,MT
UER,Ulmer,Ulmer,SC
UL5,Ulster Park,Ulster Park,NY
3DV,Ulupalakua,Ulupalakua,HI
USY,Ulysses,Ulysses,KS
UZS,Ulysses,Ulysses,NE
ZLQ,Ulysses,Ulysses,PA
UML,Umatilla,Umatilla,FL
UMA,Umatilla,Umatilla,OR
UMT,Umiat,Umiat,AK
UMB,Umnak Island,Umnak Island,AK
UMP,Umpire,Umpire,AR
9QA,Umpqua,Umpqua,OR
UDL,Unadilla,Unadilla,GA
UNW,Unadilla,Unadilla,NY
UNK,Unalakleet,Unalakleet,AK
UAA,Unalaska,Unalaska,AK
UVL,Uncasville,Uncasville,CT
UH2,Underhill,Underhill,VT
UWD,Underwood,Underwood,IA
UND,Underwood,Underwood,ND
UDD,Underwood,Underwood,WA
UDF,Uneeda,Uneeda,WV
UCO,Unicoi,Unicoi,TN
UOM,Union,Union,IA
UNZ,Union,Union,IL
UN7,Union,Union,KY
YUN,Union,Union,ME
UNX,Union,Union,MI
UKO,Union,Union,MO
UNH,Union,Union,MS
UON,Union,Union,NJ
UNI,Union,Union,PA
UCS,Union,Union,SC
UN8,Union,Union,WA
UNA,Union Beach,Union Beach,NJ
UNB,Union Bridge,Union Bridge,MD
ZUC,Union Center,Union Center,WI
UNC,Union City,Union City,CA
UCG,Union City,Union City,GA
UNO,Union City,Union City,IN
UCI,Union City,Union City,MI
UC9,Union City,Union City,MO
UCJ,Union City,Union City,NJ
UNN,Union City,Union City,PA
UCY,Union City,Union City,TN
UDP,Union Dale,Union Dale,PA
YUG,Union Gap,Union Gap,WA
A8L,Union Grove,Union Grove,AL
XUG,Union Grove,Union Grove,NC
UGR,Union Grove,Union Grove,WI
UH7,Union Hall,Union Hall,VA
QUP,Union Point,Union Point,GA
USC,Union South Carolina,Union South Carolina,SC
USP,Union Springs,Union Springs,AL
USN,Union Springs,Union Springs,NY
UOI,"Union, Franklin","Union, Franklin",MO
UIO,"Union, Monroe","Union, Monroe",WV
XUI,"Union, Neshaboa","Union, Neshaboa",MS
UOD,Uniondale,Uniondale,NY
UT2,Uniontown,Uniontown,KY
UOO,Uniontown,Uniontown,OH
UTN,Uniontown,Uniontown,PA
7UN,Unionville,Unionville,CT
U2V,Unionville,Unionville,MI
UOV,Unionville,Unionville,MO
UV9,Unionville,Unionville,PA
BU8,Unionville,Unionville,TN
UZP,Uniopolis,Uniopolis,OH
UHI,Unity,Unity,ME
UWI,Unity,Unity,WI
UVC,Universal City,Universal City,CA
KVY,Universal City,Universal City,TX
M6S,University,University,MO
UVX,University City,University City,MO
UH3,University Heights,University Heights,OH
UP2,University Park,University Park,FL
UPK,University Park,University Park,IL
UK7,University Park,University Park,PA
UKK,University Park,University Park,TX
UUP,University Place,University Place,WA
CCB,Upland,Upland,CA
UPL,Upland,Upland,IN
UPP,Upolu Point,Upolu Point,HI
UPQ,Upper Arlington,Upper Arlington,OH
YUP,Upper Brookville,Upper Brookville,NY
9UC,Upper Chichester,Upper Chichester,PA
UDY,Upper Darby,Upper Darby,PA
UPF,Upper Freehold,Upper Freehold,NJ
UPJ,Upper Jay,Upper Jay,NY
MB9,Upper Malboro,Upper Malboro,MD
UPM,Upper Marlboro,Upper Marlboro,MD
UPS,Upper Saddle River,Upper Saddle River,NJ
QUS,Upper Saint Regis,Upper Saint Regis,NY
UPE,Upper Sandusky,Upper Sandusky,OH
UP8,Upperco,Upperco,MD
UPV,Upperville,Upperville,VA
UPT,Upton,Upton,MA
XUP,Upton,Upton,NY
UWY,Upton,Upton,WY
URN,Urania,Urania,LA
URC,Urbana,Urbana,IA
URB,Urbana,Urbana,IL
IUA,Urbana,Urbana,IN
URO,Urbana,Urbana,OH
UCR,Urbancrest,Urbancrest,OH
UBL,Urbandale,Urbandale,IA
URH,Uriah,Uriah,AL
UEI,Usibelli,Usibelli,AK
USK,Usk,Usk,WA
QTU,Ute,Ute,IA
UTQ,Utica,Utica,IL
UIZ,Utica,Utica,MI
UIC,Utica,Utica,MO
UCX,Utica,Utica,MS
UUI,Utica,Utica,NE
UCA,Utica,Utica,NY
UTI,Utica,Utica,OH
UC8,Utica,Utica,SD
UTO,Utopia Creek,Utopia Creek,AK
UVD,Uvalda,Uvalda,GA
UVA,Uvalde,Uvalde,TX
UWC,Uwchland,Uwchland,PA
UXX,Uxbridge,Uxbridge,MA
KUY,Uyak,Uyak,AK
VCX,Vacaville,Vacaville,CA
VC8,Vacherie,Vacherie,LA
VSH,Vadnais Heights,Vadnais Heights,MN
VAX,Vado,Vado,NM
VDN,Vaiden,Vaiden,MS
VAH,Vail,Vail,AZ
VAC,Vail,Vail,CO
IVI,Vail,Vail,IA
VAI,Vailsgate,Vailsgate,NY
VAT,Valatie,Valatie,NY
VAD,Valders,Valders,WI
VAL,Valdese,Valdese,NC
VDZ,Valdez,Valdez,AK
VAZ,Valdez,Valdez,NM
VLD,Valdosta,Valdosta,GA
VNQ,Vale,Vale,NC
YVA,Vale,Vale,OR
QVA,Vale,Vale,SD
VLC,Valencia,Valencia,CA
V7E,Valencia,Valencia,PA
VTN,Valentine,Valentine,NE
VTE,Valentine,Valentine,TX
VHH,Valhalla,Valhalla,NY
VLE,Valle,Valle,AZ
VDS,Valle Crucis,Valle Crucis,NC
8QA,Vallecito,Vallecito,CA
VLO,Vallejo,Vallejo,CA
VAY,Valley,Valley,AL
VAE,Valley,Valley,GA
VLY,Valley,Valley,NE
VCY,Valley Center,Valley Center,CA
VC2,Valley Center,Valley Center,KS
VYY,Valley City,Valley City,ND
VCO,Valley City,Valley City,OH
VCJ,Valley Cottage,Valley Cottage,NY
7VF,Valley Falls,Valley Falls,KS
V6F,Valley Falls,Valley Falls,NY
VFG,Valley Forge,Valley Forge,PA
VEF,Valley Grove,Valley Grove,WV
VPA,Valley Park,Valley Park,MO
VY7,Valley Park,Valley Park,MS
VLI,Valley Springs,Valley Springs,CA
VSG,Valley Springs,Valley Springs,SD
VSR,Valley Stream,Valley Stream,NY
ZVV,Valley View,Valley View,OH
VVW,Valley View,Valley View,PA
VLW,Valley View,Valley View,TX
VYB,Valley Village,Valley Village,CA
JVD,Valleyford,Valleyford,WA
VI4,Valliant,Valliant,OK
VYR,Valmeyer,Valmeyer,IL
VYM,Valmy,Valmy,NV
VPS,Valparaiso,Valparaiso,FL
VPZ,Valparaiso,Valparaiso,IN
VPO,Valparaiso,Valparaiso,NE
VLQ,Valrico,Valrico,FL
ZFN,Van,Van,TX
VLS,Van Alstyne,Van Alstyne,TX
VBU,Van Buren,Van Buren,AR
VAM,Van Buren,Van Buren,IN
VBN,Van Buren,Van Buren,ME
YVB,Van Buren,Van Buren,MO
VB9,Van Buren,Van Buren,NY
VB6,Van Buren,Van Buren,OH
VBE,Van Buren,Van Buren,WI
VBM,Van Buren Township,Van Buren Township,MI
VTZ,Van Etten,Van Etten,NY
VHN,Van Horn,Van Horn,TX
JVH,Van Horne,Van Horne,IA
7VM,Van Meter,Van Meter,IA
VNY,Van Nuys,Van Nuys,CA
VWT,Van Wert,Van Wert,IA
VNW,Van Wert,Van Wert,OH
VWC,Van Wyck,Van Wyck,SC
VDM,Vanadium,Vanadium,NM
VAR,Vanar,Vanar,AZ
VCE,Vance,Vance,AL
4AC,Vance,Vance,SC
VBO,Vanceboro,Vanceboro,ME
VNB,Vanceboro,Vanceboro,NC
VGS,Vanceburg,Vanceburg,KY
VLV,Vancleave,Vancleave,MS
VAN,Vancouver,Vancouver,WA
VLA,Vandalia,Vandalia,IL
VNL,Vandalia,Vandalia,MO
VDD,Vandalia,Vandalia,NY
VDH,Vandalia,Vandalia,OH
VA3,Vandenberg Air Force Base,Vandenberg Air Force Base,CA
VDB,Vanderbilt,Vanderbilt,MI
VGF,Vandergrift,Vandergrift,PA
VNR,Vanleer,Vanleer,TN
VPV,Vanport,Vanport,PA
VST,Vansant,Vansant,VA
VDW,Vardaman,Vardaman,MS
VV2,Varna,Varna,IL
YVR,Varnell,Varnell,GA
ZH5,Varnville,Varnville,SC
VSX,Vashon,Vashon,WA
YVI,Vashon Island,Vashon Island,WA
VA8,Vass,Vass,NC
VSB,Vassalboro,Vassalboro,ME
V8K,Vassar,Vassar,KS
VAS,Vassar,Vassar,MI
VN2,Vaughn,Vaughn,NM
VHX,Vauxhall,Vauxhall,NJ
VLN,Veblen,Veblen,SD
VVG,Veedersburg,Veedersburg,IN
VEG,Vega,Vega,TX
VEB,Velma,Velma,OK
VVA,Velva,Velva,ND
VE7,Veneta,Veneta,OR
VEE,Venetie,Venetie,AK
VCI,Venice,Venice,CA
VNC,Venice,Venice,FL
XNL,Venice,Venice,IL
VN3,Venice,Venice,LA
VYA,Ventnor City,Ventnor City,NJ
VNT,Ventura,Ventura,CA
VTU,Ventura,Ventura,IA
OXR,Ventura-Oxnard Apt,Ventura-Oxnard Apt,CA
VS8,Venus,Venus,FL
VE2,Venus,Venus,TX
VEI,Verdi,Verdi,NV
VCU,Verdugo City,Verdugo City,CA
VGX,Vergennes,Vergennes,IL
VZG,Vergennes,Vergennes,VT
4VN,Vermilion,Vermilion,IL
VR8,Vermilion,Vermilion,MI
VE9,Vermilion,Vermilion,OH
QVN,Vermillion,Vermillion,MN
VEM,Vermillion,Vermillion,SD
ZFQ,Vermont,Vermont,CA
VMN,Vermont,Vermont,IL
VRM,Vermontville,Vermontville,MI
VEL,Vernal,Vernal,UT
VRI,Vernalis,Vernalis,CA
VR3,Verno,Verno,NJ
VEN,Vernon,Vernon,AL
VCA,Vernon,Vernon,CA
VGO,Vernon,Vernon,CO
VRN,Vernon,Vernon,CT
VEQ,Vernon,Vernon,IL
2ON,Vernon,Vernon,IN
VM6,Vernon,Vernon,MS
V74,Vernon,Vernon,NJ
VNN,Vernon,Vernon,NY
VRT,Vernon,Vernon,TX
7VN,Vernon,Vernon,VT
VFN,Vernon,Vernon,WI
VRJ,Vernon Center,Vernon Center,NY
VHI,Vernon Hills,Vernon Hills,IL
VNO,"Vernon, Camden","Vernon, Camden",NJ
V5N,Vernonia,Vernonia,OR
VRB,Vero Beach,Vero Beach,FL
VN4,Verona,Verona,CA
VRO,Verona,Verona,KY
VEA,Verona,Verona,MO
VNA,Verona,Verona,MS
VER,Verona,Verona,NJ
VEO,Verona,Verona,PA
V2R,Verona,Verona,TN
VRV,Verona,Verona,VA
VRA,Verona,Verona,WI
VSI,Versailles,Versailles,CT
VFS,Versailles,Versailles,IN
VSS,Versailles,Versailles,KY
VRS,Versailles,Versailles,MO
XVE,Versailles,Versailles,OH
VHR,Vershire,Vershire,VT
V2L,Veseli,Veseli,MN
VES,Vesper,Vesper,WI
VEU,Vesta,Vesta,MN
VTB,Vestaburg,Vestaburg,MI
VJZ,Vestal,Vestal,NY
VEH,Vestavia Hills,Vestavia Hills,AL
VYI,Vevay,Vevay,IN
VYO,Veyo,Veyo,UT
VBG,Viborg,Viborg,SD
VRU,Viburnum,Viburnum,MO
VQO,Vicco,Vicco,KY
VIH,Vichy,Vichy,MO
VJC,Vici,Vici,OK
VCK,Vickery,Vickery,TX
VKB,Vicksburg,Vicksburg,MI
VKS,Vicksburg,Vicksburg,MS
3DU,Victor,Victor,CA
VIT,Victor,Victor,CO
VTC,Victor,Victor,IA
VOR,Victor,Victor,ID
VCW,Victor,Victor,MT
VIC,Victor,Victor,NY
VJO,Victoria,Victoria,IL
VCT,Victoria,Victoria,TX
XZV,Victoria,Victoria,VA
VCV,Victorville,Victorville,CA
VTY,Victory City,Victory City,TX
VDI,Vidalia,Vidalia,GA
VDL,Vidalia,Vidalia,LA
VDO,Vidor,Vidor,TX
VIG,Vienna,Vienna,GA
VIE,Vienna,Vienna,IL
VMD,Vienna,Vienna,MD
V8E,Vienna,Vienna,ME
VNM,Vienna,Vienna,MO
VNJ,Vienna,Vienna,NJ
VHO,Vienna,Vienna,OH
VIV,Vienna,Vienna,VA
VWV,Vienna,Vienna,WV
V2A,Viera,Viera,FL
VGV,Villa Grove,Villa Grove,CO
VG9,Villa Grove,Villa Grove,IL
VPK,Villa Park,Villa Park,CA
VPR,Villa Park,Villa Park,IL
VLR,Villa Rica,Villa Rica,GA
54M,Villa Ridge,Villa Ridge,MO
P3V,Villanova,Villanova,PA
QID,Villard,Villard,MN
VJ2,Villard Junction,Villard Junction,WA
VPT,Ville Platte,Ville Platte,LA
5VI,Villisca,Villisca,IA
VI3,Vilonia,Vilonia,AR
VJN,Vina,Vina,CA
9VV,Vinalhaven,Vinalhaven,ME
OEA,Vincennes,Vincennes,IN
YXV,Vincent,Vincent,AL
VDT,Vincent,Vincent,IA
XVT,Vincentown,Vincentown,NJ
VGR,Vine Grove,Vine Grove,KY
3TR,Vineburg,Vineburg,CA
VIN,Vineland,Vineland,NJ
VMT,Vinemont,Vinemont,AL
VED,Vineyard,Vineyard,UT
VYH,Vineyard Haven,Vineyard Haven,MA
VIA,Vinita,Vinita,OK
8TV,Vinita Park,Vinita Park,MO
VHF,Vint Hill Farms,Vint Hill Farms,VA
VTW,Vinton,Vinton,IA
DZN,Vinton,Vinton,LA
VIB,Vinton,Vinton,TX
XNM,Vinton,Vinton,VA
VIP,Viola,Viola,AR
VOA,Viola,Viola,ID
VIO,Viola,Viola,TX
VOL,Viola,Viola,VA
VIX,Viola,Viola,WI
VOT,Violet,Violet,LA
V6E,Virden,Virden,IL
3VR,Virgie,Virgie,KY
VRG,Virgil,Virgil,IL
IGU,Virgin,Virgin,UT
VGA,Virginia,Virginia,IL
VGI,Virginia,Virginia,MN
VAB,Virginia Beach,Virginia Beach,VA
VGT,Virginia City,Virginia City,VA
VIR,Viroqua,Viroqua,WI
VIS,Visalia,Visalia,CA
VTI,Vista,Vista,CA
VVN,Vivian,Vivian,LA
TXZ,Voca,Voca,TX
VOY,Vogleyville,Vogleyville,PA
VL2,Volant,Volant,PA
VCQ,Volcano,Volcano,CA
VLG,Volga,Volga,SD
VO2,Volo,Volo,IL
VTA,Volta,Volta,CA
4VC,Voluntown,Voluntown,CT
ZJE,Von Ormy,Von Ormy,TX
VQN,Vonore,Vonore,TN
VHJ,Voorhees,Voorhees,NJ
VOO,Voorheesville,Voorheesville,NY
VH7,Voorhies,Voorhies,IA
WN4,Waban,Waban,MA
WBH,Wabash,Wabash,IN
WZA,Wabasha,Wabasha,MN
WPS,Wabasso,Wabasso,FL
WBA,Wabasso,Wabasso,MN
W9O,Waco,Waco,GA
W3O,Waco,Waco,NC
WC8,Waco,Waco,NE
ACT,Waco,Waco,TX
WQO,Waconia,Waconia,MN
W9D,Waddell,Waddell,AZ
WAD,Waddington,Waddington,NY
WE8,Wade,Wade,NC
WNQ,Wadena,Wadena,MN
DEB,Wadesboro,Wadesboro,NC
ZWV,Wadesville,Wadesville,IN
WV2,Wadeville,Wadeville,NC
WR4,Wading River,Wading River,NY
WY2,Wadley,Wadley,AL
WY6,Wadley,Wadley,GA
WW9,Wadmalaw Island,Wadmalaw Island,SC
QWO,Wadsworth,Wadsworth,IL
WW6,Wadsworth,Wadsworth,NV
WDH,Wadsworth,Wadsworth,OH
WDT,Wadsworth,Wadsworth,TX
QWD,Waelder,Waelder,TX
QWE,Wagener,Wagener,SC
WG2,Waggaman,Waggaman,LA
XNU,Wagner,Wagner,SD
WP7,Wagners Point,Wagners Point,MD
WM2,Wagon Mound,Wagon Mound,NM
WGE,Wagoner,Wagoner,OK
WGW,Wagontown,Wagontown,PA
WAQ,Wagram,Wagram,NC
HHI,Wahiawa,Wahiawa,HI
NAO,Wahoo,Wahoo,NE
WAH,Wahpeton,Wahpeton,ND
5WA,Waialua,Waialua,HI
9AI,Waianae,Waianae,HI
WH7,Waianae,Waianae,HI
WKL,Waikoloa,Waikoloa,HI
W8I,Wailea,Wailea,HI
WZV,Wailuku (Maui),Wailuku (Maui),HI
BLW,Waimanalo,Waimanalo,HI
WM3,Waimea,Waimea,HI
WIY,Wainscott,Wainscott,NY
AIN,Wainwright,Wainwright,AK
WPH,Waipahu (Oahu),Waipahu (Oahu),HI
9WI,Waite,Waite,ME
ITP,Waite Park,Waite Park,MN
IBG,Waitsburg,Waitsburg,WA
WAI,Waitsfield,Waitsfield,VT
WK9,Wakarusa,Wakarusa,IN
WK5,Wake,Wake,VA
WKR,Wake Forest,Wake Forest,NC
WKQ,Wakeeney,Wakeeney,KS
WKF,Wakefield,Wakefield,MA
WFE,Wakefield,Wakefield,MI
WJK,Wakefield,Wakefield,NE
AKF,Wakefield,Wakefield,RI
WKD,Wakefield,Wakefield,VA
WA7,Wakeman,Wakeman,OH
WBG,Walbridge,Walbridge,OH
VXS,Walburg,Walburg,TX
OJT,Walcott,Walcott,IA
WA3,Walden,Walden,CO
WDA,Walden,Walden,NY
WD9,Waldenburg,Waldenburg,AR
WLF,Waldo,Waldo,FL
W2D,Waldo,Waldo,ME
8UY,Waldo,Waldo,OH
WGA,Waldo,Waldo,WI
WDJ,Waldoboro,Waldoboro,ME
WFM,Waldorf,Waldorf,MD
WN6,Waldron,Waldron,AR
WDM,Waldron,Waldron,MI
WDN,Waldron Island,Waldron Island,WA
WWK,Waldwick,Waldwick,NJ
WAA,Wales,Wales,AK
5SW,Wales,Wales,MA
QLS,Wales,Wales,MI
W2A,Wales,Wales,NY
W3A,Wales,Wales,WI
2WC,Wales Center,Wales Center,NY
WFQ,Walford,Walford,IA
VLH,Walhalla,Walhalla,ND
WHJ,Walhalla,Walhalla,SC
W7A,Walhonding,Walhonding,OH
VWE,Walker,Walker,CA
LKR,Walker,Walker,MI
QWK,Walker,Walker,MN
W2V,Walker,Walker,WV
WK3,"Walker, Jackson","Walker, Jackson",LA
WK4,"Walker, Livingston","Walker, Livingston",LA
XNX,Walkersville,Walkersville,MD
WKC,Walkerton,Walkerton,IN
WKN,Walkerton,Walkerton,VA
AKW,Walkertown,Walkertown,NC
WUA,Walkertown,Walkertown,PA
VLX,Walkerville,Walkerville,MI
WLJ,Wall,Wall,NJ
AWP,Wall,Wall,PA
WZL,Wall,Wall,SD
JQW,Wall,Wall,TX
WKP,Wall Lake,Wall Lake,IA
YNP,Wall Township,Wall Township,NJ
ALW,Walla Walla,Walla Walla,WA
WA2,Wallace,Wallace,CA
AW6,Wallace,Wallace,ID
AWC,Wallace,Wallace,ID
5WL,Wallace,Wallace,MI
WLE,Wallace,Wallace,NC
WBT,Wallace,Wallace,SC
9GS,Wallagrass,Wallagrass,ME
6NT,Walland,Walland,TN
WB7,Wallburg,Wallburg,NC
WBL,Walled Lake,Walled Lake,MI
VLL,Waller,Waller,TX
WFD,Wallingford,Wallingford,CT
YGF,Wallingford,Wallingford,KY
WF5,Wallingford,Wallingford,PA
WGF,Wallingford,Wallingford,VT
WLT,Wallington,Wallington,NJ
WLV,Wallisville,Wallisville,TX
WAK,Wallkill,Wallkill,NY
WLS,Walls,Walls,MS
WUW,Wallula,Wallula,WA
WLU,Walnut,Walnut,CA
WU7,Walnut,Walnut,IA
W5A,Walnut,Walnut,KS
XKS,Walnut Cove,Walnut Cove,NC
WAC,Walnut Creek,Walnut Creek,CA
WUC,Walnut Creek,Walnut Creek,OH
YXG,Walnut Grove,Walnut Grove,CA
WGR,Walnut Grove,Walnut Grove,MO
WAG,Walnut Grove,Walnut Grove,MS
W32,Walnut Hill,Walnut Hill,FL
VTH,Walnut Hill,Walnut Hill,IL
XQX,Walnut Hills,Walnut Hills,OH
ARG,Walnut Ridge,Walnut Ridge,AR
H9S,Walnut Shade,Walnut Shade,MO
WG3,Walnut Springs,Walnut Springs,TX
WNU,Walnutport,Walnutport,PA
WPL,Walpole,Walpole,MA
AW9,Walpole,Walpole,ME
WLP,Walpole,Walpole,NH
WA4,Walsh,Walsh,CO
WQC,Walsh Station,Walsh Station,CA
W4A,Walston,Walston,PA
IC9,Walstonburg,Walstonburg,NC
RBW,Walterboro,Walterboro,SC
RRR,Walters,Walters,OK
2WL,Walterville,Walterville,OR
WLM,Waltham,Waltham,MA
WXA,Walthourville,Walthourville,GA
WL6,Walton,Walton,IN
WKU,Walton,Walton,KS
QWT,Walton,Walton,KY
W7L,Walton,Walton,NE
JWO,Walton,Walton,NY
WJP,Walton Hills,Walton Hills,OH
WAW,Walworth,Walworth,WI
WAO,Wamego,Wamego,KS
WP3,Wampsville,Wampsville,NY
WMM,Wampum,Wampum,PA
WU3,Wamsutter,Wamsutter,WY
WAN,Wanamingo,Wanamingo,MN
IWQ,Wanaque,Wanaque,NJ
ZUB,Wanatah,Wanatah,IN
QWA,Wanchese,Wanchese,NC
WFH,Wando,Wando,SC
9WT,Wanette,Wanette,OK
WG5,Wantage,Wantage,NJ
TWH,Wantagh,Wantagh,NY
AXV,Wapakoneta,Wapakoneta,OH
WPW,Wapato,Wapato,WA
5WP,Wapello,Wapello,IA
IIH,Wapiti,Wapiti,WY
WFS,Wappingers Falls,Wappingers Falls,NY
JWW,Wapwallopen,Wapwallopen,PA
WD7,Ward,Ward,AR
D5R,Ward,Ward,CO
YWD,Ward,Ward,SC
WDC,Ward Cove,Ward Cove,AK
WHZ,Ward Hill,Ward Hill,MA
WEW,Warden,Warden,WA
WAE,Wardensville,Wardensville,WV
7WA,Wardsboro,Wardsboro,VT
UWA,Ware,Ware,MA
ASS,Ware Shoals,Ware Shoals,SC
WMV,Wareham,Wareham,MA
WPC,Warehouse Point,Warehouse Point,CT
YWF,Warfordsburg,Warfordsburg,PA
3AR,Warm Springs,Warm Springs,AR
WJY,Warm Springs,Warm Springs,CA
RMR,Warm Springs,Warm Springs,OR
9WS,Warm Springs,Warm Springs,VA
WRM,Warminster,Warminster,PA
WAR,Warne,Warne,NC
JRN,Warner,Warner,NH
WRB,Warner Robins,Warner Robins,GA
WS3,Warner Springs,Warner Springs,CA
WRS,Warners,Warners,NY
WQR,Warren,Warren,AR
WR5,Warren,Warren,CT
WEN,Warren,Warren,IL
ZWR,Warren,Warren,IN
WXN,Warren,Warren,MA
W3R,Warren,Warren,ME
WAM,Warren,Warren,MI
WA9,Warren,Warren,MN
8WA,Warren,Warren,NH
W4R,Warren,Warren,NJ
Y4Y,Warren,Warren,NY
WRN,Warren,Warren,OH
VWR,Warren,Warren,OR
WPA,Warren,Warren,PA
WAJ,Warren,Warren,RI
VRZ,Warren,Warren,VT
W6B,Warren Center,Warren Center,PA
WRR,Warrendale,Warrendale,PA
WR9,Warrens,Warrens,WI
JCQ,Warrensburg,Warrensburg,IL
SZL,Warrensburg,Warrensburg,MO
WR8,Warrensburg,Warrensburg,NY
WHH,Warrensville Heights,Warrensville Heights,OH
WRE,Warrenton,Warrenton,GA
WRT,Warrenton,Warrenton,MO
WFT,Warrenton,Warrenton,NC
WUO,Warrenton,Warrenton,OH
WTO,Warrenton,Warrenton,OR
TWG,Warrenton,Warrenton,TX
WVJ,Warrenton,Warrenton,VA
XWV,Warrenville,Warrenville,IL
WNI,Warrenville,Warrenville,NJ
WZR,Warrenville,Warrenville,SC
WRZ,Warrick,Warrick,IN
WRA,Warrington,Warrington,PA
RRP,Warrior,Warrior,AL
RRT,Warroad,Warroad,MN
WXW,Warsaw,Warsaw,IL
WAP,Warsaw,Warsaw,IN
WZS,Warsaw,Warsaw,KY
WWC,Warsaw,Warsaw,MO
WSW,Warsaw,Warsaw,NC
ARW,Warsaw,Warsaw,NY
WWG,Warsaw,Warsaw,OH
WR2,Warsaw,Warsaw,VA
WTU,Wartburg,Wartburg,TN
WH9,Warthen,Warthen,GA
DWK,Warwick,Warwick,GA
WRC,Warwick,Warwick,MA
WW3,Warwick,Warwick,MD
W25,Warwick,Warwick,ND
WRK,Warwick,Warwick,NY
UZO,Warwick,Warwick,RI
WQS,Wasco,Wasco,CA
WO5,Wasco,Wasco,IL
WC7,Wasco,Wasco,OR
WKA,Waseca,Waseca,MN
HBU,Washburn,Washburn,IL
9BW,Washburn,Washburn,ME
W74,Washburn,Washburn,ND
URW,Washburn,Washburn,TN
WZU,Washburn,Washburn,WI
WT3,Washington,Washington,CA
KJH,Washington,Washington,CT
WAS,Washington,Washington,DC
WAB,Washington,Washington,GA
VTO,Washington,Washington,IA
WGI,Washington,Washington,IL
WSQ,Washington,Washington,IN
WS9,Washington,Washington,KS
LXZ,Washington,Washington,LA
HQJ,Washington,Washington,LA
8NG,Washington,Washington,ME
NGN,Washington,Washington,MI
WSK,Washington,Washington,MO
OCW,Washington,Washington,NC
8WS,Washington,Washington,NH
WQY,Washington,Washington,NJ
WSG,Washington,Washington,PA
WGT,Washington,Washington,UT
W88,Washington,Washington,VA
H6T,Washington,Washington,VT
WWV,Washington,Washington,WV
WC9,Washington County,Washington County,ME
WCQ,Washington Court House,Washington Court House,OH
WCG,Washington Crossing,Washington Crossing,PA
GSA,Washington Island,Washington Island,WI
WGK,Washington Park,Washington Park,IL
W9A,Washington Terrace,Washington Terrace,UT
Y7T,Washington Township,Washington Township,NJ
GIP,Washington Township,Washington Township,NJ
BWI,Washington-Baltimore Int Apt,Washington-Baltimore Int Apt,MD
WSL,Washingtonville,Washingtonville,NY
WG8,Washingtonville,Washingtonville,PA
WXG,Washougal,Washougal,WA
WWA,Wasilla,Wasilla,AK
ZJN,Waskom,Waskom,TX
WA5,Wassaic,Wassaic,NY
4AG,Wataga,Wataga,IL
WA6,Watchung,Watchung,NJ
AEM,Water Mill,Water Mill,NY
WVA,Water Valley,Water Valley,MS
WB9,Waterboro,Waterboro,ME
WAT,Waterbury,Waterbury,CT
WBV,Waterbury,Waterbury,VT
KWF,Waterfall,Waterfall,AK
TFW,Waterflow,Waterflow,NM
WVD,Waterford,Waterford,CA
TQF,Waterford,Waterford,CT
WTM,Waterford,Waterford,ME
WTF,Waterford,Waterford,MI
UZK,Waterford,Waterford,NY
XWF,Waterford,Waterford,OH
WXX,Waterford,Waterford,PA
WF8,Waterford,Waterford,VT
TEY,Waterford,Waterford,WI
WFJ,Waterford Works,Waterford Works,NJ
VTL,Waterloo,Waterloo,AL
ALO,Waterloo,Waterloo,IA
ZTE,Waterloo,Waterloo,IL
ZZE,Waterloo,Waterloo,IN
XWA,Waterloo,Waterloo,NE
WOO,Waterloo,Waterloo,NY
W2O,Waterloo,Waterloo,OH
ZWA,Waterloo,Waterloo,WI
WPV,"Waterloo, Johnson","Waterloo, Johnson",IN
WTA,Waterman,Waterman,IL
WP6,Waterport,Waterport,NY
WPF,Waterproof,Waterproof,LA
WTT,Watertown,Watertown,CT
WTW,Watertown,Watertown,MA
ART,Watertown,Watertown,NY
ATY,Watertown,Watertown,SD
WWZ,Watertown,Watertown,TN
WAF,Watertown,Watertown,WI
VWL,Waterville,Waterville,KS
WVS,Waterville,Waterville,MA
WVL,Waterville,Waterville,ME
W23,Waterville,Waterville,NY
TEI,Waterville,Waterville,OH
999,Waterville,Waterville,PA
TIL,Waterville,Waterville,WA
WZY,Waterville Valley,Waterville Valley,NH
WTV,Watervliet,Watervliet,MI
XOE,Watervliet,Watervliet,NY
WF3,Watford City,Watford City,ND
WJA,Wathena,Wathena,KS
UWK,Watkins,Watkins,CO
WKI,Watkins,Watkins,MN
WKG,Watkins Glen,Watkins Glen,NY
VKV,Watkinsville,Watkinsville,GA
YWQ,Watonga,Watonga,OK
XOD,Watseka,Watseka,IL
WTC,Watson,Watson,CA
S4O,Watson,Watson,MN
ASW,Watsontown,Watsontown,PA
WVI,Watsonville,Watsonville,CA
WJZ,Watts,Watts,CA
WU9,Wauchula,Wauchula,FL
WQN,Wauconda,Wauconda,IL
WKE,Waukee,Waukee,IA
UGN,Waukegan,Waukegan,IL
UES,Waukesha,Waukesha,WI
UKN,Waukon,Waukon,IA
W5D,Waumandee,Waumandee,WI
WAU,Wauna,Wauna,OR
YWN,Wauna,Wauna,WA
WQU,Wauna Range,Wauna Range,OR
WKW,Waunakee,Waunakee,WI
WUP,Waupaca,Waupaca,WI
WUU,Waupun,Waupun,WI
QWR,Wauregan,Wauregan,CT
WUY,Waurika,Waurika,OK
AUW,Wausau,Wausau,WI
USU,Wausaukee,Wausaukee,WI
WUN,Wauseon,Wauseon,OH
WWX,Wautoma,Wautoma,WI
XOH,Wauwatosa,Wauwatosa,WI
92U,Waveland,Waveland,IN
VOD,Waveland,Waveland,MS
YEY,Waverley,Waverley,MA
VVE,Waverly,Waverly,GA
WVY,Waverly,Waverly,IA
WV6,Waverly,Waverly,KS
WFX,Waverly,Waverly,MD
WY8,Waverly,Waverly,MN
WVH,Waverly,Waverly,MO
WVB,Waverly,Waverly,NE
WFY,Waverly,Waverly,NY
WAV,Waverly,Waverly,OH
WVQ,Waverly,Waverly,TN
XOF,Waverly,Waverly,TX
WXV,Waverly,Waverly,VA
VRY,Waverly,Waverly,WV
ZAL,Waverly Hall,Waverly Hall,GA
WKJ,Wawaka,Wawaka,IN
WAX,Waxahachie,Waxahachie,TX
XNR,Waxdale,Waxdale,WI
WXH,Waxhaw,Waxhaw,NC
AYS,Waycross,Waycross,GA
WL2,Wayland,Wayland,MA
AYN,Wayland,Wayland,MI
WYF,Wayland,Wayland,MO
WXQ,Wayland,Wayland,NY
WYR,Waymart,Waymart,PA
W2Y,Wayne,Wayne,IL
WYJ,Wayne,Wayne,IN
W9Y,Wayne,Wayne,ME
WNE,Wayne,Wayne,MI
WPY,Wayne,Wayne,NE
WYN,Wayne,Wayne,NJ
YNE,Wayne,Wayne,NY
WYE,Wayne,Wayne,OK
WNP,Wayne,Wayne,PA
DTW,Wayne County Apt/Detroit,Wayne County Apt/Detroit,MI
WYG,Waynesboro,Waynesboro,GA
WGS,Waynesboro,Waynesboro,MS
WYO,Waynesboro,Waynesboro,PA
WYU,Waynesboro,Waynesboro,TN
WYB,Waynesboro,Waynesboro,VA
W6Y,Waynesburg,Waynesburg,OH
WAY,Waynesburg,Waynesburg,PA
WF7,Waynesfield,Waynesfield,OH
WAZ,Waynesville,Waynesville,MO
WYV,Waynesville,Waynesville,NC
YWL,Waynesville,Waynesville,OH
WNV,Waynesville,Waynesville,PA
W3K,Waynoka,Waynoka,OK
YWZ,Wayzata,Wayzata,MN
WCJ,Weare,Weare,NH
2WY,Weatherby,Weatherby,MO
WYA,Weatherford,Weatherford,OK
WEA,Weatherford,Weatherford,TX
WEH,Weatherly,Weatherly,PA
WWW,Weaver,Weaver,AL
VWX,Weaverville,Weaverville,CA
WVV,Weaverville,Weaverville,NC
XBW,Webb City,Webb City,MO
WER,Webberville,Webberville,MI
WEC,Weber City,Weber City,VA
FWS,Webster,Webster,FL
WEB,Webster,Webster,MA
YWB,Webster,Webster,MN
W3T,Webster,Webster,NC
UZJ,Webster,Webster,NY
WT2,Webster,Webster,SD
WB3,Webster,Webster,TX
W3S,Webster,Webster,WI
EBS,Webster City,Webster City,IA
WG6,Webster Groves,Webster Groves,MO
WZ4,Webster Springs,Webster Springs,WV
AFW,"Webster, Harris","Webster, Harris",TX
WV5,Websterville,Websterville,VT
W9F,Wedgefield,Wedgefield,SC
XWD,Wedowee,Wedowee,AL
WRW,Wedron,Wedron,IL
WD3,Weed,Weed,CA
EES,Weedsport,Weedsport,NY
WJQ,Weehawken,Weehawken,NJ
WKS,Weeks,Weeks,LA
EPG,Weeping Water,Weeping Water,NE
W2E,Weesatche,Weesatche,TX
IMN,Weidman,Weidman,MI
WJR,Weimar,Weimar,TX
WNR,Weiner,Weiner,AR
WET,Weirton,Weirton,WV
IWI,Weiser,Weiser,ID
IPB,Weissport,Weissport,PA
W8H,Welch,Welch,MN
OWC,Welch,Welch,OK
EOM,Welcome,Welcome,LA
WCO,Welcome,Welcome,NC
W8E,Weld,Weld,ME
WL4,Weldon,Weldon,CA
I6O,Weldon,Weldon,IA
KDO,Weldon,Weldon,IL
WEO,Weldon,Weldon,NC
4WS,Weldon Spring,Weldon Spring,MO
W3N,Weldona,Weldona,CO
ZF4,Wellborn,Wellborn,FL
WEL,Wellesley,Wellesley,MA
3OL,Wellfleet,Wellfleet,MA
WEF,Wellford,Wellford,SC
ZJJ,Wellington,Wellington,AL
W4G,Wellington,Wellington,CO
WJT,Wellington,Wellington,FL
WCZ,Wellington,Wellington,IL
WEX,Wellington,Wellington,KS
WGN,Wellington,Wellington,OH
7HZ,Wellington,Wellington,TX
WYY,Wellington,Wellington,UT
7WM,Wellman,Wellman,IA
WNX,Wellman,Wellman,TX
WZM,Wells,Wells,ME
IWU,Wells,Wells,MI
WS7,Wells,Wells,MN
LWL,Wells,Wells,NV
WR6,Wells River,Wells River,VT
WBP,Wellsboro,Wellsboro,PA
WB5,Wellsburg,Wellsburg,IA
WES,Wellsburg,Wellsburg,WV
OHW,Wellston,Wellston,OH
WSV,Wellsville,Wellsville,KS
WVM,Wellsville,Wellsville,MO
ELZ,Wellsville,Wellsville,NY
W22,Wellsville,Wellsville,OH
KJZ,Wellsville,Wellsville,PA
WZD,Wellton,Wellton,AZ
WL5,Welsh,Welsh,LA
EAT,Wenatchee,Wenatchee,WA
YWY,Wendel,Wendel,PA
WDE,Wendell,Wendell,ID
9DL,Wendell,Wendell,MA
WDX,Wendell,Wendell,NC
ENV,Wendover,Wendover,UT
WDW,Wendover,Wendover,WY
MM9,Wenham,Wenham,MA
WZZ,Wenonah,Wenonah,NJ
WNH,Wentworth,Wentworth,NH
WW2,Wentworth,Wentworth,SD
WTZ,Wentzville,Wentzville,MO
WBI,Weott,Weott,CA
WVO,Wernersville,Wernersville,PA
WKX,Weskan,Weskan,KS
WKO,Weslaco,Weslaco,TX
WC3,Wesley Chapel,Wesley Chapel,FL
W2S,Wesson,Wesson,MS
W5T,West,West,TX
W8A,West Alexander,West Alexander,PA
TAX,West Alexandria,West Alexandria,OH
WEQ,West Allis,West Allis,WI
WA8,West Alton,West Alton,MO
EBB,West Babylon,West Babylon,NY
8BA,West Baldwin,West Baldwin,ME
WVZ,West Bath,West Bath,ME
ETE,West Bend,West Bend,IA
ETB,West Bend,West Bend,WI
WBS,West Berlin,West Berlin,NJ
WCN,West Blocton,West Blocton,AL
WBF,West Bloomfield,West Bloomfield,MI
W2B,West Bountiful,West Bountiful,UT
WBM,West Boylston,West Boylston,MA
IWB,West Branch,West Branch,IA
WBC,West Branch,West Branch,MI
WBW,West Bridgewater,West Bridgewater,MA
WBD,West Brookfield,West Brookfield,MA
URK,West Burke,West Burke,VT
WBO,West Burlington,West Burlington,IA
WCL,West Caldwell,West Caldwell,NJ
WCA,West Carrollton,West Carrollton,OH
EZF,West Chazy,West Chazy,NY
WZC,West Chester,West Chester,OH
WCT,West Chester,West Chester,PA
WCF,West Chesterfield,West Chesterfield,MA
6WF,West Chesterfield,West Chesterfield,NH
WCI,West Chicago,West Chicago,IL
WC2,West Chop,West Chop,MA
WGD,West College Corner,West College Corner,IN
WCB,West Columbia,West Columbia,SC
WB4,West Columbia,West Columbia,TX
WE7,West Columbia,West Columbia,WV
9WR,West Concord,West Concord,MA
W9C,West Concord,West Concord,MN
WCK,West Conshohocken,West Conshohocken,PA
WKZ,West Covina,West Covina,CA
WCX,West Coxsackie,West Coxsackie,NY
WCE,West Creek,West Creek,NJ
WDP,West Deptford,West Deptford,NJ
WEM,West Des Moines,West Des Moines,IA
WD2,West Dover,West Dover,VT
WD8,West Dundee,West Dundee,IL
W97,West Easton,West Easton,PA
WEZ,West Elizabeth,West Elizabeth,PA
WNZ,West End,West End,NC
7WF,West Fairlee,West Fairlee,VT
WFG,West Fargo,West Fargo,ND
WF6,West Farmington,West Farmington,OH
WFO,West Foreland,West Foreland,
WQQ,West Fork,West Fork,AR
KFT,West Frankfort,West Frankfort,IL
289,West Friendship,West Friendship,MD
W3G,West Glacier,West Glacier,MT
4WR,West Glocester,West Glocester,RI
WGU,West Gloucester,West Gloucester,MA
WEG,West Greenwich,West Greenwich,RI
WGM,West Groton,West Groton,MA
L3Y,West Grove,West Grove,PA
EFX,West Halifax,West Halifax,VT
WVR,West Hanover,West Hanover,MA
WJH,West Harrison,West Harrison,IN
EHO,West Harrison,West Harrison,NY
WHF,West Hartford,West Hartford,CT
HWC,West Harwich,West Harwich,MA
WED,West Hatfield,West Hatfield,MA
WHC,West Haven,West Haven,CT
TVQ,West Haven,West Haven,UT
WE6,West Haven,West Haven,VT
S8X,West Haverstraw,West Haverstraw,NY
WZN,West Hazelton,West Hazelton,PA
WHA,West Hazleton,West Hazleton,PA
WHQ,West Helena,West Helena,AR
WH4,West Hempstead,West Hempstead,NY
WEE,West Henrietta,West Henrietta,NY
TLS,West Hills,West Hills,CA
WWU,West Hollywood,West Hollywood,CA
YWE,West Homestead,West Homestead,PA
ZHY,West Hurley,West Hurley,NY
W4S,West Islip,West Islip,NY
XNV,West Jefferson,West Jefferson,NC
WJM,"West Jefferson, Madison","West Jefferson, Madison",OH
WJW,"West Jefferson, Williams","West Jefferson, Williams",OH
WEJ,West Jordan,West Jordan,UT
VKW,West Kavik,West Kavik,AK
VWB,West Kennebunk,West Kennebunk,ME
KXT,West Kingston,West Kingston,RI
XPU,West Kuparuk,West Kuparuk,AK
WLY,West Lafayette,West Lafayette,IN
WZF,West Lafayette,West Lafayette,OH
3TX,West Lake Hills,West Lake Hills,TX
L9W,West Lawn (Berk County),West Lawn (Berk County),PA
WLI,West Lebanon,West Lebanon,IN
WPQ,West Lebanon,West Lebanon,NH
WL3,West Liberty,West Liberty,IA
WLH,West Liberty,West Liberty,KY
W7B,West Liberty,West Liberty,OH
7WL,West Liberty,West Liberty,WV
WJL,West Linn,West Linn,OR
WE5,West Logan,West Logan,WV
WLQ,West Long Branch,West Long Branch,NJ
WQJ,West Los Angeles,West Los Angeles,CA
9WL,West Louisville,West Louisville,KY
TMU,West Melbourne,West Melbourne,FL
AWM,West Memphis,West Memphis,AR
W5M,West Miami,West Miami,FL
WM5,West Miami,West Miami,FL
WMN,West Middlesex,West Middlesex,PA
WMF,West Mifflin,West Mifflin,PA
WM7,West Milford,West Milford,NJ
JWQ,West Milton,West Milton,OH
WMW,West Milwaukee,West Milwaukee,WI
8WM,West Minot,West Minot,ME
WMX,West Monroe,West Monroe,LA
W9S,West Mystic,West Mystic,CT
WNY,West New York,West New York,NJ
WN5,West Newbury,West Newbury,MA
EJU,West Newbury,West Newbury,VT
3TU,West Newton,West Newton,MA
UZL,West Nyack,West Nyack,NY
W8C,West Ocean City,West Ocean City,MD
UIV,West Olive,West Olive,MI
XOW,West Orange,West Orange,TX
WOR,West Orange/New Jersey,West Orange/New Jersey,NJ
W8O,West Ossipee,West Ossipee,NH
PBI,West Palm Beach,West Palm Beach,FL
W8P,West Paris,West Paris,ME
QWP,West Park,West Park,FL
WP9,West Paterson,West Paterson,NJ
TPR,West Peoria,West Peoria,IL
8WP,West Peterborough,West Peterborough,NH
TPB,West Pittsburg,West Pittsburg,PA
WQP,West Pittston,West Pittston,PA
WPN,West Plains,West Plains,MO
KWP,West Point,West Point,AK
WOI,West Point,West Point,GA
XTP,West Point,West Point,IA
WPM,West Point,West Point,MS
WP8,West Point,West Point,NE
WOT,West Point,West Point,NY
WTP,West Point,West Point,PA
VI2,West Point,West Point,VA
WXP,West Portal,West Portal,NJ
WR3,West Portsmouth,West Portsmouth,OH
ZDG,West Reading,West Reading,PA
WRD,West Redding,West Redding,CT
W7R,West Richland,West Richland,WA
WJG,West Ridge,West Ridge,AR
WRY,West Roxbury,West Roxbury,MA
XTR,West Rutland,West Rutland,VT
WSM,West Sacramento,West Sacramento,CA
WPU,West Saint Paul,West Saint Paul,MN
WS5,West Salem,West Salem,IL
FHK,West Salem,West Salem,OH
WSS,West Salem,West Salem,WI
WS2,West Sayville,West Sayville,IN
YLY,West Sayville,West Sayville,NY
XOM,West Sedona,West Sedona,AZ
WSA,West Seneca,West Seneca,NY
WSX,West Sound,West Sound,WA
WSU,West Springfield,West Springfield,IL
WSP,West Springfield,West Springfield,MA
WPG,West Springfield,West Springfield,NH
9WB,West Stockbridge,West Stockbridge,MA
NZY,West Swanzey,West Swanzey,NH
WZH,West Terre Haute,West Terre Haute,IN
YYT,West Tisbury,West Tisbury,MA
WT4,West Trenton,West Trenton,NJ
WUI,West Union,West Union,IA
EUO,West Union,West Union,OH
WUQ,West Union,West Union,OR
WEU,West Union,West Union,SC
WUT,West Unity,West Unity,OH
WVC,West Valley City,West Valley City,UT
WWH,West Wareham,West Wareham,MA
WWN,West Warren,West Warren,MA
XOJ,West Warwick,West Warwick,RI
WW4,West Wendover,West Wendover,NV
WWJ,West Windsor,West Windsor,NJ
ESI,West Windsor,West Windsor,VT
EFU,West Winfield,West Winfield,NJ
TDZ,West Winfield,West Winfield,NY
WMU,West Yarmouth,West Yarmouth,MA
WYS,West Yellowstone,West Yellowstone,MT
WYK,West York,West York,PA
WEP,Westampton,Westampton,NJ
WQB,Westboro,Westboro,WI
WRO,Westborough,Westborough,MA
WZK,Westbrook,Westbrook,CT
WTB,Westbrook,Westbrook,ME
WBY,Westbury,Westbury,NY
VSY,Westby,Westby,WI
WQH,Westchester,Westchester,CA
ES3,Westchester,Westchester,IL
XNP,Westchester,Westchester,MA
WC6,Westchester,Westchester,OH
HPN,Westchester County Apt,Westchester County Apt,NY
WFF,Westcliffe,Westcliffe,CO
WE2,Westerlo,Westerlo,NY
WST,Westerly,Westerly,RI
VGN,Western Grove,Western Grove,AR
3WS,Western Springs,Western Springs,IL
WPZ,Westernport,Westernport,MD
WN8,Westernville,Westernville,NY
WTY,Westerville,Westerville,OH
WFI,Westfield,Westfield,IN
BAF,Westfield,Westfield,MA
9FI,Westfield,Westfield,ME
WFL,Westfield,Westfield,NC
WFU,Westfield,Westfield,NJ
WXY,Westfield,Westfield,NY
W7E,Westfield,Westfield,VT
WF2,Westfield,Westfield,WI
WFR,Westford,Westford,MA
FHW,Westford,Westford,VT
QWH,Westhampton,Westhampton,NJ
FOK,Westhampton,Westhampton,NY
UWB,Westhampton Beach,Westhampton Beach,NY
WHP,Westhope,Westhope,ND
WQL,Westlake,Westlake,LA
WLX,Westlake,Westlake,OH
WK2,Westlake,Westlake,TX
WQV,Westlake Village,Westlake Village,CA
WTD,Westland,Westland,MI
QWY,Westley,Westley,CA
WMZ,Westminster,Westminster,CA
WME,Westminster,Westminster,CO
WMI,Westminster,Westminster,MA
WMD,Westminster,Westminster,MD
WMR,Westminster,Westminster,SC
RWM,Westminster,Westminster,TX
WCM,Westminster,Westminster,VT
WJO,Westmont,Westmont,IL
K5W,Westmoreland,Westmoreland,KS
W3M,Westmoreland,Westmoreland,NH
TRQ,Westmoreland,Westmoreland,NY
WML,Westmoreland,Westmoreland,PA
W2M,Westmoreland,Westmoreland,TN
WY9,Westmoreland City,Westmoreland City,PA
WSC,Weston,Weston,CT
WNO,Weston,Weston,FL
LY3,Weston,Weston,GA
WE3,Weston,Weston,ID
WS4,Weston,Weston,MA
IWE,Weston,Weston,MI
WSY,Weston,Weston,MO
OHE,Weston,Weston,OH
XOB,Weston,Weston,OR
7WN,Weston,Weston,VT
WZT,Weston,Weston,WI
WZE,Weston,Weston,WV
WY7,Weston,Weston,WY
WNM,Weston Mills,Weston Mills,NY
YTZ,Westover,Westover,AL
WXO,Westover,Westover,GA
ZXQ,Westover,Westover,MD
WPT,Westport,Westport,CA
WPR,Westport,Westport,CT
WP5,Westport,Westport,IN
WPE,Westport,Westport,MA
W6P,Westport,Westport,MD
WPP,Westport,Westport,PA
WP4,Westport,Westport,SD
WSZ,Westport,Westport,WA
ZWI,Westport Point,Westport Point,MA
WJS,Westside,Westside,IA
IOT,Westtown,Westtown,NY
ZTV,Westville,Westville,IL
WVK,Westville,Westville,IN
WVE,Westville,Westville,NJ
ZIY,Westville,Westville,OK
WWO,Westwego,Westwego,LA
3DC,Westwood,Westwood,CA
XOA,Westwood,Westwood,KS
VEW,Westwood,Westwood,MA
XOI,Westwood,Westwood,NJ
WPJ,Westwood Village,Westwood Village,CA
WRF,Wethersfield,Wethersfield,CT
UU2,Wetonka,Wetonka,SD
WUK,Wetumpka,Wetumpka,AL
VRQ,Wever,Wever,IA
W3W,Wewahitchka,Wewahitchka,FL
WUE,Wewoka,Wewoka,OK
WXD,Wexford,Wexford,PA
WWI,Weyauwega,Weyauwega,WI
U3V,Weybridge,Weybridge,VT
WGQ,Weyers Cave,Weyers Cave,VA
WEY,Weymouth,Weymouth,MA
W2Q,Whalan,Whalan,MN
WWP,Whale Pass,Whale Pass,AK
AE3,Whaleysville,Whaleysville,MD
WTQ,Wharton,Wharton,NJ
WHT,Wharton,Wharton,TX
YWH,Whately,Whately,MA
WQE,Wheat Ridge,Wheat Ridge,CO
FWH,Wheatfield,Wheatfield,IN
W3F,Wheatfield,Wheatfield,NY
W3D,Wheatland,Wheatland,IA
WGL,Wheatland,Wheatland,PA
WFW,Wheatland,Wheatland,WI
EAN,Wheatland,Wheatland,WY
WE4,Wheatley,Wheatley,AR
WHX,Wheaton,Wheaton,IL
WFA,Wheaton,Wheaton,MD
W3H,Wheaton,Wheaton,MN
EEE,Wheeler,Wheeler,MI
WHE,Wheeling,Wheeling,IL
HLG,Wheeling,Wheeling,WV
NUW,Whidbey Island,Whidbey Island,WA
W5G,Whigham,Whigham,GA
WHI,Whippany,Whippany,NJ
WZX,Whipple,Whipple,OH
PW7,Whispering Pines,Whispering Pines,NC
HTR,Whistler,Whistler,AL
WKT,Whitakers,Whitakers,NC
WUH,White,White,GA
YWX,White,White,GA
ZWT,White,White,SD
WTE,White Bear Lake,White Bear Lake,MN
WHB,White Bluff,White Bluff,TN
FWC,White Castle,White Castle,LA
WCY,White City,White City,OR
ECU,White Cloud,White Cloud,KS
WXC,White Cloud,White Cloud,MI
WD4,White Deer,White Deer,PA
IHJ,White Hall,White Hall,AR
WH6,White Hall,White Hall,IL
W2H,White Haven,White Haven,PA
WHU,White House,White House,TN
WEK,White Lake,White Lake,MI
W3L,White Lake,White Lake,NC
KKW,White Lake,White Lake,NY
XWE,White Lake,White Lake,WI
HIM,White Marsh,White Marsh,MD
WWM,White Marsh Station,White Marsh Station,MD
WMO,White Mountain,White Mountain,AK
W9T,White Oak,White Oak,MD
VDK,White Oak,White Oak,NC
WXB,White Oak,White Oak,PA
WTX,White Oak,White Oak,TX
WPI,White Pigeon,White Pigeon,MI
ZTP,White Pine,White Pine,MI
WH3,White Pine,White Pine,TN
W7P,White Plains,White Plains,KY
XWP,White Plains,White Plains,MD
WTS,White Plains,White Plains,NY
W2P,White Post,White Post,VA
WTR,White River,White River,AZ
IRI,White River,White River,SD
WVT,White River Junction,White River Junction,VT
LEB,White River-Hanover-Lebanon Apt,White River-Hanover-Lebanon Apt,VT
TCK,White Rock,White Rock,NM
WEI,White Salmon,White Salmon,WA
WSD,White Sands,White Sands,NM
IYT,White Settlement,White Settlement,TX
WTH,White Springs,White Springs,FL
WJE,White Stone,White Stone,SC
2WS,White Stone,White Stone,VA
W6S,White Sulphur Springs,White Sulphur Springs,MT
SSU,White Sulphur Springs,White Sulphur Springs,WV
WZW,White Swan,White Swan,WA
9WF,Whitefield,Whitefield,ME
HIE,Whitefield,Whitefield,NH
WXI,Whitefish,Whitefish,MT
IFD,Whiteford,Whiteford,MD
WMQ,Whitehall,Whitehall,MI
2MA,Whitehall,Whitehall,MT
WHN,Whitehall,Whitehall,NY
TTL,Whitehall,Whitehall,OH
WHY,Whitehall,Whitehall,PA
WHW,Whitehall,Whitehall,WI
NEN,Whitehouse,Whitehouse,FL
ZWH,Whitehouse,Whitehouse,NJ
WWS,Whitehouse,Whitehouse,OH
OUJ,Whitehouse,Whitehouse,TX
WS6,Whitehouse Station,Whitehouse Station,NJ
ITL,Whiteland,Whiteland,IN
2WA,Whitelaw,Whitelaw,WI
IIK,Whiteriver,Whiteriver,AZ
WC5,Whites Creek,Whites Creek,TN
WH2,Whitesboro,Whitesboro,NY
WH8,Whitesboro,Whitesboro,TX
BRG,Whitesburg,Whitesburg,KY
XWH,Whitesburg,Whitesburg,TN
ZWS,Whitestone,Whitestone,GA
WHO,Whitestone/Queens/New York,Whitestone/Queens/New York,NY
XWT,Whitestown,Whitestown,IN
WVG,Whitesville,Whitesville,SC
WHV,Whitesville,Whitesville,WV
WHS,Whitetail,Whitetail,MT
WVN,Whiteville,Whiteville,NC
WV9,Whiteville,Whiteville,TN
DXA,Whitewater,Whitewater,CA
W7T,Whitewater,Whitewater,CO
WW5,Whitewater,Whitewater,MO
WWQ,Whitewater,Whitewater,WI
W9H,Whitewright,Whitewright,TX
WHG,Whiting,Whiting,IN
W2T,Whiting,Whiting,ME
5WH,Whiting,Whiting,VT
WTI,Whiting,Whiting,WI
7WG,Whitingham,Whitingham,VT
WXM,Whitinsville,Whitinsville,MA
WHL,Whitlash,Whitlash,MT
W2K,Whitley City,Whitley City,KY
WJI,Whitlock,Whitlock,TN
WQA,Whitman,Whitman,MA
IAQ,Whitman,Whitman,WV
IWM,Whitmire,Whitmire,SC
WMP,Whitmore Lake,Whitmore Lake,MI
WHK,Whitner,Whitner,KY
WT5,Whitney,Whitney,TX
ITE,Whitsett,Whitsett,NC
WT6,Whitsett,Whitsett,TX
W4M,Whittemore,Whittemore,IA
ITM,Whittemore,Whittemore,MI
WQF,Whittier,Whittier,AK
WHR,Whittier,Whittier,CA
VHT,Whittier,Whittier,NC
WUG,Whittington,Whittington,IL
W2L,Whitwell,Whitwell,TN
ICT,Wichita,Wichita,KS
SPS,Wichita Falls,Wichita Falls,TX
APW,Wickenburg,Wickenburg,AZ
WCP,Wicker Park,Wicker Park,IL
IKC,Wickett,Wickett,TX
WKY,Wickliffe,Wickliffe,KY
WIC,Wickliffe,Wickliffe,OH
WC4,Wicomico Church,Wicomico Church,VA
IDR,Widener,Widener,AR
WGG,Wiggins,Wiggins,CO
GGI,Wiggins,Wiggins,MS
WI3,Wilber,Wilber,NE
5WR,Wilbraham,Wilbraham,MA
XNN,Wilburton,Wilburton,OK
YWI,Wilcox,Wilcox,PA
WIJ,Wilder,Wilder,ID
WII,Wilder,Wilder,KY
VTD,Wilder,Wilder,VT
2WW,Wildersville,Wildersville,TN
XNT,Wildes Corner,Wildes Corner,RI
IOM,Wildomar,Wildomar,CA
WWF,Wildwood,Wildwood,FL
WQD,Wildwood,Wildwood,MO
WWD,Wildwood,Wildwood,NJ
IOD,Wildwood,Wildwood,PA
WBE,Wilkes-Barre,Wilkes-Barre,PA
AVP,Wilkes-Barre/Scranton Apt,Wilkes-Barre/Scranton Apt,PA
IKB,Wilkesboro,Wilkesboro,NC
WKV,Wilkesville,Wilkesville,OH
WIK,Wilkins,Wilkins,SC
W4K,Wilkinsburg,Wilkinsburg,PA
WKM,Wilkinsonville,Wilkinsonville,MA
YWA,Willacoochee,Willacoochee,GA
WIR,Willamette City,Willamette City,OR
WIH,Willapa,Willapa,WA
IWL,Willard,Willard,MO
ZWJ,Willard,Willard,NM
WLA,Willard,Willard,OH
R6T,Willard,Willard,UT
ICX,Willcox,Willcox,AZ
IFM,Williams,Williams,AZ
IIW,Williams,Williams,CA
IMS,Williams,Williams,MN
WL7,Williams,Williams,OR
WIA,Williams,Williams,TX
3AY,Williams Bay,Williams Bay,WI
WUS,Williamsburg,Williamsburg,IA
WBK,Williamsburg,Williamsburg,KY
IMU,Williamsburg,Williamsburg,MA
QWZ,Williamsburg,Williamsburg,MI
WUZ,Williamsburg,Williamsburg,OH
W54,Williamsburg,Williamsburg,PA
WLG,Williamsburg,Williamsburg,VA
WGY,Williamsburg/Brooklyn/New York,Williamsburg/Brooklyn/New York,NY
PHF,Williamsburg-Newport News-Hampton Apt,Williamsburg-Newport News-Hampton Apt,VA
WDL,Williamson,Williamson,GA
WIS,Williamson,Williamson,NY
WFP,Williamsport,Williamsport,MD
IPT,Williamsport,Williamsport,PA
IIM,Williamston,Williamston,MI
WQX,Williamston,Williamston,NC
WWL,Williamston,Williamston,SC
WS8,Williamstown,Williamstown,KY
WMS,Williamstown,Williamstown,MA
WZJ,Williamstown,Williamstown,NJ
ZJM,Williamstown,Williamstown,NY
WZP,Williamstown,Williamstown,PA
XWW,Williamstown,Williamstown,VT
YWS,Williamstown,Williamstown,WV
IIA,Williamsville,Williamsville,NY
XZW,Willianstown,Willianstown,NY
QWL,Willimantic,Willimantic,CT
WLO,Willingboro,Willingboro,NJ
IGV,Willington,Willington,CT
ZFU,Willington,Willington,SC
IIS,Willis,Willis,MI
WYX,Willis,Willis,TX
W8K,Willisburg,Willisburg,KY
WIT,Williston,Williston,FL
ISN,Williston,Williston,ND
UZN,Williston,Williston,SC
WI4,Williston,Williston,TN
WIL,Williston,Williston,VT
W4L,Williston Park,Williston Park,NY
VVS,Willisville,Willisville,AR
WZI,Willits,Willits,CA
ILL,Willmar,Willmar,MN
LNN,Willoughby,Willoughby,OH
WOW,Willow,Willow,AK
WXL,Willow,Willow,OK
WIB,Willow Brook,Willow Brook,IL
WVU,Willow Creek,Willow Creek,CA
WK8,Willow Creek,Willow Creek,MT
NXX,Willow Grove,Willow Grove,PA
IWW,Willow Hill,Willow Hill,PA
WWY,Willow Island,Willow Island,WV
W26,Willow Park,Willow Park,TX
WRU,Willow Run,Willow Run,MI
YIP,Willow Run Apt/Detroit,Willow Run Apt/Detroit,MI
IWS,Willow Spring,Willow Spring,NC
WZG,Willow Springs,Willow Springs,IL
ZWO,Willow Springs,Willow Springs,MO
5WS,Willow Street,Willow Street,PA
WIW,Willow Wood,Willow Wood,OH
WVW,Willowbrook,Willowbrook,CA
WOP,"Willowbrook, DuPage","Willowbrook, DuPage",IL
WLW,Willows,Willows,CA
WPB,Wills Point,Wills Point,NJ
ILS,Wills Point,Wills Point,TX
WSI,Willsboro,Willsboro,NY
VAW,Willston,Willston,VA
WMA,Wilma,Wilma,WA
WXR,Wilmer,Wilmer,TX
IME,Wilmerding,Wilmerding,PA
XTT,Wilmette,Wilmette,IL
WTN,Wilmington,Wilmington,CA
ILG,Wilmington,Wilmington,DE
WQG,Wilmington,Wilmington,IL
WOM,Wilmington,Wilmington,MA
ILM,Wilmington,Wilmington,NC
IZG,Wilmington,Wilmington,NY
ILN,Wilmington,Wilmington,OH
IMG,Wilmington,Wilmington,VA
WMT,Wilmington,Wilmington,VT
W6M,Wilmore,Wilmore,KY
ZFS,Wilmot,Wilmot,NH
WT7,Wilmot,Wilmot,WI
WIQ,Wilson,Wilson,AR
WZO,Wilson,Wilson,MI
WSO,Wilson,Wilson,NC
8LS,Wilson,Wilson,NY
WQI,Wilson,Wilson,TX
IOF,Wilson,Wilson,WI
W5L,Wilson,Wilson,WY
WV8,Wilsonville,Wilsonville,AL
WL9,Wilsonville,Wilsonville,IL
WJX,Wilsonville,Wilsonville,OR
UWO,Wilton,Wilton,CA
QCW,Wilton,Wilton,CT
IOV,Wilton,Wilton,IA
WYT,Wilton,Wilton,ME
WIO,Wilton,Wilton,NH
WIM,Wilton,Wilton,NY
WT8,Wilton,Wilton,WI
WM8,Wilton Manors,Wilton Manors,FL
WIU,Wimauma,Wimauma,FL
WJB,Wimberley,Wimberley,TX
W9B,Wimbledon,Wimbledon,ND
WLZ,Winamac,Winamac,IN
YXW,Winburne,Winburne,PA
WCD,Winchendon,Winchendon,MA
IHR,Winchester,Winchester,CA
IHS,Winchester,Winchester,IL
WCS,Winchester,Winchester,IN
WIN,Winchester,Winchester,KY
IHT,Winchester,Winchester,MA
WCH,Winchester,Winchester,NH
WFZ,Winchester,Winchester,OH
WCV,Winchester,Winchester,TN
WGO,Winchester,Winchester,VA
YST,Winchester,Winchester,WA
WCC,Winchester Center,Winchester Center,CT
WNG,Wind Gap,Wind Gap,PA
W56,Wind Ridge,Wind Ridge,PA
WID,Windber,Windber,PA
WDR,Winder,Winder,GA
WMY,Windermere,Windermere,FL
WF4,Windfall,Windfall,IN
WMJ,Windham,Windham,CT
6DW,Windham,Windham,ME
WKH,Windham,Windham,NH
WHM,Windham,Windham,OH
DHM,Windham Hill,Windham Hill,ME
W7M,Windom,Windom,KS
MWM,Windom,Windom,MN
WOX,Windsor,Windsor,CA
WSR,Windsor,Windsor,CO
WND,Windsor,Windsor,CT
DZS,Windsor,Windsor,IL
5WO,Windsor,Windsor,MA
QZJ,Windsor,Windsor,ME
6MO,Windsor,Windsor,MO
WNJ,Windsor,Windsor,NJ
XNS,Windsor,Windsor,NY
OW6,Windsor,Windsor,SC
XWN,Windsor,Windsor,VA
WIV,Windsor,Windsor,VT
XOC,Windsor,Windsor,WI
W5H,Windsor Heights,Windsor Heights,IA
ZRI,Windsor Heights,Windsor Heights,WV
WLC,Windsor Locks,Windsor Locks,CT
BDL,Windsor Locks-Hartford Apt,Windsor Locks-Hartford Apt,CT
WM9,Windsor Mill,Windsor Mill,MD
INB,"Windsor, Bertie","Windsor, Bertie",NC
IW3,Windthorst,Windthorst,TX
2HO,Winesburg,Winesburg,OH
IAU,Winfall,Winfall,NC
WIF,Winfield,Winfield,AL
NFV,Winfield,Winfield,IL
WLD,Winfield,Winfield,KS
WFV,Winfield,Winfield,PA
WXF,Winfield,Winfield,TN
INF,Winfield,Winfield,TX
WF9,Winfield,Winfield,WV
XWG,Wingate,Wingate,NC
WGX,Wingate,Wingate,TX
IGP,Wingdale,Wingdale,NY
WJ2,Winger,Winger,MN
INK,Wink,Wink,TX
WQW,Winlock,Winlock,WA
3NN,Winn,Winn,ME
WQM,Winn,Winn,MI
WNN,Winnebago,Winnebago,IL
NGX,Winnebago,Winnebago,NE
WGB,"Winnebago, Faribault","Winnebago, Faribault",MN
YEC,Winneconne,Winneconne,WI
WMC,Winnemucca,Winnemucca,NV
XWZ,Winner,Winner,SD
QW2,Winnetka,Winnetka,CA
ZTK,Winnetka,Winnetka,IL
WFN,Winnfield,Winnfield,LA
WXE,Winnie,Winnie,TX
WYL,Winnsboro,Winnsboro,LA
WNB,Winnsboro,Winnsboro,SC
WJJ,Winnsboro,Winnsboro,TX
WI5,Winokur,Winokur,GA
ONA,Winona,Winona,MN
WN7,Winona,Winona,MS
WN9,Winona,Winona,TX
WNK,Winooski,Winooski,VT
INW,Winslow,Winslow,AZ
WW7,Winslow,Winslow,IL
WSE,Winslow,Winslow,ME
6NJ,Winslow,Winslow,NJ
WNS,Winsted,Winsted,CT
WJN,Winsted,Winsted,MN
VSN,Winston,Winston,GA
8AN,Winston,Winston,MT
WXT,Winston,Winston,NM
WQT,Winston,Winston,OR
INT,Winston Salem,Winston Salem,NC
WTG,Winter Garden,Winter Garden,FL
WH5,Winter Harbor,Winter Harbor,ME
GIF,Winter Haven,Winter Haven,FL
WIP,Winter Park,Winter Park,CO
WPK,Winter Park,Winter Park,FL
ZIW,Winter Springs,Winter Springs,FL
8WE,Wintergreen,Wintergreen,VA
TVA,Winterhaven,Winterhaven,CA
WIE,Winterport,Winterport,ME
IES,Winters,Winters,CA
IZR,Winters,Winters,TX
WNT,Winterset,Winterset,IA
WQZ,Wintersville,Wintersville,OH
WRP,Winterthur,Winterthur,DE
WNL,Winterville,Winterville,GA
TRW,Winterville,Winterville,NC
WT9,Winthrop,Winthrop,AR
YWT,Winthrop,Winthrop,IA
IHP,Winthrop,Winthrop,MA
IRP,Winthrop,Winthrop,ME
WIG,Winthrop,Winthrop,MN
WPX,Winthrop Harbor,Winthrop Harbor,IL
WXZ,Winton,Winton,CA
5WT,Winton,Winton,MN
TWQ,Winton,Winton,NC
VWW,Wirtz,Wirtz,VA
ISS,Wiscasset,Wiscasset,ME
WNF,Wisconsin Dells,Wisconsin Dells,WI
ISW,Wisconsin Rapids,Wisconsin Rapids,WI
LNP,Wise,Wise,VA
WXK,Wishek,Wishek,ND
WIZ,Wissahickon,Wissahickon,PA
JTR,Wister,Wister,OK
W44,Withee,Withee,WI
WB2,Wittenberg,Wittenberg,WI
4WM,Wittman,Wittman,MD
WTJ,Wittmann,Wittmann,AZ
WIX,Wixom,Wixom,MI
WBN,Woburn,Woburn,MA
XWO,Wolcott,Wolcott,CT
OJO,Wolcott,Wolcott,IN
OOT,Wolcott,Wolcott,NY
8WT,Wolcott,Wolcott,VT
TIE,Wolcottville,Wolcottville,IN
WZB,Wolf Creek,Wolf Creek,KY
WL8,Wolf Lake,Wolf Lake,IL
OLF,Wolf Point,Wolf Point,MT
V67,Wolfe City,Wolfe City,TX
WFB,Wolfeboro,Wolfeboro,NH
WOF,Wolfforth,Wolfforth,TX
WDF,Womelsdorf,Womelsdorf,PA
QOK,Wonder Lake,Wonder Lake,IL
WOG,Wonewoc,Wonewoc,WI
WDD,Wood Dale,Wood Dale,IL
WRV,Wood River,Wood River,IL
WR7,Wood River,Wood River,NE
WJU,Wood River Junction,Wood River Junction,RI
WUV,Wood Village,Wood Village,OR
8DC,Woodacre,Woodacre,CA
OO4,Woodbine,Woodbine,GA
OOD,Woodbine,Woodbine,MD
WB8,Woodbine,Woodbine,NJ
WB6,Woodbourne,Woodbourne,NY
W9R,Woodbridge,Woodbridge,CA
WOB,Woodbridge,Woodbridge,CT
WBZ,Woodbridge,Woodbridge,NJ
WBX,Woodbridge,Woodbridge,VA
WUB,Woodburn,Woodburn,IN
TVN,Woodburn,Woodburn,KY
WBJ,Woodburn,Woodburn,OR
XNO,Woodbury,Woodbury,CT
ZYB,Woodbury,Woodbury,GA
WDY,Woodbury,Woodbury,MN
WOJ,Woodbury,Woodbury,NJ
8TT,Woodbury,Woodbury,NY
QDB,Woodbury,Woodbury,TN
7WY,Woodbury,Woodbury,VT
WDU,"Woodbury, Nassau","Woodbury, Nassau",NY
8WL,Woodcliff Lakes,Woodcliff Lakes,NJ
UO4,Woodfin,Woodfin,NC
WFC,Woodford,Woodford,AL
WJD,Woodford,Woodford,VA
WO7,Woodgate,Woodgate,NY
DHV,Woodhaven,Woodhaven,MI
VHW,Woodhaven,Woodhaven,NY
WXU,Woodhull,Woodhull,IL
ODU,Woodhull,Woodhull,NY
WDV,Woodinville,Woodinville,WA
WUL,Woodlake,Woodlake,CA
WO2,Woodland,Woodland,AL
WDQ,Woodland,Woodland,CA
9WO,Woodland,Woodland,ME
8PL,Woodland,Woodland,MS
ZND,Woodland,Woodland,PA
WUX,Woodland,Woodland,WA
WPD,Woodland Hills,Woodland Hills,CA
NIS,Woodland Hills,Woodland Hills,UT
OPR,Woodland Park,Woodland Park,CO
DP8,Woodland Park,Woodland Park,NJ
WDI,Woodlawn,Woodlawn,IL
W2N,Woodlawn,Woodlawn,MD
WON,Woodlawn,Woodlawn,OH
KWL,Woodlawn,Woodlawn,TN
3OO,Woodlawn,Woodlawn,TX
WK7,Woodman,Woodman,KY
8XC,Woodmere,Woodmere,NY
8XD,Woodmere,Woodmere,OH
WRQ,Woodridge,Woodridge,DC
WOQ,Woodridge,Woodridge,IL
YWG,Woodridge,Woodridge,NY
UZI,Wood-Ridge,Wood-Ridge,NJ
WOU,Woodruff,Woodruff,SC
W2R,Woodruff,Woodruff,WI
DSS,Woods Cross,Woods Cross,UT
WOH,Woods Hole,Woods Hole,MA
XNY,Woods Mill,Woods Mill,NY
QWQ,Woodsboro,Woodsboro,MD
DBK,Woodsboro,Woodsboro,TX
W5F,Woodsfield,Woodsfield,OH
WDZ,Woodside,Woodside,CA
WD5,Woodside,Woodside,DE
WOS,Woodside/Queens/New York,Woodside/Queens/New York,NY
VTR,Woodson Terrace/St Louis,Woodson Terrace/St Louis,MO
WOK,Woodstock,Woodstock,AL
WDS,Woodstock,Woodstock,CT
WOY,Woodstock,Woodstock,GA
WOZ,Woodstock,Woodstock,IL
WQK,Woodstock,Woodstock,IN
WDK,Woodstock,Woodstock,MD
ZW3,Woodstock,Woodstock,NH
WO3,Woodstock,Woodstock,NY
WUD,Woodstock,Woodstock,TN
WD6,Woodstock,Woodstock,VA
WK6,Woodstock,Woodstock,VT
5WD,Woodstock Valley,Woodstock Valley,CT
WDO,Woodstown,Woodstown,NJ
WOV,Woodsville,Woodsville,NH
WOE,Woodville,Woodville,MS
WV4,Woodville,Woodville,OH
WV7,Woodville,Woodville,TX
WJV,Woodville,Woodville,WI
UWW,Woodward,Woodward,IA
WWR,Woodward,Woodward,OK
DWY,Woodway,Woodway,TX
WUF,Woodway,Woodway,WA
W2W,Woodworth,Woodworth,LA
YWR,Woolrich,Woolrich,PA
8WW,Woolwich,Woolwich,ME
W4W,Woolwich Township,Woolwich Township,NJ
SFN,Woonsocket,Woonsocket,RI
OSK,Woonsocket,Woonsocket,SD
OEF,Woorburn,Woorburn,KY
BJJ,Wooster,Wooster,OH
W3C,Worcestar,Worcestar,MA
ORH,Worcester,Worcester,MA
WOC,Worcester,Worcester,NY
KOW,Worcester,Worcester,PA
W7C,Worcester,Worcester,VT
WI2,Worden,Worden,IL
WRL,Worland,Worland,WY
6OC,Woronoco,Woronoco,MA
WRH,Worth,Worth,IL
WRX,Wortham,Wortham,TX
W8D,Worthing,Worthing,SD
JTI,Worthington,Worthington,IN
W4T,Worthington,Worthington,KY
OTG,Worthington,Worthington,MN
WGH,Worthington,Worthington,OH
VWH,Worthington,Worthington,PA
ZWG,Worthington,Worthington,WV
OHT,Worthington Center,Worthington Center,MA
WG4,Worthington Springs,Worthington Springs,FL
WO8,Worton,Worton,MD
WRG,Wrangell,Wrangell,AK
W5R,Wray,Wray,CO
WRJ,Wray,Wray,GA
WN2,Wren,Wren,MS
UZM,Wrens,Wrens,GA
WLL,Wrenshall,Wrenshall,MN
WX2,Wrentham,Wrentham,MA
IGF,Wright,Wright,KS
WGJ,Wright,Wright,WY
WCU,Wright City,Wright City,MO
W9U,Wright City,Wright City,TX
RW5,Wright-Patterson,Wright-Patterson,OH
WGZ,Wrightstown,Wrightstown,NJ
WXS,Wrightstown,Wrightstown,WI
WVF,Wrightsville,Wrightsville,GA
XOG,Wrightsville,Wrightsville,PA
WGC,Wrightsville Beach,Wrightsville Beach,NC
WNW,Wrightwood,Wrightwood,CA
WUR,Wurtland,Wurtland,KY
TWO,Wurtsboro,Wurtsboro,NY
WYC,Wyalusing,Wyalusing,PA
XWY,Wyandanch,Wyandanch,NY
WYD,Wyandotte,Wyandotte,MI
YAE,Wyanet,Wyanet,IL
XYT,Wyatt,Wyatt,IN
ZWK,Wyckoff,Wyckoff,NJ
WM6,Wye Mills,Wye Mills,MD
WYI,Wyemills,Wyemills,MD
KFF,Wykoff,Wykoff,MN
WYH,Wylie,Wylie,TX
YN4,Wynantskill,Wynantskill,NY
BQ9,Wyncote,Wyncote,PA
WYQ,Wynne,Wynne,AR
W9W,Wynnewood,Wynnewood,OK
QWW,Wynnewood,Wynnewood,PA
WVX,Wyoming,Wyoming,DE
YOJ,Wyoming,Wyoming,IL
WYM,Wyoming,Wyoming,MI
YZM,Wyoming,Wyoming,MN
YOM,Wyoming,Wyoming,NY
WYP,Wyoming,Wyoming,PA
YMG,Wyoming,Wyoming,RI
WYW,Wyoming,Wyoming,WI
WGP,Wyomissing,Wyomissing,PA
WY4,Wysox,Wysox,PA
WEV,Wytheville,Wytheville,VA
XOL,Xenia,Xenia,OH
Y9O,Yachats,Yachats,OR
YA2,Yacolt,Yacolt,WA
YAD,Yadkinville,Yadkinville,NC
YKM,Yakima,Yakima,WA
YAK,Yakutat,Yakutat,AK
YAL,Yale,Yale,MI
IYA,Yale,Yale,OK
Y4L,Yale,Yale,VA
YVE,Yalesville,Yalesville,CT
YHJ,Yamhill,Yamhill,OR
YCY,Yanceyville,Yanceyville,NC
YKN,Yankton,Yankton,SD
YNI,Yantic,Yantic,CT
YNK,Yaphank,Yaphank,NY
YAP,Yardley,Yardley,PA
YDV,Yardville,Yardville,NJ
YOH,Yarmouth,Yarmouth,IA
YAH,Yarmouth,Yarmouth,MA
YAR,Yarmouth,Yarmouth,ME
YMP,Yarmouth Port,Yarmouth Port,MA
YAT,Yatesboro,Yatesboro,PA
YAZ,Yazoo City,Yazoo City,MS
YVN,Yeadon,Yeadon,PA
YT7,Yeagertown,Yeagertown,PA
YS7,Yellow Springs,Yellow Springs,OH
YEL,Yellville,Yellville,AR
YYE,Yelm,Yelm,WA
YMA,Yemassee,Yemassee,SC
EYR,Yerington,Yerington,NV
YOY,Yermo,Yermo,CA
YOA,Yoakum,Yoakum,TX
YDR,Yoder,Yoder,IN
YEO,Yoe,Yoe,PA
YOK,Yoke Bay,Yoke Bay,AK
YOO,Yolo,Yolo,CA
YON,Yonkers,Yonkers,NY
YBL,Yorba Linda,Yorba Linda,CA
YRK,York,York,AL
YKY,York,York,KY
YO2,York,York,ME
YRN,York,York,NE
YK8,York,York,NY
THV,York,York,PA
YOR,York,York,SC
YKB,York Beach,York Beach,ME
ZYH,York Harbor,York Harbor,ME
YRH,York Haven,York Haven,PA
YS8,York Springs,York Springs,PA
YK9,Yorketown,Yorketown,NJ
YRL,Yorklyn,Yorklyn,DE
YYH,Yorkshire,Yorkshire,OH
YRT,Yorktown,Yorktown,IN
YKT,Yorktown,Yorktown,TX
YKW,Yorktown,Yorktown,VA
YKH,Yorktown Heights,Yorktown Heights,NY
C7Q,Yorkville,Yorkville,CA
YRV,Yorkville,Yorkville,IL
ZJU,Yorkville,Yorkville,NY
YW7,Yorkville,Yorkville,WI
OYS,Yosemite Ntl Park,Yosemite Ntl Park,CA
YAC,Young America,Young America,MN
YTW,Youngstown,Youngstown,NY
YNG,Youngstown,Youngstown,OH
YUT,Youngstown,Youngstown,PA
YGV,Youngsville,Youngsville,LA
YVL,Youngsville,Youngsville,NC
YOU,Youngsville,Youngsville,PA
YGW,Youngwood,Youngwood,PA
YTV,Yountville,Yountville,CA
YPS,Ypsilanti,Ypsilanti,MI
RKC,Yreka,Yreka,CA
YUB,Yuba City,Yuba City,CA
YUC,Yucaipa,Yucaipa,CA
YCC,Yucca,Yucca,AZ
UCC,Yucca Flat,Yucca Flat,NV
YAV,Yucca Valley,Yucca Valley,CA
YKO,Yukon,Yukon,OK
YUL,Yulee,Yulee,FL
YUM,Yuma,Yuma,AZ
UM2,Yuma,Yuma,CO
NYN,Yutan,Yutan,NE
KZB,Zachar Bay,Zachar Bay,AK
ZQK,Zachary,Zachary,LA
8PR,Zamora,Zamora,CA
8UR,Zanesfield,Zanesfield,OH
ZZV,Zanesville,Zanesville,OH
ZTA,Zapata,Zapata,TX
ZEA,Zearing,Zearing,IA
ZSF,Zebulon,Zebulon,GA
ZBL,Zebulon,Zebulon,NC
ZLD,Zeeland,Zeeland,MI
ZLA,Zeeland,Zeeland,ND
ZEL,Zelienople,Zelienople,PA
ZWD,Zellwood,Zellwood,FL
ZDA,Zenda,Zenda,WI
ZFC,Zephyr Cove,Zephyr Cove,NV
ZPH,Zephyrhills,Zephyrhills,FL
ZGL,Zieglerville,Zieglerville,PA
ZIL,Zillah,Zillah,WA
ZIE,Zimmerman,Zimmerman,MN
ZIO,Zion,Zion,IL
ZZL,Zionsville,Zionsville,IN
ZYV,Zionsville,Zionsville,PA
ZNL,Zionville,Zionville,NC
ZR9,Zirconia,Zirconia,NC
IZI,Zita,Zita,TX
Z9T,Zitlaltepec,Zitlaltepec,NM
ZPS,Zolfo Springs,Zolfo Springs,FL
ZUL,Zullinger,Zullinger,PA
ZF7,Zumbro Fall,Zumbro Fall,MN
ZUM,Zumbrota,Zumbrota,MN
ZWL,Zwolle,Zwolle,LA
